26-08-01 15:07:37.994 [background-preinit] INFO  o.h.validator.internal.util.Version - HV000001: Hibernate Validator 8.0.1.Final
26-08-01 15:07:38.074 [main] INFO  c.s.m.discodeit.DiscodeitApplication - Starting DiscodeitApplication using Java 17.0.19 with PID 83446 (/Users/jangjunseo/Desktop/codei_13th_develop/13-sprint-mission/build/classes/java/main started by jangjunseo in /Users/jangjunseo/Desktop/codei_13th_develop/13-sprint-mission)
26-08-01 15:07:38.075 [main] INFO  c.s.m.discodeit.DiscodeitApplication - The following 1 profile is active: "dev"
26-08-01 15:07:39.558 [main] INFO  o.s.d.r.c.RepositoryConfigurationDelegate - Bootstrapping Spring Data JPA repositories in DEFAULT mode.
26-08-01 15:07:39.619 [main] INFO  o.s.d.r.c.RepositoryConfigurationDelegate - Finished Spring Data repository scanning in 52 ms. Found 6 JPA repository interfaces.
26-08-01 15:07:40.115 [main] INFO  o.s.b.w.e.tomcat.TomcatWebServer - Tomcat initialized with port 8080 (http)
26-08-01 15:07:40.123 [main] INFO  o.a.coyote.http11.Http11NioProtocol - Initializing ProtocolHandler ["http-nio-8080"]
26-08-01 15:07:40.124 [main] INFO  o.a.catalina.core.StandardService - Starting service [Tomcat]
26-08-01 15:07:40.124 [main] INFO  o.a.catalina.core.StandardEngine - Starting Servlet engine: [Apache Tomcat/10.1.33]
26-08-01 15:07:40.152 [main] INFO  o.a.c.c.C.[Tomcat].[localhost].[/] - Initializing Spring embedded WebApplicationContext
26-08-01 15:07:40.152 [main] INFO  o.s.b.w.s.c.ServletWebServerApplicationContext - Root WebApplicationContext: initialization completed in 1998 ms
26-08-01 15:07:40.280 [main] INFO  com.zaxxer.hikari.HikariDataSource - HikariPool-1 - Starting...
26-08-01 15:07:40.385 [main] INFO  com.zaxxer.hikari.pool.HikariPool - HikariPool-1 - Added connection org.postgresql.jdbc.PgConnection@b77b0a0
26-08-01 15:07:40.386 [main] INFO  com.zaxxer.hikari.HikariDataSource - HikariPool-1 - Start completed.
26-08-01 15:07:40.445 [main] INFO  o.h.jpa.internal.util.LogHelper - HHH000204: Processing PersistenceUnitInfo [name: default]
26-08-01 15:07:40.488 [main] INFO  org.hibernate.Version - HHH000412: Hibernate ORM core version 6.6.2.Final
26-08-01 15:07:40.513 [main] INFO  o.h.c.i.RegionFactoryInitiator - HHH000026: Second-level cache disabled
26-08-01 15:07:40.684 [main] INFO  o.s.o.j.p.SpringPersistenceUnitInfo - No LoadTimeWeaver setup: ignoring JPA class transformer
26-08-01 15:07:40.849 [main] INFO  o.hibernate.orm.connections.pooling - HHH10001005: Database info:
	Database JDBC URL [Connecting through datasource 'HikariDataSource (HikariPool-1)']
	Database driver: undefined/unknown
	Database version: 17.10
	Autocommit mode: undefined/unknown
	Isolation level: undefined/unknown
	Minimum pool size: undefined/unknown
	Maximum pool size: undefined/unknown
26-08-01 15:07:41.540 [main] INFO  o.h.e.t.j.p.i.JtaPlatformInitiator - HHH000489: No JTA platform available (set 'hibernate.transaction.jta.platform' to enable JTA platform integration)
26-08-01 15:07:41.648 [main] INFO  o.s.o.j.LocalContainerEntityManagerFactoryBean - Initialized JPA EntityManagerFactory for persistence unit 'default'
26-08-01 15:07:42.341 [main] INFO  o.s.b.a.w.s.WelcomePageHandlerMapping - Adding welcome page: class path resource [static/index.html]
26-08-01 15:07:42.854 [main] INFO  o.s.b.a.e.web.EndpointLinksResolver - Exposing 4 endpoints beneath base path '/actuator'
26-08-01 15:07:42.896 [main] INFO  o.a.coyote.http11.Http11NioProtocol - Starting ProtocolHandler ["http-nio-8080"]
26-08-01 15:07:42.908 [main] INFO  o.s.b.w.e.tomcat.TomcatWebServer - Tomcat started on port 8080 (http) with context path '/'
26-08-01 15:07:42.919 [main] INFO  c.s.m.discodeit.DiscodeitApplication - Started DiscodeitApplication in 5.784 seconds (process running for 6.433)
26-08-01 15:07:43.482 [RMI TCP Connection(4)-127.0.0.1] INFO  o.a.c.c.C.[Tomcat].[localhost].[/] - Initializing Spring DispatcherServlet 'dispatcherServlet'
26-08-01 15:07:43.483 [RMI TCP Connection(4)-127.0.0.1] INFO  o.s.web.servlet.DispatcherServlet - Initializing Servlet 'dispatcherServlet'
26-08-01 15:07:43.484 [RMI TCP Connection(4)-127.0.0.1] INFO  o.s.web.servlet.DispatcherServlet - Completed initialization in 1 ms
26-08-01 15:21:20.427 [HikariPool-1 housekeeper] WARN  com.zaxxer.hikari.pool.HikariPool - HikariPool-1 - Thread starvation or clock leap detected (housekeeper delta=1m9s723ms).
26-08-01 15:21:43.717 [SpringApplicationShutdownHook] INFO  o.s.b.w.e.tomcat.GracefulShutdown - Commencing graceful shutdown. Waiting for active requests to complete
26-08-01 15:21:43.791 [tomcat-shutdown] INFO  o.s.b.w.e.tomcat.GracefulShutdown - Graceful shutdown complete
26-08-01 15:21:43.884 [SpringApplicationShutdownHook] INFO  o.s.o.j.LocalContainerEntityManagerFactoryBean - Closing JPA EntityManagerFactory for persistence unit 'default'
26-08-01 15:21:43.962 [SpringApplicationShutdownHook] INFO  com.zaxxer.hikari.HikariDataSource - HikariPool-1 - Shutdown initiated...
26-08-01 15:21:43.980 [SpringApplicationShutdownHook] INFO  com.zaxxer.hikari.HikariDataSource - HikariPool-1 - Shutdown completed.
26-08-01 15:23:21.977 [background-preinit] INFO  o.h.validator.internal.util.Version - HV000001: Hibernate Validator 8.0.1.Final
26-08-01 15:23:22.010 [main] INFO  c.s.m.discodeit.DiscodeitApplication - Starting DiscodeitApplication using Java 17.0.19 with PID 83775 (/Users/jangjunseo/Desktop/codei_13th_develop/13-sprint-mission/build/classes/java/main started by jangjunseo in /Users/jangjunseo/Desktop/codei_13th_develop/13-sprint-mission)
26-08-01 15:23:22.010 [main] INFO  c.s.m.discodeit.DiscodeitApplication - The following 1 profile is active: "dev"
26-08-01 15:23:22.780 [main] INFO  o.s.d.r.c.RepositoryConfigurationDelegate - Bootstrapping Spring Data JPA repositories in DEFAULT mode.
26-08-01 15:23:22.822 [main] INFO  o.s.d.r.c.RepositoryConfigurationDelegate - Finished Spring Data repository scanning in 35 ms. Found 6 JPA repository interfaces.
26-08-01 15:23:23.303 [main] INFO  o.s.b.w.e.tomcat.TomcatWebServer - Tomcat initialized with port 8080 (http)
26-08-01 15:23:23.310 [main] INFO  o.a.coyote.http11.Http11NioProtocol - Initializing ProtocolHandler ["http-nio-8080"]
26-08-01 15:23:23.311 [main] INFO  o.a.catalina.core.StandardService - Starting service [Tomcat]
26-08-01 15:23:23.311 [main] INFO  o.a.catalina.core.StandardEngine - Starting Servlet engine: [Apache Tomcat/10.1.33]
26-08-01 15:23:23.338 [main] INFO  o.a.c.c.C.[Tomcat].[localhost].[/] - Initializing Spring embedded WebApplicationContext
26-08-01 15:23:23.338 [main] INFO  o.s.b.w.s.c.ServletWebServerApplicationContext - Root WebApplicationContext: initialization completed in 1293 ms
26-08-01 15:23:23.478 [main] INFO  com.zaxxer.hikari.HikariDataSource - HikariPool-1 - Starting...
26-08-01 15:23:23.563 [main] INFO  com.zaxxer.hikari.pool.HikariPool - HikariPool-1 - Added connection org.postgresql.jdbc.PgConnection@455da438
26-08-01 15:23:23.564 [main] INFO  com.zaxxer.hikari.HikariDataSource - HikariPool-1 - Start completed.
26-08-01 15:23:23.624 [main] INFO  o.h.jpa.internal.util.LogHelper - HHH000204: Processing PersistenceUnitInfo [name: default]
26-08-01 15:23:23.668 [main] INFO  org.hibernate.Version - HHH000412: Hibernate ORM core version 6.6.2.Final
26-08-01 15:23:23.688 [main] INFO  o.h.c.i.RegionFactoryInitiator - HHH000026: Second-level cache disabled
26-08-01 15:23:23.836 [main] INFO  o.s.o.j.p.SpringPersistenceUnitInfo - No LoadTimeWeaver setup: ignoring JPA class transformer
26-08-01 15:23:23.929 [main] INFO  o.hibernate.orm.connections.pooling - HHH10001005: Database info:
	Database JDBC URL [Connecting through datasource 'HikariDataSource (HikariPool-1)']
	Database driver: undefined/unknown
	Database version: 17.10
	Autocommit mode: undefined/unknown
	Isolation level: undefined/unknown
	Minimum pool size: undefined/unknown
	Maximum pool size: undefined/unknown
26-08-01 15:23:24.815 [main] INFO  o.h.e.t.j.p.i.JtaPlatformInitiator - HHH000489: No JTA platform available (set 'hibernate.transaction.jta.platform' to enable JTA platform integration)
26-08-01 15:23:25.385 [main] INFO  o.s.o.j.LocalContainerEntityManagerFactoryBean - Initialized JPA EntityManagerFactory for persistence unit 'default'
26-08-01 15:23:25.934 [main] INFO  o.s.b.a.w.s.WelcomePageHandlerMapping - Adding welcome page: class path resource [static/index.html]
26-08-01 15:23:26.321 [main] INFO  o.s.b.a.e.web.EndpointLinksResolver - Exposing 4 endpoints beneath base path '/actuator'
26-08-01 15:23:26.359 [main] INFO  o.a.coyote.http11.Http11NioProtocol - Starting ProtocolHandler ["http-nio-8080"]
26-08-01 15:23:26.373 [main] INFO  o.s.b.w.e.tomcat.TomcatWebServer - Tomcat started on port 8080 (http) with context path '/'
26-08-01 15:23:26.384 [main] INFO  c.s.m.discodeit.DiscodeitApplication - Started DiscodeitApplication in 4.816 seconds (process running for 5.429)
26-08-01 15:23:26.858 [RMI TCP Connection(1)-127.0.0.1] INFO  o.a.c.c.C.[Tomcat].[localhost].[/] - Initializing Spring DispatcherServlet 'dispatcherServlet'
26-08-01 15:23:26.860 [RMI TCP Connection(1)-127.0.0.1] INFO  o.s.web.servlet.DispatcherServlet - Initializing Servlet 'dispatcherServlet'
26-08-01 15:23:26.864 [RMI TCP Connection(1)-127.0.0.1] INFO  o.s.web.servlet.DispatcherServlet - Completed initialization in 4 ms
26-08-01 15:24:38.999 [SpringApplicationShutdownHook] INFO  o.s.b.w.e.tomcat.GracefulShutdown - Commencing graceful shutdown. Waiting for active requests to complete
26-08-01 15:24:39.010 [tomcat-shutdown] INFO  o.s.b.w.e.tomcat.GracefulShutdown - Graceful shutdown complete
26-08-01 15:24:39.026 [SpringApplicationShutdownHook] INFO  o.s.o.j.LocalContainerEntityManagerFactoryBean - Closing JPA EntityManagerFactory for persistence unit 'default'
26-08-01 15:24:39.032 [SpringApplicationShutdownHook] INFO  com.zaxxer.hikari.HikariDataSource - HikariPool-1 - Shutdown initiated...
26-08-01 15:24:39.038 [SpringApplicationShutdownHook] INFO  com.zaxxer.hikari.HikariDataSource - HikariPool-1 - Shutdown completed.
26-08-01 15:24:44.600 [background-preinit] INFO  o.h.validator.internal.util.Version - HV000001: Hibernate Validator 8.0.1.Final
26-08-01 15:24:44.640 [main] INFO  c.s.m.discodeit.DiscodeitApplication - Starting DiscodeitApplication using Java 17.0.19 with PID 83820 (/Users/jangjunseo/Desktop/codei_13th_develop/13-sprint-mission/build/classes/java/main started by jangjunseo in /Users/jangjunseo/Desktop/codei_13th_develop/13-sprint-mission)
26-08-01 15:24:44.640 [main] INFO  c.s.m.discodeit.DiscodeitApplication - The following 1 profile is active: "dev"
26-08-01 15:24:45.638 [main] INFO  o.s.d.r.c.RepositoryConfigurationDelegate - Bootstrapping Spring Data JPA repositories in DEFAULT mode.
26-08-01 15:24:45.687 [main] INFO  o.s.d.r.c.RepositoryConfigurationDelegate - Finished Spring Data repository scanning in 41 ms. Found 6 JPA repository interfaces.
26-08-01 15:24:46.208 [main] INFO  o.s.b.w.e.tomcat.TomcatWebServer - Tomcat initialized with port 8080 (http)
26-08-01 15:24:46.216 [main] INFO  o.a.coyote.http11.Http11NioProtocol - Initializing ProtocolHandler ["http-nio-8080"]
26-08-01 15:24:46.218 [main] INFO  o.a.catalina.core.StandardService - Starting service [Tomcat]
26-08-01 15:24:46.218 [main] INFO  o.a.catalina.core.StandardEngine - Starting Servlet engine: [Apache Tomcat/10.1.33]
26-08-01 15:24:46.262 [main] INFO  o.a.c.c.C.[Tomcat].[localhost].[/] - Initializing Spring embedded WebApplicationContext
26-08-01 15:24:46.262 [main] INFO  o.s.b.w.s.c.ServletWebServerApplicationContext - Root WebApplicationContext: initialization completed in 1594 ms
26-08-01 15:24:46.421 [main] INFO  com.zaxxer.hikari.HikariDataSource - HikariPool-1 - Starting...
26-08-01 15:24:46.536 [main] INFO  com.zaxxer.hikari.pool.HikariPool - HikariPool-1 - Added connection org.postgresql.jdbc.PgConnection@3c4059a
26-08-01 15:24:46.537 [main] INFO  com.zaxxer.hikari.HikariDataSource - HikariPool-1 - Start completed.
26-08-01 15:24:46.607 [main] INFO  o.h.jpa.internal.util.LogHelper - HHH000204: Processing PersistenceUnitInfo [name: default]
26-08-01 15:24:46.673 [main] INFO  org.hibernate.Version - HHH000412: Hibernate ORM core version 6.6.2.Final
26-08-01 15:24:46.731 [main] INFO  o.h.c.i.RegionFactoryInitiator - HHH000026: Second-level cache disabled
26-08-01 15:24:46.955 [main] INFO  o.s.o.j.p.SpringPersistenceUnitInfo - No LoadTimeWeaver setup: ignoring JPA class transformer
26-08-01 15:24:47.025 [main] INFO  o.hibernate.orm.connections.pooling - HHH10001005: Database info:
	Database JDBC URL [Connecting through datasource 'HikariDataSource (HikariPool-1)']
	Database driver: undefined/unknown
	Database version: 17.10
	Autocommit mode: undefined/unknown
	Isolation level: undefined/unknown
	Minimum pool size: undefined/unknown
	Maximum pool size: undefined/unknown
26-08-01 15:24:47.641 [main] INFO  o.h.e.t.j.p.i.JtaPlatformInitiator - HHH000489: No JTA platform available (set 'hibernate.transaction.jta.platform' to enable JTA platform integration)
26-08-01 15:24:47.773 [main] INFO  o.s.o.j.LocalContainerEntityManagerFactoryBean - Initialized JPA EntityManagerFactory for persistence unit 'default'
26-08-01 15:24:48.349 [main] INFO  o.s.b.a.w.s.WelcomePageHandlerMapping - Adding welcome page: class path resource [static/index.html]
26-08-01 15:24:49.125 [main] INFO  o.s.b.a.e.web.EndpointLinksResolver - Exposing 4 endpoints beneath base path '/actuator'
26-08-01 15:24:49.283 [main] INFO  o.s.b.w.e.tomcat.TomcatWebServer - Tomcat started on port 8080 (http) with context path '/'
26-08-01 15:24:49.298 [main] INFO  c.s.m.discodeit.DiscodeitApplication - Started DiscodeitApplication in 4.974 seconds (process running for 7.461)
26-08-01 15:24:49.303 [SpringApplicationShutdownHook] INFO  o.s.b.w.e.tomcat.GracefulShutdown - Commencing graceful shutdown. Waiting for active requests to complete
26-08-01 15:24:49.311 [tomcat-shutdown] INFO  o.s.b.w.e.tomcat.GracefulShutdown - Graceful shutdown complete
26-08-01 15:24:49.320 [SpringApplicationShutdownHook] INFO  o.s.o.j.LocalContainerEntityManagerFactoryBean - Closing JPA EntityManagerFactory for persistence unit 'default'
26-08-01 15:24:49.324 [SpringApplicationShutdownHook] INFO  com.zaxxer.hikari.HikariDataSource - HikariPool-1 - Shutdown initiated...
26-08-01 15:24:49.328 [SpringApplicationShutdownHook] INFO  com.zaxxer.hikari.HikariDataSource - HikariPool-1 - Shutdown completed.
26-08-01 17:17:09.403 [background-preinit] INFO  o.h.validator.internal.util.Version - HV000001: Hibernate Validator 8.0.1.Final
26-08-01 17:17:09.437 [Test worker] INFO  c.s.m.d.r.UserRepositoryTest - Starting UserRepositoryTest using Java 17.0.19 with PID 85717 (started by jangjunseo in /Users/jangjunseo/Desktop/codei_13th_develop/13-sprint-mission)
26-08-01 17:17:09.437 [Test worker] INFO  c.s.m.d.r.UserRepositoryTest - The following 1 profile is active: "test"
26-08-01 17:17:09.647 [Test worker] WARN  o.s.c.a.AnnotationConfigApplicationContext - Exception encountered during context initialization - cancelling refresh attempt: org.springframework.beans.factory.support.BeanDefinitionOverrideException: Invalid bean definition with name 'jpaAuditingHandler' defined in null: Cannot register bean definition [Root bean: class=org.springframework.data.auditing.AuditingHandler; scope=; abstract=false; lazyInit=null; autowireMode=2; dependencyCheck=0; autowireCandidate=true; primary=false; fallback=false; factoryBeanName=null; factoryMethodName=from; initMethodNames=null; destroyMethodNames=null] for bean 'jpaAuditingHandler' since there is already [Root bean: class=org.springframework.data.auditing.AuditingHandler; scope=; abstract=false; lazyInit=null; autowireMode=2; dependencyCheck=0; autowireCandidate=true; primary=false; fallback=false; factoryBeanName=null; factoryMethodName=from; initMethodNames=null; destroyMethodNames=null] bound.
26-08-01 17:17:09.669 [Test worker] INFO  o.s.b.a.l.ConditionEvaluationReportLogger - 

Error starting ApplicationContext. To display the condition evaluation report re-run your application with 'debug' enabled.
26-08-01 17:17:09.685 [Test worker] ERROR o.s.b.d.LoggingFailureAnalysisReporter - 

***************************
APPLICATION FAILED TO START
***************************

Description:

The bean 'jpaAuditingHandler' could not be registered. A bean with that name has already been defined and overriding is disabled.

Action:

Consider renaming one of the beans or enabling overriding by setting spring.main.allow-bean-definition-overriding=true

26-08-01 17:17:09.689 [Test worker] WARN  o.s.test.context.TestContextManager - Caught exception while allowing TestExecutionListener [org.springframework.test.context.support.DependencyInjectionTestExecutionListener] to prepare test instance [com.sprint.mission.discodeit.repository.UserRepositoryTest@516462cc]
java.lang.IllegalStateException: Failed to load ApplicationContext for [MergedContextConfiguration@4d3c6593 testClass = com.sprint.mission.discodeit.repository.UserRepositoryTest, locations = [], classes = [com.sprint.mission.discodeit.DiscodeitApplication], contextInitializerClasses = [], activeProfiles = ["test"], propertySourceDescriptors = [], propertySourceProperties = ["org.springframework.boot.test.autoconfigure.orm.jpa.DataJpaTestContextBootstrapper=true"], contextCustomizers = [org.springframework.boot.test.autoconfigure.OnFailureConditionReportContextCustomizerFactory$OnFailureConditionReportContextCustomizer@6bb2d00b, org.springframework.boot.test.autoconfigure.OverrideAutoConfigurationContextCustomizerFactory$DisableAutoConfigurationContextCustomizer@319bc845, org.springframework.boot.test.autoconfigure.actuate.observability.ObservabilityContextCustomizerFactory$DisableObservabilityContextCustomizer@1f, org.springframework.boot.test.autoconfigure.filter.TypeExcludeFiltersContextCustomizer@34be3d80, org.springframework.boot.test.autoconfigure.properties.PropertyMappingContextCustomizer@914f5e55, org.springframework.boot.test.autoconfigure.web.servlet.WebDriverContextCustomizer@3f390d63, [ImportsContextCustomizer@7426a448 key = [@org.springframework.boot.test.autoconfigure.orm.jpa.AutoConfigureDataJpa(), @org.springframework.boot.test.autoconfigure.orm.jpa.AutoConfigureTestEntityManager(), @org.springframework.aot.hint.annotation.Reflective(processors={org.springframework.aot.hint.annotation.SimpleReflectiveProcessor.class}, value={org.springframework.aot.hint.annotation.SimpleReflectiveProcessor.class}), @org.springframework.context.annotation.Import(value={org.springframework.boot.autoconfigure.ImportAutoConfigurationImportSelector.class}), @org.springframework.boot.test.autoconfigure.orm.jpa.DataJpaTest(bootstrapMode=DEFAULT, excludeAutoConfiguration={}, excludeFilters={}, includeFilters={}, properties={}, showSql=true, useDefaultFilters=true), @org.springframework.boot.test.autoconfigure.properties.PropertyMapping(skip=NO, value="spring.test.database"), @org.springframework.test.context.BootstrapWith(value=org.springframework.boot.test.autoconfigure.orm.jpa.DataJpaTestContextBootstrapper.class), @org.springframework.context.annotation.Import(value={org.springframework.data.jpa.repository.config.JpaAuditingRegistrar.class}), @org.springframework.data.jpa.repository.config.EnableJpaAuditing(auditorAwareRef="", setDates=true, modifyOnCreate=true, dateTimeProviderRef=""), @org.springframework.boot.test.autoconfigure.filter.TypeExcludeFilters(value={org.springframework.boot.test.autoconfigure.orm.jpa.DataJpaTypeExcludeFilter.class}), @org.springframework.boot.test.autoconfigure.jdbc.AutoConfigureTestDatabase(connection=NONE, replace=NON_TEST), @org.springframework.boot.test.autoconfigure.core.AutoConfigureCache(cacheProvider=NONE), @org.springframework.boot.autoconfigure.ImportAutoConfiguration(classes={}, exclude={}, value={}), @org.springframework.test.context.ActiveProfiles(inheritProfiles=true, profiles={"test"}, resolver=org.springframework.test.context.ActiveProfilesResolver.class, value={"test"}), @org.springframework.boot.test.autoconfigure.OverrideAutoConfiguration(enabled=false), @org.springframework.transaction.annotation.Transactional(isolation=DEFAULT, label={}, noRollbackFor={}, noRollbackForClassName={}, propagation=REQUIRED, readOnly=false, rollbackFor={}, rollbackForClassName={}, timeout=-1, timeoutString="", transactionManager="", value="")]], org.springframework.boot.test.context.filter.ExcludeFilterContextCustomizer@3e14c16d, org.springframework.boot.test.json.DuplicateJsonObjectContextCustomizerFactory$DuplicateJsonObjectContextCustomizer@3d3ba765, org.springframework.boot.test.mock.mockito.MockitoContextCustomizer@0, org.springframework.boot.test.web.reactor.netty.DisableReactorResourceFactoryGlobalResourcesContextCustomizerFactory$DisableReactorResourceFactoryGlobalResourcesContextCustomizerCustomizer@55342f40, org.springframework.test.context.support.DynamicPropertiesContextCustomizer@0, org.springframework.boot.test.context.SpringBootTestAnnotation@f22f8b57], contextLoader = org.springframework.boot.test.context.SpringBootContextLoader, parent = null]
	at org.springframework.test.context.cache.DefaultCacheAwareContextLoaderDelegate.loadContext(DefaultCacheAwareContextLoaderDelegate.java:180)
	at org.springframework.test.context.support.DefaultTestContext.getApplicationContext(DefaultTestContext.java:130)
	at org.springframework.test.context.support.DependencyInjectionTestExecutionListener.injectDependencies(DependencyInjectionTestExecutionListener.java:142)
	at org.springframework.test.context.support.DependencyInjectionTestExecutionListener.prepareTestInstance(DependencyInjectionTestExecutionListener.java:98)
	at org.springframework.test.context.TestContextManager.prepareTestInstance(TestContextManager.java:260)
	at org.springframework.test.context.junit.jupiter.SpringExtension.postProcessTestInstance(SpringExtension.java:160)
	at org.junit.jupiter.engine.descriptor.ClassBasedTestDescriptor.lambda$invokeTestInstancePostProcessors$11(ClassBasedTestDescriptor.java:378)
	at org.junit.jupiter.engine.descriptor.ClassBasedTestDescriptor.executeAndMaskThrowable(ClassBasedTestDescriptor.java:383)
	at org.junit.jupiter.engine.descriptor.ClassBasedTestDescriptor.lambda$invokeTestInstancePostProcessors$12(ClassBasedTestDescriptor.java:378)
	at java.base/java.util.stream.ForEachOps$ForEachOp$OfRef.accept(ForEachOps.java:183)
	at java.base/java.util.stream.ReferencePipeline$3$1.accept(ReferencePipeline.java:197)
	at java.base/java.util.stream.ReferencePipeline$2$1.accept(ReferencePipeline.java:179)
	at java.base/java.util.stream.ReferencePipeline$3$1.accept(ReferencePipeline.java:197)
	at java.base/java.util.ArrayList$ArrayListSpliterator.forEachRemaining(ArrayList.java:1625)
	at java.base/java.util.stream.AbstractPipeline.copyInto(AbstractPipeline.java:509)
	at java.base/java.util.stream.AbstractPipeline.wrapAndCopyInto(AbstractPipeline.java:499)
	at java.base/java.util.stream.ForEachOps$ForEachOp.evaluateSequential(ForEachOps.java:150)
	at java.base/java.util.stream.ForEachOps$ForEachOp$OfRef.evaluateSequential(ForEachOps.java:173)
	at java.base/java.util.stream.AbstractPipeline.evaluate(AbstractPipeline.java:234)
	at java.base/java.util.stream.ReferencePipeline.forEach(ReferencePipeline.java:596)
	at org.junit.jupiter.engine.descriptor.ClassBasedTestDescriptor.invokeTestInstancePostProcessors(ClassBasedTestDescriptor.java:377)
	at org.junit.jupiter.engine.descriptor.ClassBasedTestDescriptor.lambda$instantiateAndPostProcessTestInstance$7(ClassBasedTestDescriptor.java:290)
	at org.junit.platform.engine.support.hierarchical.ThrowableCollector.execute(ThrowableCollector.java:73)
	at org.junit.jupiter.engine.descriptor.ClassBasedTestDescriptor.instantiateAndPostProcessTestInstance(ClassBasedTestDescriptor.java:289)
	at org.junit.jupiter.engine.descriptor.ClassBasedTestDescriptor.lambda$testInstancesProvider$5(ClassBasedTestDescriptor.java:279)
	at java.base/java.util.Optional.orElseGet(Optional.java:364)
	at org.junit.jupiter.engine.descriptor.ClassBasedTestDescriptor.lambda$testInstancesProvider$6(ClassBasedTestDescriptor.java:278)
	at org.junit.jupiter.engine.execution.TestInstancesProvider.getTestInstances(TestInstancesProvider.java:31)
	at org.junit.jupiter.engine.descriptor.TestMethodTestDescriptor.lambda$prepare$1(TestMethodTestDescriptor.java:105)
	at org.junit.platform.engine.support.hierarchical.ThrowableCollector.execute(ThrowableCollector.java:73)
	at org.junit.jupiter.engine.descriptor.TestMethodTestDescriptor.prepare(TestMethodTestDescriptor.java:104)
	at org.junit.jupiter.engine.descriptor.TestMethodTestDescriptor.prepare(TestMethodTestDescriptor.java:68)
	at org.junit.platform.engine.support.hierarchical.NodeTestTask.lambda$prepare$2(NodeTestTask.java:128)
	at org.junit.platform.engine.support.hierarchical.ThrowableCollector.execute(ThrowableCollector.java:73)
	at org.junit.platform.engine.support.hierarchical.NodeTestTask.prepare(NodeTestTask.java:128)
	at org.junit.platform.engine.support.hierarchical.NodeTestTask.execute(NodeTestTask.java:95)
	at java.base/java.util.ArrayList.forEach(ArrayList.java:1511)
	at org.junit.platform.engine.support.hierarchical.SameThreadHierarchicalTestExecutorService.invokeAll(SameThreadHierarchicalTestExecutorService.java:41)
	at org.junit.platform.engine.support.hierarchical.NodeTestTask.lambda$executeRecursively$6(NodeTestTask.java:160)
	at org.junit.platform.engine.support.hierarchical.ThrowableCollector.execute(ThrowableCollector.java:73)
	at org.junit.platform.engine.support.hierarchical.NodeTestTask.lambda$executeRecursively$8(NodeTestTask.java:146)
	at org.junit.platform.engine.support.hierarchical.Node.around(Node.java:137)
	at org.junit.platform.engine.support.hierarchical.NodeTestTask.lambda$executeRecursively$9(NodeTestTask.java:144)
	at org.junit.platform.engine.support.hierarchical.ThrowableCollector.execute(ThrowableCollector.java:73)
	at org.junit.platform.engine.support.hierarchical.NodeTestTask.executeRecursively(NodeTestTask.java:143)
	at org.junit.platform.engine.support.hierarchical.NodeTestTask.execute(NodeTestTask.java:100)
	at java.base/java.util.ArrayList.forEach(ArrayList.java:1511)
	at org.junit.platform.engine.support.hierarchical.SameThreadHierarchicalTestExecutorService.invokeAll(SameThreadHierarchicalTestExecutorService.java:41)
	at org.junit.platform.engine.support.hierarchical.NodeTestTask.lambda$executeRecursively$6(NodeTestTask.java:160)
	at org.junit.platform.engine.support.hierarchical.ThrowableCollector.execute(ThrowableCollector.java:73)
	at org.junit.platform.engine.support.hierarchical.NodeTestTask.lambda$executeRecursively$8(NodeTestTask.java:146)
	at org.junit.platform.engine.support.hierarchical.Node.around(Node.java:137)
	at org.junit.platform.engine.support.hierarchical.NodeTestTask.lambda$executeRecursively$9(NodeTestTask.java:144)
	at org.junit.platform.engine.support.hierarchical.ThrowableCollector.execute(ThrowableCollector.java:73)
	at org.junit.platform.engine.support.hierarchical.NodeTestTask.executeRecursively(NodeTestTask.java:143)
	at org.junit.platform.engine.support.hierarchical.NodeTestTask.execute(NodeTestTask.java:100)
	at org.junit.platform.engine.support.hierarchical.SameThreadHierarchicalTestExecutorService.submit(SameThreadHierarchicalTestExecutorService.java:35)
	at org.junit.platform.engine.support.hierarchical.HierarchicalTestExecutor.execute(HierarchicalTestExecutor.java:57)
	at org.junit.platform.engine.support.hierarchical.HierarchicalTestEngine.execute(HierarchicalTestEngine.java:54)
	at org.junit.platform.launcher.core.EngineExecutionOrchestrator.execute(EngineExecutionOrchestrator.java:198)
	at org.junit.platform.launcher.core.EngineExecutionOrchestrator.execute(EngineExecutionOrchestrator.java:169)
	at org.junit.platform.launcher.core.EngineExecutionOrchestrator.execute(EngineExecutionOrchestrator.java:93)
	at org.junit.platform.launcher.core.EngineExecutionOrchestrator.lambda$execute$0(EngineExecutionOrchestrator.java:58)
	at org.junit.platform.launcher.core.EngineExecutionOrchestrator.withInterceptedStreams(EngineExecutionOrchestrator.java:141)
	at org.junit.platform.launcher.core.EngineExecutionOrchestrator.execute(EngineExecutionOrchestrator.java:57)
	at org.junit.platform.launcher.core.DefaultLauncher.execute(DefaultLauncher.java:103)
	at org.junit.platform.launcher.core.DefaultLauncher.execute(DefaultLauncher.java:85)
	at org.junit.platform.launcher.core.DelegatingLauncher.execute(DelegatingLauncher.java:47)
	at org.gradle.api.internal.tasks.testing.junitplatform.JUnitPlatformTestClassProcessor$CollectAllTestClassesExecutor.processAllTestClasses(JUnitPlatformTestClassProcessor.java:124)
	at org.gradle.api.internal.tasks.testing.junitplatform.JUnitPlatformTestClassProcessor$CollectAllTestClassesExecutor.access$000(JUnitPlatformTestClassProcessor.java:99)
	at org.gradle.api.internal.tasks.testing.junitplatform.JUnitPlatformTestClassProcessor.stop(JUnitPlatformTestClassProcessor.java:94)
	at org.gradle.api.internal.tasks.testing.SuiteTestClassProcessor.stop(SuiteTestClassProcessor.java:63)
	at java.base/jdk.internal.reflect.NativeMethodAccessorImpl.invoke0(Native Method)
	at java.base/jdk.internal.reflect.NativeMethodAccessorImpl.invoke(NativeMethodAccessorImpl.java:77)
	at java.base/jdk.internal.reflect.DelegatingMethodAccessorImpl.invoke(DelegatingMethodAccessorImpl.java:43)
	at java.base/java.lang.reflect.Method.invoke(Method.java:569)
	at org.gradle.internal.dispatch.ReflectionDispatch.dispatch(ReflectionDispatch.java:36)
	at org.gradle.internal.dispatch.ReflectionDispatch.dispatch(ReflectionDispatch.java:24)
	at org.gradle.internal.dispatch.ContextClassLoaderDispatch.dispatch(ContextClassLoaderDispatch.java:33)
	at org.gradle.internal.dispatch.ProxyDispatchAdapter$DispatchingInvocationHandler.invoke(ProxyDispatchAdapter.java:92)
	at jdk.proxy1/jdk.proxy1.$Proxy4.stop(Unknown Source)
	at org.gradle.api.internal.tasks.testing.worker.TestWorker$3.run(TestWorker.java:200)
	at org.gradle.api.internal.tasks.testing.worker.TestWorker.executeAndMaintainThreadName(TestWorker.java:132)
	at org.gradle.api.internal.tasks.testing.worker.TestWorker.execute(TestWorker.java:103)
	at org.gradle.api.internal.tasks.testing.worker.TestWorker.execute(TestWorker.java:63)
	at org.gradle.process.internal.worker.child.ActionExecutionWorker.execute(ActionExecutionWorker.java:56)
	at org.gradle.process.internal.worker.child.SystemApplicationClassLoaderWorker.call(SystemApplicationClassLoaderWorker.java:122)
	at org.gradle.process.internal.worker.child.SystemApplicationClassLoaderWorker.call(SystemApplicationClassLoaderWorker.java:72)
	at worker.org.gradle.process.internal.worker.GradleWorkerMain.run(GradleWorkerMain.java:69)
	at worker.org.gradle.process.internal.worker.GradleWorkerMain.main(GradleWorkerMain.java:74)
Caused by: org.springframework.beans.factory.support.BeanDefinitionOverrideException: Invalid bean definition with name 'jpaAuditingHandler' defined in null: Cannot register bean definition [Root bean: class=org.springframework.data.auditing.AuditingHandler; scope=; abstract=false; lazyInit=null; autowireMode=2; dependencyCheck=0; autowireCandidate=true; primary=false; fallback=false; factoryBeanName=null; factoryMethodName=from; initMethodNames=null; destroyMethodNames=null] for bean 'jpaAuditingHandler' since there is already [Root bean: class=org.springframework.data.auditing.AuditingHandler; scope=; abstract=false; lazyInit=null; autowireMode=2; dependencyCheck=0; autowireCandidate=true; primary=false; fallback=false; factoryBeanName=null; factoryMethodName=from; initMethodNames=null; destroyMethodNames=null] bound.
	at org.springframework.beans.factory.support.DefaultListableBeanFactory.registerBeanDefinition(DefaultListableBeanFactory.java:1151)
	at org.springframework.data.auditing.config.AuditingBeanDefinitionRegistrarSupport.registerAuditHandlerBeanDefinition(AuditingBeanDefinitionRegistrarSupport.java:79)
	at org.springframework.data.auditing.config.AuditingBeanDefinitionRegistrarSupport.registerBeanDefinitions(AuditingBeanDefinitionRegistrarSupport.java:59)
	at org.springframework.data.jpa.repository.config.JpaAuditingRegistrar.registerBeanDefinitions(JpaAuditingRegistrar.java:67)
	at org.springframework.context.annotation.ImportBeanDefinitionRegistrar.registerBeanDefinitions(ImportBeanDefinitionRegistrar.java:86)
	at org.springframework.context.annotation.ConfigurationClassBeanDefinitionReader.lambda$loadBeanDefinitionsFromRegistrars$1(ConfigurationClassBeanDefinitionReader.java:387)
	at java.base/java.util.LinkedHashMap.forEach(LinkedHashMap.java:721)
	at org.springframework.context.annotation.ConfigurationClassBeanDefinitionReader.loadBeanDefinitionsFromRegistrars(ConfigurationClassBeanDefinitionReader.java:386)
	at org.springframework.context.annotation.ConfigurationClassBeanDefinitionReader.loadBeanDefinitionsForConfigurationClass(ConfigurationClassBeanDefinitionReader.java:149)
	at org.springframework.context.annotation.ConfigurationClassBeanDefinitionReader.loadBeanDefinitions(ConfigurationClassBeanDefinitionReader.java:121)
	at org.springframework.context.annotation.ConfigurationClassPostProcessor.processConfigBeanDefinitions(ConfigurationClassPostProcessor.java:430)
	at org.springframework.context.annotation.ConfigurationClassPostProcessor.postProcessBeanDefinitionRegistry(ConfigurationClassPostProcessor.java:290)
	at org.springframework.context.support.PostProcessorRegistrationDelegate.invokeBeanDefinitionRegistryPostProcessors(PostProcessorRegistrationDelegate.java:349)
	at org.springframework.context.support.PostProcessorRegistrationDelegate.invokeBeanFactoryPostProcessors(PostProcessorRegistrationDelegate.java:118)
	at org.springframework.context.support.AbstractApplicationContext.invokeBeanFactoryPostProcessors(AbstractApplicationContext.java:791)
	at org.springframework.context.support.AbstractApplicationContext.refresh(AbstractApplicationContext.java:609)
	at org.springframework.boot.SpringApplication.refresh(SpringApplication.java:752)
	at org.springframework.boot.SpringApplication.refreshContext(SpringApplication.java:439)
	at org.springframework.boot.SpringApplication.run(SpringApplication.java:318)
	at org.springframework.boot.test.context.SpringBootContextLoader.lambda$loadContext$3(SpringBootContextLoader.java:137)
	at org.springframework.util.function.ThrowingSupplier.get(ThrowingSupplier.java:58)
	at org.springframework.util.function.ThrowingSupplier.get(ThrowingSupplier.java:46)
	at org.springframework.boot.SpringApplication.withHook(SpringApplication.java:1461)
	at org.springframework.boot.test.context.SpringBootContextLoader$ContextLoaderHook.run(SpringBootContextLoader.java:553)
	at org.springframework.boot.test.context.SpringBootContextLoader.loadContext(SpringBootContextLoader.java:137)
	at org.springframework.boot.test.context.SpringBootContextLoader.loadContext(SpringBootContextLoader.java:108)
	at org.springframework.test.context.cache.DefaultCacheAwareContextLoaderDelegate.loadContextInternal(DefaultCacheAwareContextLoaderDelegate.java:225)
	at org.springframework.test.context.cache.DefaultCacheAwareContextLoaderDelegate.loadContext(DefaultCacheAwareContextLoaderDelegate.java:152)
	... 89 common frames omitted
26-08-01 17:17:09.709 [Test worker] WARN  o.s.test.context.TestContextManager - Caught exception while allowing TestExecutionListener [org.springframework.test.context.support.DependencyInjectionTestExecutionListener] to prepare test instance [com.sprint.mission.discodeit.repository.UserRepositoryTest@692dba54]
java.lang.IllegalStateException: ApplicationContext failure threshold (1) exceeded: skipping repeated attempt to load context for [MergedContextConfiguration@4d3c6593 testClass = com.sprint.mission.discodeit.repository.UserRepositoryTest, locations = [], classes = [com.sprint.mission.discodeit.DiscodeitApplication], contextInitializerClasses = [], activeProfiles = ["test"], propertySourceDescriptors = [], propertySourceProperties = ["org.springframework.boot.test.autoconfigure.orm.jpa.DataJpaTestContextBootstrapper=true"], contextCustomizers = [org.springframework.boot.test.autoconfigure.OnFailureConditionReportContextCustomizerFactory$OnFailureConditionReportContextCustomizer@6bb2d00b, org.springframework.boot.test.autoconfigure.OverrideAutoConfigurationContextCustomizerFactory$DisableAutoConfigurationContextCustomizer@319bc845, org.springframework.boot.test.autoconfigure.actuate.observability.ObservabilityContextCustomizerFactory$DisableObservabilityContextCustomizer@1f, org.springframework.boot.test.autoconfigure.filter.TypeExcludeFiltersContextCustomizer@34be3d80, org.springframework.boot.test.autoconfigure.properties.PropertyMappingContextCustomizer@914f5e55, org.springframework.boot.test.autoconfigure.web.servlet.WebDriverContextCustomizer@3f390d63, [ImportsContextCustomizer@7426a448 key = [@org.springframework.boot.test.autoconfigure.orm.jpa.AutoConfigureDataJpa(), @org.springframework.boot.test.autoconfigure.orm.jpa.AutoConfigureTestEntityManager(), @org.springframework.aot.hint.annotation.Reflective(processors={org.springframework.aot.hint.annotation.SimpleReflectiveProcessor.class}, value={org.springframework.aot.hint.annotation.SimpleReflectiveProcessor.class}), @org.springframework.context.annotation.Import(value={org.springframework.boot.autoconfigure.ImportAutoConfigurationImportSelector.class}), @org.springframework.boot.test.autoconfigure.orm.jpa.DataJpaTest(bootstrapMode=DEFAULT, excludeAutoConfiguration={}, excludeFilters={}, includeFilters={}, properties={}, showSql=true, useDefaultFilters=true), @org.springframework.boot.test.autoconfigure.properties.PropertyMapping(skip=NO, value="spring.test.database"), @org.springframework.test.context.BootstrapWith(value=org.springframework.boot.test.autoconfigure.orm.jpa.DataJpaTestContextBootstrapper.class), @org.springframework.context.annotation.Import(value={org.springframework.data.jpa.repository.config.JpaAuditingRegistrar.class}), @org.springframework.data.jpa.repository.config.EnableJpaAuditing(auditorAwareRef="", setDates=true, modifyOnCreate=true, dateTimeProviderRef=""), @org.springframework.boot.test.autoconfigure.filter.TypeExcludeFilters(value={org.springframework.boot.test.autoconfigure.orm.jpa.DataJpaTypeExcludeFilter.class}), @org.springframework.boot.test.autoconfigure.jdbc.AutoConfigureTestDatabase(connection=NONE, replace=NON_TEST), @org.springframework.boot.test.autoconfigure.core.AutoConfigureCache(cacheProvider=NONE), @org.springframework.boot.autoconfigure.ImportAutoConfiguration(classes={}, exclude={}, value={}), @org.springframework.test.context.ActiveProfiles(inheritProfiles=true, profiles={"test"}, resolver=org.springframework.test.context.ActiveProfilesResolver.class, value={"test"}), @org.springframework.boot.test.autoconfigure.OverrideAutoConfiguration(enabled=false), @org.springframework.transaction.annotation.Transactional(isolation=DEFAULT, label={}, noRollbackFor={}, noRollbackForClassName={}, propagation=REQUIRED, readOnly=false, rollbackFor={}, rollbackForClassName={}, timeout=-1, timeoutString="", transactionManager="", value="")]], org.springframework.boot.test.context.filter.ExcludeFilterContextCustomizer@3e14c16d, org.springframework.boot.test.json.DuplicateJsonObjectContextCustomizerFactory$DuplicateJsonObjectContextCustomizer@3d3ba765, org.springframework.boot.test.mock.mockito.MockitoContextCustomizer@0, org.springframework.boot.test.web.reactor.netty.DisableReactorResourceFactoryGlobalResourcesContextCustomizerFactory$DisableReactorResourceFactoryGlobalResourcesContextCustomizerCustomizer@55342f40, org.springframework.test.context.support.DynamicPropertiesContextCustomizer@0, org.springframework.boot.test.context.SpringBootTestAnnotation@f22f8b57], contextLoader = org.springframework.boot.test.context.SpringBootContextLoader, parent = null]
	at org.springframework.test.context.cache.DefaultCacheAwareContextLoaderDelegate.loadContext(DefaultCacheAwareContextLoaderDelegate.java:145)
	at org.springframework.test.context.support.DefaultTestContext.getApplicationContext(DefaultTestContext.java:130)
	at org.springframework.test.context.support.DependencyInjectionTestExecutionListener.injectDependencies(DependencyInjectionTestExecutionListener.java:142)
	at org.springframework.test.context.support.DependencyInjectionTestExecutionListener.prepareTestInstance(DependencyInjectionTestExecutionListener.java:98)
	at org.springframework.test.context.TestContextManager.prepareTestInstance(TestContextManager.java:260)
	at org.springframework.test.context.junit.jupiter.SpringExtension.postProcessTestInstance(SpringExtension.java:160)
	at org.junit.jupiter.engine.descriptor.ClassBasedTestDescriptor.lambda$invokeTestInstancePostProcessors$11(ClassBasedTestDescriptor.java:378)
	at org.junit.jupiter.engine.descriptor.ClassBasedTestDescriptor.executeAndMaskThrowable(ClassBasedTestDescriptor.java:383)
	at org.junit.jupiter.engine.descriptor.ClassBasedTestDescriptor.lambda$invokeTestInstancePostProcessors$12(ClassBasedTestDescriptor.java:378)
	at java.base/java.util.stream.ForEachOps$ForEachOp$OfRef.accept(ForEachOps.java:183)
	at java.base/java.util.stream.ReferencePipeline$3$1.accept(ReferencePipeline.java:197)
	at java.base/java.util.stream.ReferencePipeline$2$1.accept(ReferencePipeline.java:179)
	at java.base/java.util.stream.ReferencePipeline$3$1.accept(ReferencePipeline.java:197)
	at java.base/java.util.ArrayList$ArrayListSpliterator.forEachRemaining(ArrayList.java:1625)
	at java.base/java.util.stream.AbstractPipeline.copyInto(AbstractPipeline.java:509)
	at java.base/java.util.stream.AbstractPipeline.wrapAndCopyInto(AbstractPipeline.java:499)
	at java.base/java.util.stream.ForEachOps$ForEachOp.evaluateSequential(ForEachOps.java:150)
	at java.base/java.util.stream.ForEachOps$ForEachOp$OfRef.evaluateSequential(ForEachOps.java:173)
	at java.base/java.util.stream.AbstractPipeline.evaluate(AbstractPipeline.java:234)
	at java.base/java.util.stream.ReferencePipeline.forEach(ReferencePipeline.java:596)
	at org.junit.jupiter.engine.descriptor.ClassBasedTestDescriptor.invokeTestInstancePostProcessors(ClassBasedTestDescriptor.java:377)
	at org.junit.jupiter.engine.descriptor.ClassBasedTestDescriptor.lambda$instantiateAndPostProcessTestInstance$7(ClassBasedTestDescriptor.java:290)
	at org.junit.platform.engine.support.hierarchical.ThrowableCollector.execute(ThrowableCollector.java:73)
	at org.junit.jupiter.engine.descriptor.ClassBasedTestDescriptor.instantiateAndPostProcessTestInstance(ClassBasedTestDescriptor.java:289)
	at org.junit.jupiter.engine.descriptor.ClassBasedTestDescriptor.lambda$testInstancesProvider$5(ClassBasedTestDescriptor.java:279)
	at java.base/java.util.Optional.orElseGet(Optional.java:364)
	at org.junit.jupiter.engine.descriptor.ClassBasedTestDescriptor.lambda$testInstancesProvider$6(ClassBasedTestDescriptor.java:278)
	at org.junit.jupiter.engine.execution.TestInstancesProvider.getTestInstances(TestInstancesProvider.java:31)
	at org.junit.jupiter.engine.descriptor.TestMethodTestDescriptor.lambda$prepare$1(TestMethodTestDescriptor.java:105)
	at org.junit.platform.engine.support.hierarchical.ThrowableCollector.execute(ThrowableCollector.java:73)
	at org.junit.jupiter.engine.descriptor.TestMethodTestDescriptor.prepare(TestMethodTestDescriptor.java:104)
	at org.junit.jupiter.engine.descriptor.TestMethodTestDescriptor.prepare(TestMethodTestDescriptor.java:68)
	at org.junit.platform.engine.support.hierarchical.NodeTestTask.lambda$prepare$2(NodeTestTask.java:128)
	at org.junit.platform.engine.support.hierarchical.ThrowableCollector.execute(ThrowableCollector.java:73)
	at org.junit.platform.engine.support.hierarchical.NodeTestTask.prepare(NodeTestTask.java:128)
	at org.junit.platform.engine.support.hierarchical.NodeTestTask.execute(NodeTestTask.java:95)
	at java.base/java.util.ArrayList.forEach(ArrayList.java:1511)
	at org.junit.platform.engine.support.hierarchical.SameThreadHierarchicalTestExecutorService.invokeAll(SameThreadHierarchicalTestExecutorService.java:41)
	at org.junit.platform.engine.support.hierarchical.NodeTestTask.lambda$executeRecursively$6(NodeTestTask.java:160)
	at org.junit.platform.engine.support.hierarchical.ThrowableCollector.execute(ThrowableCollector.java:73)
	at org.junit.platform.engine.support.hierarchical.NodeTestTask.lambda$executeRecursively$8(NodeTestTask.java:146)
	at org.junit.platform.engine.support.hierarchical.Node.around(Node.java:137)
	at org.junit.platform.engine.support.hierarchical.NodeTestTask.lambda$executeRecursively$9(NodeTestTask.java:144)
	at org.junit.platform.engine.support.hierarchical.ThrowableCollector.execute(ThrowableCollector.java:73)
	at org.junit.platform.engine.support.hierarchical.NodeTestTask.executeRecursively(NodeTestTask.java:143)
	at org.junit.platform.engine.support.hierarchical.NodeTestTask.execute(NodeTestTask.java:100)
	at java.base/java.util.ArrayList.forEach(ArrayList.java:1511)
	at org.junit.platform.engine.support.hierarchical.SameThreadHierarchicalTestExecutorService.invokeAll(SameThreadHierarchicalTestExecutorService.java:41)
	at org.junit.platform.engine.support.hierarchical.NodeTestTask.lambda$executeRecursively$6(NodeTestTask.java:160)
	at org.junit.platform.engine.support.hierarchical.ThrowableCollector.execute(ThrowableCollector.java:73)
	at org.junit.platform.engine.support.hierarchical.NodeTestTask.lambda$executeRecursively$8(NodeTestTask.java:146)
	at org.junit.platform.engine.support.hierarchical.Node.around(Node.java:137)
	at org.junit.platform.engine.support.hierarchical.NodeTestTask.lambda$executeRecursively$9(NodeTestTask.java:144)
	at org.junit.platform.engine.support.hierarchical.ThrowableCollector.execute(ThrowableCollector.java:73)
	at org.junit.platform.engine.support.hierarchical.NodeTestTask.executeRecursively(NodeTestTask.java:143)
	at org.junit.platform.engine.support.hierarchical.NodeTestTask.execute(NodeTestTask.java:100)
	at org.junit.platform.engine.support.hierarchical.SameThreadHierarchicalTestExecutorService.submit(SameThreadHierarchicalTestExecutorService.java:35)
	at org.junit.platform.engine.support.hierarchical.HierarchicalTestExecutor.execute(HierarchicalTestExecutor.java:57)
	at org.junit.platform.engine.support.hierarchical.HierarchicalTestEngine.execute(HierarchicalTestEngine.java:54)
	at org.junit.platform.launcher.core.EngineExecutionOrchestrator.execute(EngineExecutionOrchestrator.java:198)
	at org.junit.platform.launcher.core.EngineExecutionOrchestrator.execute(EngineExecutionOrchestrator.java:169)
	at org.junit.platform.launcher.core.EngineExecutionOrchestrator.execute(EngineExecutionOrchestrator.java:93)
	at org.junit.platform.launcher.core.EngineExecutionOrchestrator.lambda$execute$0(EngineExecutionOrchestrator.java:58)
	at org.junit.platform.launcher.core.EngineExecutionOrchestrator.withInterceptedStreams(EngineExecutionOrchestrator.java:141)
	at org.junit.platform.launcher.core.EngineExecutionOrchestrator.execute(EngineExecutionOrchestrator.java:57)
	at org.junit.platform.launcher.core.DefaultLauncher.execute(DefaultLauncher.java:103)
	at org.junit.platform.launcher.core.DefaultLauncher.execute(DefaultLauncher.java:85)
	at org.junit.platform.launcher.core.DelegatingLauncher.execute(DelegatingLauncher.java:47)
	at org.gradle.api.internal.tasks.testing.junitplatform.JUnitPlatformTestClassProcessor$CollectAllTestClassesExecutor.processAllTestClasses(JUnitPlatformTestClassProcessor.java:124)
	at org.gradle.api.internal.tasks.testing.junitplatform.JUnitPlatformTestClassProcessor$CollectAllTestClassesExecutor.access$000(JUnitPlatformTestClassProcessor.java:99)
	at org.gradle.api.internal.tasks.testing.junitplatform.JUnitPlatformTestClassProcessor.stop(JUnitPlatformTestClassProcessor.java:94)
	at org.gradle.api.internal.tasks.testing.SuiteTestClassProcessor.stop(SuiteTestClassProcessor.java:63)
	at java.base/jdk.internal.reflect.NativeMethodAccessorImpl.invoke0(Native Method)
	at java.base/jdk.internal.reflect.NativeMethodAccessorImpl.invoke(NativeMethodAccessorImpl.java:77)
	at java.base/jdk.internal.reflect.DelegatingMethodAccessorImpl.invoke(DelegatingMethodAccessorImpl.java:43)
	at java.base/java.lang.reflect.Method.invoke(Method.java:569)
	at org.gradle.internal.dispatch.ReflectionDispatch.dispatch(ReflectionDispatch.java:36)
	at org.gradle.internal.dispatch.ReflectionDispatch.dispatch(ReflectionDispatch.java:24)
	at org.gradle.internal.dispatch.ContextClassLoaderDispatch.dispatch(ContextClassLoaderDispatch.java:33)
	at org.gradle.internal.dispatch.ProxyDispatchAdapter$DispatchingInvocationHandler.invoke(ProxyDispatchAdapter.java:92)
	at jdk.proxy1/jdk.proxy1.$Proxy4.stop(Unknown Source)
	at org.gradle.api.internal.tasks.testing.worker.TestWorker$3.run(TestWorker.java:200)
	at org.gradle.api.internal.tasks.testing.worker.TestWorker.executeAndMaintainThreadName(TestWorker.java:132)
	at org.gradle.api.internal.tasks.testing.worker.TestWorker.execute(TestWorker.java:103)
	at org.gradle.api.internal.tasks.testing.worker.TestWorker.execute(TestWorker.java:63)
	at org.gradle.process.internal.worker.child.ActionExecutionWorker.execute(ActionExecutionWorker.java:56)
	at org.gradle.process.internal.worker.child.SystemApplicationClassLoaderWorker.call(SystemApplicationClassLoaderWorker.java:122)
	at org.gradle.process.internal.worker.child.SystemApplicationClassLoaderWorker.call(SystemApplicationClassLoaderWorker.java:72)
	at worker.org.gradle.process.internal.worker.GradleWorkerMain.run(GradleWorkerMain.java:69)
	at worker.org.gradle.process.internal.worker.GradleWorkerMain.main(GradleWorkerMain.java:74)
26-08-01 17:17:09.714 [Test worker] WARN  o.s.test.context.TestContextManager - Caught exception while allowing TestExecutionListener [org.springframework.test.context.support.DependencyInjectionTestExecutionListener] to prepare test instance [com.sprint.mission.discodeit.repository.UserRepositoryTest@5f14761c]
java.lang.IllegalStateException: ApplicationContext failure threshold (1) exceeded: skipping repeated attempt to load context for [MergedContextConfiguration@4d3c6593 testClass = com.sprint.mission.discodeit.repository.UserRepositoryTest, locations = [], classes = [com.sprint.mission.discodeit.DiscodeitApplication], contextInitializerClasses = [], activeProfiles = ["test"], propertySourceDescriptors = [], propertySourceProperties = ["org.springframework.boot.test.autoconfigure.orm.jpa.DataJpaTestContextBootstrapper=true"], contextCustomizers = [org.springframework.boot.test.autoconfigure.OnFailureConditionReportContextCustomizerFactory$OnFailureConditionReportContextCustomizer@6bb2d00b, org.springframework.boot.test.autoconfigure.OverrideAutoConfigurationContextCustomizerFactory$DisableAutoConfigurationContextCustomizer@319bc845, org.springframework.boot.test.autoconfigure.actuate.observability.ObservabilityContextCustomizerFactory$DisableObservabilityContextCustomizer@1f, org.springframework.boot.test.autoconfigure.filter.TypeExcludeFiltersContextCustomizer@34be3d80, org.springframework.boot.test.autoconfigure.properties.PropertyMappingContextCustomizer@914f5e55, org.springframework.boot.test.autoconfigure.web.servlet.WebDriverContextCustomizer@3f390d63, [ImportsContextCustomizer@7426a448 key = [@org.springframework.boot.test.autoconfigure.orm.jpa.AutoConfigureDataJpa(), @org.springframework.boot.test.autoconfigure.orm.jpa.AutoConfigureTestEntityManager(), @org.springframework.aot.hint.annotation.Reflective(processors={org.springframework.aot.hint.annotation.SimpleReflectiveProcessor.class}, value={org.springframework.aot.hint.annotation.SimpleReflectiveProcessor.class}), @org.springframework.context.annotation.Import(value={org.springframework.boot.autoconfigure.ImportAutoConfigurationImportSelector.class}), @org.springframework.boot.test.autoconfigure.orm.jpa.DataJpaTest(bootstrapMode=DEFAULT, excludeAutoConfiguration={}, excludeFilters={}, includeFilters={}, properties={}, showSql=true, useDefaultFilters=true), @org.springframework.boot.test.autoconfigure.properties.PropertyMapping(skip=NO, value="spring.test.database"), @org.springframework.test.context.BootstrapWith(value=org.springframework.boot.test.autoconfigure.orm.jpa.DataJpaTestContextBootstrapper.class), @org.springframework.context.annotation.Import(value={org.springframework.data.jpa.repository.config.JpaAuditingRegistrar.class}), @org.springframework.data.jpa.repository.config.EnableJpaAuditing(auditorAwareRef="", setDates=true, modifyOnCreate=true, dateTimeProviderRef=""), @org.springframework.boot.test.autoconfigure.filter.TypeExcludeFilters(value={org.springframework.boot.test.autoconfigure.orm.jpa.DataJpaTypeExcludeFilter.class}), @org.springframework.boot.test.autoconfigure.jdbc.AutoConfigureTestDatabase(connection=NONE, replace=NON_TEST), @org.springframework.boot.test.autoconfigure.core.AutoConfigureCache(cacheProvider=NONE), @org.springframework.boot.autoconfigure.ImportAutoConfiguration(classes={}, exclude={}, value={}), @org.springframework.test.context.ActiveProfiles(inheritProfiles=true, profiles={"test"}, resolver=org.springframework.test.context.ActiveProfilesResolver.class, value={"test"}), @org.springframework.boot.test.autoconfigure.OverrideAutoConfiguration(enabled=false), @org.springframework.transaction.annotation.Transactional(isolation=DEFAULT, label={}, noRollbackFor={}, noRollbackForClassName={}, propagation=REQUIRED, readOnly=false, rollbackFor={}, rollbackForClassName={}, timeout=-1, timeoutString="", transactionManager="", value="")]], org.springframework.boot.test.context.filter.ExcludeFilterContextCustomizer@3e14c16d, org.springframework.boot.test.json.DuplicateJsonObjectContextCustomizerFactory$DuplicateJsonObjectContextCustomizer@3d3ba765, org.springframework.boot.test.mock.mockito.MockitoContextCustomizer@0, org.springframework.boot.test.web.reactor.netty.DisableReactorResourceFactoryGlobalResourcesContextCustomizerFactory$DisableReactorResourceFactoryGlobalResourcesContextCustomizerCustomizer@55342f40, org.springframework.test.context.support.DynamicPropertiesContextCustomizer@0, org.springframework.boot.test.context.SpringBootTestAnnotation@f22f8b57], contextLoader = org.springframework.boot.test.context.SpringBootContextLoader, parent = null]
	at org.springframework.test.context.cache.DefaultCacheAwareContextLoaderDelegate.loadContext(DefaultCacheAwareContextLoaderDelegate.java:145)
	at org.springframework.test.context.support.DefaultTestContext.getApplicationContext(DefaultTestContext.java:130)
	at org.springframework.test.context.support.DependencyInjectionTestExecutionListener.injectDependencies(DependencyInjectionTestExecutionListener.java:142)
	at org.springframework.test.context.support.DependencyInjectionTestExecutionListener.prepareTestInstance(DependencyInjectionTestExecutionListener.java:98)
	at org.springframework.test.context.TestContextManager.prepareTestInstance(TestContextManager.java:260)
	at org.springframework.test.context.junit.jupiter.SpringExtension.postProcessTestInstance(SpringExtension.java:160)
	at org.junit.jupiter.engine.descriptor.ClassBasedTestDescriptor.lambda$invokeTestInstancePostProcessors$11(ClassBasedTestDescriptor.java:378)
	at org.junit.jupiter.engine.descriptor.ClassBasedTestDescriptor.executeAndMaskThrowable(ClassBasedTestDescriptor.java:383)
	at org.junit.jupiter.engine.descriptor.ClassBasedTestDescriptor.lambda$invokeTestInstancePostProcessors$12(ClassBasedTestDescriptor.java:378)
	at java.base/java.util.stream.ForEachOps$ForEachOp$OfRef.accept(ForEachOps.java:183)
	at java.base/java.util.stream.ReferencePipeline$3$1.accept(ReferencePipeline.java:197)
	at java.base/java.util.stream.ReferencePipeline$2$1.accept(ReferencePipeline.java:179)
	at java.base/java.util.stream.ReferencePipeline$3$1.accept(ReferencePipeline.java:197)
	at java.base/java.util.ArrayList$ArrayListSpliterator.forEachRemaining(ArrayList.java:1625)
	at java.base/java.util.stream.AbstractPipeline.copyInto(AbstractPipeline.java:509)
	at java.base/java.util.stream.AbstractPipeline.wrapAndCopyInto(AbstractPipeline.java:499)
	at java.base/java.util.stream.ForEachOps$ForEachOp.evaluateSequential(ForEachOps.java:150)
	at java.base/java.util.stream.ForEachOps$ForEachOp$OfRef.evaluateSequential(ForEachOps.java:173)
	at java.base/java.util.stream.AbstractPipeline.evaluate(AbstractPipeline.java:234)
	at java.base/java.util.stream.ReferencePipeline.forEach(ReferencePipeline.java:596)
	at org.junit.jupiter.engine.descriptor.ClassBasedTestDescriptor.invokeTestInstancePostProcessors(ClassBasedTestDescriptor.java:377)
	at org.junit.jupiter.engine.descriptor.ClassBasedTestDescriptor.lambda$instantiateAndPostProcessTestInstance$7(ClassBasedTestDescriptor.java:290)
	at org.junit.platform.engine.support.hierarchical.ThrowableCollector.execute(ThrowableCollector.java:73)
	at org.junit.jupiter.engine.descriptor.ClassBasedTestDescriptor.instantiateAndPostProcessTestInstance(ClassBasedTestDescriptor.java:289)
	at org.junit.jupiter.engine.descriptor.ClassBasedTestDescriptor.lambda$testInstancesProvider$5(ClassBasedTestDescriptor.java:279)
	at java.base/java.util.Optional.orElseGet(Optional.java:364)
	at org.junit.jupiter.engine.descriptor.ClassBasedTestDescriptor.lambda$testInstancesProvider$6(ClassBasedTestDescriptor.java:278)
	at org.junit.jupiter.engine.execution.TestInstancesProvider.getTestInstances(TestInstancesProvider.java:31)
	at org.junit.jupiter.engine.descriptor.TestMethodTestDescriptor.lambda$prepare$1(TestMethodTestDescriptor.java:105)
	at org.junit.platform.engine.support.hierarchical.ThrowableCollector.execute(ThrowableCollector.java:73)
	at org.junit.jupiter.engine.descriptor.TestMethodTestDescriptor.prepare(TestMethodTestDescriptor.java:104)
	at org.junit.jupiter.engine.descriptor.TestMethodTestDescriptor.prepare(TestMethodTestDescriptor.java:68)
	at org.junit.platform.engine.support.hierarchical.NodeTestTask.lambda$prepare$2(NodeTestTask.java:128)
	at org.junit.platform.engine.support.hierarchical.ThrowableCollector.execute(ThrowableCollector.java:73)
	at org.junit.platform.engine.support.hierarchical.NodeTestTask.prepare(NodeTestTask.java:128)
	at org.junit.platform.engine.support.hierarchical.NodeTestTask.execute(NodeTestTask.java:95)
	at java.base/java.util.ArrayList.forEach(ArrayList.java:1511)
	at org.junit.platform.engine.support.hierarchical.SameThreadHierarchicalTestExecutorService.invokeAll(SameThreadHierarchicalTestExecutorService.java:41)
	at org.junit.platform.engine.support.hierarchical.NodeTestTask.lambda$executeRecursively$6(NodeTestTask.java:160)
	at org.junit.platform.engine.support.hierarchical.ThrowableCollector.execute(ThrowableCollector.java:73)
	at org.junit.platform.engine.support.hierarchical.NodeTestTask.lambda$executeRecursively$8(NodeTestTask.java:146)
	at org.junit.platform.engine.support.hierarchical.Node.around(Node.java:137)
	at org.junit.platform.engine.support.hierarchical.NodeTestTask.lambda$executeRecursively$9(NodeTestTask.java:144)
	at org.junit.platform.engine.support.hierarchical.ThrowableCollector.execute(ThrowableCollector.java:73)
	at org.junit.platform.engine.support.hierarchical.NodeTestTask.executeRecursively(NodeTestTask.java:143)
	at org.junit.platform.engine.support.hierarchical.NodeTestTask.execute(NodeTestTask.java:100)
	at java.base/java.util.ArrayList.forEach(ArrayList.java:1511)
	at org.junit.platform.engine.support.hierarchical.SameThreadHierarchicalTestExecutorService.invokeAll(SameThreadHierarchicalTestExecutorService.java:41)
	at org.junit.platform.engine.support.hierarchical.NodeTestTask.lambda$executeRecursively$6(NodeTestTask.java:160)
	at org.junit.platform.engine.support.hierarchical.ThrowableCollector.execute(ThrowableCollector.java:73)
	at org.junit.platform.engine.support.hierarchical.NodeTestTask.lambda$executeRecursively$8(NodeTestTask.java:146)
	at org.junit.platform.engine.support.hierarchical.Node.around(Node.java:137)
	at org.junit.platform.engine.support.hierarchical.NodeTestTask.lambda$executeRecursively$9(NodeTestTask.java:144)
	at org.junit.platform.engine.support.hierarchical.ThrowableCollector.execute(ThrowableCollector.java:73)
	at org.junit.platform.engine.support.hierarchical.NodeTestTask.executeRecursively(NodeTestTask.java:143)
	at org.junit.platform.engine.support.hierarchical.NodeTestTask.execute(NodeTestTask.java:100)
	at org.junit.platform.engine.support.hierarchical.SameThreadHierarchicalTestExecutorService.submit(SameThreadHierarchicalTestExecutorService.java:35)
	at org.junit.platform.engine.support.hierarchical.HierarchicalTestExecutor.execute(HierarchicalTestExecutor.java:57)
	at org.junit.platform.engine.support.hierarchical.HierarchicalTestEngine.execute(HierarchicalTestEngine.java:54)
	at org.junit.platform.launcher.core.EngineExecutionOrchestrator.execute(EngineExecutionOrchestrator.java:198)
	at org.junit.platform.launcher.core.EngineExecutionOrchestrator.execute(EngineExecutionOrchestrator.java:169)
	at org.junit.platform.launcher.core.EngineExecutionOrchestrator.execute(EngineExecutionOrchestrator.java:93)
	at org.junit.platform.launcher.core.EngineExecutionOrchestrator.lambda$execute$0(EngineExecutionOrchestrator.java:58)
	at org.junit.platform.launcher.core.EngineExecutionOrchestrator.withInterceptedStreams(EngineExecutionOrchestrator.java:141)
	at org.junit.platform.launcher.core.EngineExecutionOrchestrator.execute(EngineExecutionOrchestrator.java:57)
	at org.junit.platform.launcher.core.DefaultLauncher.execute(DefaultLauncher.java:103)
	at org.junit.platform.launcher.core.DefaultLauncher.execute(DefaultLauncher.java:85)
	at org.junit.platform.launcher.core.DelegatingLauncher.execute(DelegatingLauncher.java:47)
	at org.gradle.api.internal.tasks.testing.junitplatform.JUnitPlatformTestClassProcessor$CollectAllTestClassesExecutor.processAllTestClasses(JUnitPlatformTestClassProcessor.java:124)
	at org.gradle.api.internal.tasks.testing.junitplatform.JUnitPlatformTestClassProcessor$CollectAllTestClassesExecutor.access$000(JUnitPlatformTestClassProcessor.java:99)
	at org.gradle.api.internal.tasks.testing.junitplatform.JUnitPlatformTestClassProcessor.stop(JUnitPlatformTestClassProcessor.java:94)
	at org.gradle.api.internal.tasks.testing.SuiteTestClassProcessor.stop(SuiteTestClassProcessor.java:63)
	at java.base/jdk.internal.reflect.NativeMethodAccessorImpl.invoke0(Native Method)
	at java.base/jdk.internal.reflect.NativeMethodAccessorImpl.invoke(NativeMethodAccessorImpl.java:77)
	at java.base/jdk.internal.reflect.DelegatingMethodAccessorImpl.invoke(DelegatingMethodAccessorImpl.java:43)
	at java.base/java.lang.reflect.Method.invoke(Method.java:569)
	at org.gradle.internal.dispatch.ReflectionDispatch.dispatch(ReflectionDispatch.java:36)
	at org.gradle.internal.dispatch.ReflectionDispatch.dispatch(ReflectionDispatch.java:24)
	at org.gradle.internal.dispatch.ContextClassLoaderDispatch.dispatch(ContextClassLoaderDispatch.java:33)
	at org.gradle.internal.dispatch.ProxyDispatchAdapter$DispatchingInvocationHandler.invoke(ProxyDispatchAdapter.java:92)
	at jdk.proxy1/jdk.proxy1.$Proxy4.stop(Unknown Source)
	at org.gradle.api.internal.tasks.testing.worker.TestWorker$3.run(TestWorker.java:200)
	at org.gradle.api.internal.tasks.testing.worker.TestWorker.executeAndMaintainThreadName(TestWorker.java:132)
	at org.gradle.api.internal.tasks.testing.worker.TestWorker.execute(TestWorker.java:103)
	at org.gradle.api.internal.tasks.testing.worker.TestWorker.execute(TestWorker.java:63)
	at org.gradle.process.internal.worker.child.ActionExecutionWorker.execute(ActionExecutionWorker.java:56)
	at org.gradle.process.internal.worker.child.SystemApplicationClassLoaderWorker.call(SystemApplicationClassLoaderWorker.java:122)
	at org.gradle.process.internal.worker.child.SystemApplicationClassLoaderWorker.call(SystemApplicationClassLoaderWorker.java:72)
	at worker.org.gradle.process.internal.worker.GradleWorkerMain.run(GradleWorkerMain.java:69)
	at worker.org.gradle.process.internal.worker.GradleWorkerMain.main(GradleWorkerMain.java:74)
26-08-01 17:17:09.717 [Test worker] WARN  o.s.test.context.TestContextManager - Caught exception while allowing TestExecutionListener [org.springframework.test.context.support.DependencyInjectionTestExecutionListener] to prepare test instance [com.sprint.mission.discodeit.repository.UserRepositoryTest@37854b34]
java.lang.IllegalStateException: ApplicationContext failure threshold (1) exceeded: skipping repeated attempt to load context for [MergedContextConfiguration@4d3c6593 testClass = com.sprint.mission.discodeit.repository.UserRepositoryTest, locations = [], classes = [com.sprint.mission.discodeit.DiscodeitApplication], contextInitializerClasses = [], activeProfiles = ["test"], propertySourceDescriptors = [], propertySourceProperties = ["org.springframework.boot.test.autoconfigure.orm.jpa.DataJpaTestContextBootstrapper=true"], contextCustomizers = [org.springframework.boot.test.autoconfigure.OnFailureConditionReportContextCustomizerFactory$OnFailureConditionReportContextCustomizer@6bb2d00b, org.springframework.boot.test.autoconfigure.OverrideAutoConfigurationContextCustomizerFactory$DisableAutoConfigurationContextCustomizer@319bc845, org.springframework.boot.test.autoconfigure.actuate.observability.ObservabilityContextCustomizerFactory$DisableObservabilityContextCustomizer@1f, org.springframework.boot.test.autoconfigure.filter.TypeExcludeFiltersContextCustomizer@34be3d80, org.springframework.boot.test.autoconfigure.properties.PropertyMappingContextCustomizer@914f5e55, org.springframework.boot.test.autoconfigure.web.servlet.WebDriverContextCustomizer@3f390d63, [ImportsContextCustomizer@7426a448 key = [@org.springframework.boot.test.autoconfigure.orm.jpa.AutoConfigureDataJpa(), @org.springframework.boot.test.autoconfigure.orm.jpa.AutoConfigureTestEntityManager(), @org.springframework.aot.hint.annotation.Reflective(processors={org.springframework.aot.hint.annotation.SimpleReflectiveProcessor.class}, value={org.springframework.aot.hint.annotation.SimpleReflectiveProcessor.class}), @org.springframework.context.annotation.Import(value={org.springframework.boot.autoconfigure.ImportAutoConfigurationImportSelector.class}), @org.springframework.boot.test.autoconfigure.orm.jpa.DataJpaTest(bootstrapMode=DEFAULT, excludeAutoConfiguration={}, excludeFilters={}, includeFilters={}, properties={}, showSql=true, useDefaultFilters=true), @org.springframework.boot.test.autoconfigure.properties.PropertyMapping(skip=NO, value="spring.test.database"), @org.springframework.test.context.BootstrapWith(value=org.springframework.boot.test.autoconfigure.orm.jpa.DataJpaTestContextBootstrapper.class), @org.springframework.context.annotation.Import(value={org.springframework.data.jpa.repository.config.JpaAuditingRegistrar.class}), @org.springframework.data.jpa.repository.config.EnableJpaAuditing(auditorAwareRef="", setDates=true, modifyOnCreate=true, dateTimeProviderRef=""), @org.springframework.boot.test.autoconfigure.filter.TypeExcludeFilters(value={org.springframework.boot.test.autoconfigure.orm.jpa.DataJpaTypeExcludeFilter.class}), @org.springframework.boot.test.autoconfigure.jdbc.AutoConfigureTestDatabase(connection=NONE, replace=NON_TEST), @org.springframework.boot.test.autoconfigure.core.AutoConfigureCache(cacheProvider=NONE), @org.springframework.boot.autoconfigure.ImportAutoConfiguration(classes={}, exclude={}, value={}), @org.springframework.test.context.ActiveProfiles(inheritProfiles=true, profiles={"test"}, resolver=org.springframework.test.context.ActiveProfilesResolver.class, value={"test"}), @org.springframework.boot.test.autoconfigure.OverrideAutoConfiguration(enabled=false), @org.springframework.transaction.annotation.Transactional(isolation=DEFAULT, label={}, noRollbackFor={}, noRollbackForClassName={}, propagation=REQUIRED, readOnly=false, rollbackFor={}, rollbackForClassName={}, timeout=-1, timeoutString="", transactionManager="", value="")]], org.springframework.boot.test.context.filter.ExcludeFilterContextCustomizer@3e14c16d, org.springframework.boot.test.json.DuplicateJsonObjectContextCustomizerFactory$DuplicateJsonObjectContextCustomizer@3d3ba765, org.springframework.boot.test.mock.mockito.MockitoContextCustomizer@0, org.springframework.boot.test.web.reactor.netty.DisableReactorResourceFactoryGlobalResourcesContextCustomizerFactory$DisableReactorResourceFactoryGlobalResourcesContextCustomizerCustomizer@55342f40, org.springframework.test.context.support.DynamicPropertiesContextCustomizer@0, org.springframework.boot.test.context.SpringBootTestAnnotation@f22f8b57], contextLoader = org.springframework.boot.test.context.SpringBootContextLoader, parent = null]
	at org.springframework.test.context.cache.DefaultCacheAwareContextLoaderDelegate.loadContext(DefaultCacheAwareContextLoaderDelegate.java:145)
	at org.springframework.test.context.support.DefaultTestContext.getApplicationContext(DefaultTestContext.java:130)
	at org.springframework.test.context.support.DependencyInjectionTestExecutionListener.injectDependencies(DependencyInjectionTestExecutionListener.java:142)
	at org.springframework.test.context.support.DependencyInjectionTestExecutionListener.prepareTestInstance(DependencyInjectionTestExecutionListener.java:98)
	at org.springframework.test.context.TestContextManager.prepareTestInstance(TestContextManager.java:260)
	at org.springframework.test.context.junit.jupiter.SpringExtension.postProcessTestInstance(SpringExtension.java:160)
	at org.junit.jupiter.engine.descriptor.ClassBasedTestDescriptor.lambda$invokeTestInstancePostProcessors$11(ClassBasedTestDescriptor.java:378)
	at org.junit.jupiter.engine.descriptor.ClassBasedTestDescriptor.executeAndMaskThrowable(ClassBasedTestDescriptor.java:383)
	at org.junit.jupiter.engine.descriptor.ClassBasedTestDescriptor.lambda$invokeTestInstancePostProcessors$12(ClassBasedTestDescriptor.java:378)
	at java.base/java.util.stream.ForEachOps$ForEachOp$OfRef.accept(ForEachOps.java:183)
	at java.base/java.util.stream.ReferencePipeline$3$1.accept(ReferencePipeline.java:197)
	at java.base/java.util.stream.ReferencePipeline$2$1.accept(ReferencePipeline.java:179)
	at java.base/java.util.stream.ReferencePipeline$3$1.accept(ReferencePipeline.java:197)
	at java.base/java.util.ArrayList$ArrayListSpliterator.forEachRemaining(ArrayList.java:1625)
	at java.base/java.util.stream.AbstractPipeline.copyInto(AbstractPipeline.java:509)
	at java.base/java.util.stream.AbstractPipeline.wrapAndCopyInto(AbstractPipeline.java:499)
	at java.base/java.util.stream.ForEachOps$ForEachOp.evaluateSequential(ForEachOps.java:150)
	at java.base/java.util.stream.ForEachOps$ForEachOp$OfRef.evaluateSequential(ForEachOps.java:173)
	at java.base/java.util.stream.AbstractPipeline.evaluate(AbstractPipeline.java:234)
	at java.base/java.util.stream.ReferencePipeline.forEach(ReferencePipeline.java:596)
	at org.junit.jupiter.engine.descriptor.ClassBasedTestDescriptor.invokeTestInstancePostProcessors(ClassBasedTestDescriptor.java:377)
	at org.junit.jupiter.engine.descriptor.ClassBasedTestDescriptor.lambda$instantiateAndPostProcessTestInstance$7(ClassBasedTestDescriptor.java:290)
	at org.junit.platform.engine.support.hierarchical.ThrowableCollector.execute(ThrowableCollector.java:73)
	at org.junit.jupiter.engine.descriptor.ClassBasedTestDescriptor.instantiateAndPostProcessTestInstance(ClassBasedTestDescriptor.java:289)
	at org.junit.jupiter.engine.descriptor.ClassBasedTestDescriptor.lambda$testInstancesProvider$5(ClassBasedTestDescriptor.java:279)
	at java.base/java.util.Optional.orElseGet(Optional.java:364)
	at org.junit.jupiter.engine.descriptor.ClassBasedTestDescriptor.lambda$testInstancesProvider$6(ClassBasedTestDescriptor.java:278)
	at org.junit.jupiter.engine.execution.TestInstancesProvider.getTestInstances(TestInstancesProvider.java:31)
	at org.junit.jupiter.engine.descriptor.TestMethodTestDescriptor.lambda$prepare$1(TestMethodTestDescriptor.java:105)
	at org.junit.platform.engine.support.hierarchical.ThrowableCollector.execute(ThrowableCollector.java:73)
	at org.junit.jupiter.engine.descriptor.TestMethodTestDescriptor.prepare(TestMethodTestDescriptor.java:104)
	at org.junit.jupiter.engine.descriptor.TestMethodTestDescriptor.prepare(TestMethodTestDescriptor.java:68)
	at org.junit.platform.engine.support.hierarchical.NodeTestTask.lambda$prepare$2(NodeTestTask.java:128)
	at org.junit.platform.engine.support.hierarchical.ThrowableCollector.execute(ThrowableCollector.java:73)
	at org.junit.platform.engine.support.hierarchical.NodeTestTask.prepare(NodeTestTask.java:128)
	at org.junit.platform.engine.support.hierarchical.NodeTestTask.execute(NodeTestTask.java:95)
	at java.base/java.util.ArrayList.forEach(ArrayList.java:1511)
	at org.junit.platform.engine.support.hierarchical.SameThreadHierarchicalTestExecutorService.invokeAll(SameThreadHierarchicalTestExecutorService.java:41)
	at org.junit.platform.engine.support.hierarchical.NodeTestTask.lambda$executeRecursively$6(NodeTestTask.java:160)
	at org.junit.platform.engine.support.hierarchical.ThrowableCollector.execute(ThrowableCollector.java:73)
	at org.junit.platform.engine.support.hierarchical.NodeTestTask.lambda$executeRecursively$8(NodeTestTask.java:146)
	at org.junit.platform.engine.support.hierarchical.Node.around(Node.java:137)
	at org.junit.platform.engine.support.hierarchical.NodeTestTask.lambda$executeRecursively$9(NodeTestTask.java:144)
	at org.junit.platform.engine.support.hierarchical.ThrowableCollector.execute(ThrowableCollector.java:73)
	at org.junit.platform.engine.support.hierarchical.NodeTestTask.executeRecursively(NodeTestTask.java:143)
	at org.junit.platform.engine.support.hierarchical.NodeTestTask.execute(NodeTestTask.java:100)
	at java.base/java.util.ArrayList.forEach(ArrayList.java:1511)
	at org.junit.platform.engine.support.hierarchical.SameThreadHierarchicalTestExecutorService.invokeAll(SameThreadHierarchicalTestExecutorService.java:41)
	at org.junit.platform.engine.support.hierarchical.NodeTestTask.lambda$executeRecursively$6(NodeTestTask.java:160)
	at org.junit.platform.engine.support.hierarchical.ThrowableCollector.execute(ThrowableCollector.java:73)
	at org.junit.platform.engine.support.hierarchical.NodeTestTask.lambda$executeRecursively$8(NodeTestTask.java:146)
	at org.junit.platform.engine.support.hierarchical.Node.around(Node.java:137)
	at org.junit.platform.engine.support.hierarchical.NodeTestTask.lambda$executeRecursively$9(NodeTestTask.java:144)
	at org.junit.platform.engine.support.hierarchical.ThrowableCollector.execute(ThrowableCollector.java:73)
	at org.junit.platform.engine.support.hierarchical.NodeTestTask.executeRecursively(NodeTestTask.java:143)
	at org.junit.platform.engine.support.hierarchical.NodeTestTask.execute(NodeTestTask.java:100)
	at org.junit.platform.engine.support.hierarchical.SameThreadHierarchicalTestExecutorService.submit(SameThreadHierarchicalTestExecutorService.java:35)
	at org.junit.platform.engine.support.hierarchical.HierarchicalTestExecutor.execute(HierarchicalTestExecutor.java:57)
	at org.junit.platform.engine.support.hierarchical.HierarchicalTestEngine.execute(HierarchicalTestEngine.java:54)
	at org.junit.platform.launcher.core.EngineExecutionOrchestrator.execute(EngineExecutionOrchestrator.java:198)
	at org.junit.platform.launcher.core.EngineExecutionOrchestrator.execute(EngineExecutionOrchestrator.java:169)
	at org.junit.platform.launcher.core.EngineExecutionOrchestrator.execute(EngineExecutionOrchestrator.java:93)
	at org.junit.platform.launcher.core.EngineExecutionOrchestrator.lambda$execute$0(EngineExecutionOrchestrator.java:58)
	at org.junit.platform.launcher.core.EngineExecutionOrchestrator.withInterceptedStreams(EngineExecutionOrchestrator.java:141)
	at org.junit.platform.launcher.core.EngineExecutionOrchestrator.execute(EngineExecutionOrchestrator.java:57)
	at org.junit.platform.launcher.core.DefaultLauncher.execute(DefaultLauncher.java:103)
	at org.junit.platform.launcher.core.DefaultLauncher.execute(DefaultLauncher.java:85)
	at org.junit.platform.launcher.core.DelegatingLauncher.execute(DelegatingLauncher.java:47)
	at org.gradle.api.internal.tasks.testing.junitplatform.JUnitPlatformTestClassProcessor$CollectAllTestClassesExecutor.processAllTestClasses(JUnitPlatformTestClassProcessor.java:124)
	at org.gradle.api.internal.tasks.testing.junitplatform.JUnitPlatformTestClassProcessor$CollectAllTestClassesExecutor.access$000(JUnitPlatformTestClassProcessor.java:99)
	at org.gradle.api.internal.tasks.testing.junitplatform.JUnitPlatformTestClassProcessor.stop(JUnitPlatformTestClassProcessor.java:94)
	at org.gradle.api.internal.tasks.testing.SuiteTestClassProcessor.stop(SuiteTestClassProcessor.java:63)
	at java.base/jdk.internal.reflect.NativeMethodAccessorImpl.invoke0(Native Method)
	at java.base/jdk.internal.reflect.NativeMethodAccessorImpl.invoke(NativeMethodAccessorImpl.java:77)
	at java.base/jdk.internal.reflect.DelegatingMethodAccessorImpl.invoke(DelegatingMethodAccessorImpl.java:43)
	at java.base/java.lang.reflect.Method.invoke(Method.java:569)
	at org.gradle.internal.dispatch.ReflectionDispatch.dispatch(ReflectionDispatch.java:36)
	at org.gradle.internal.dispatch.ReflectionDispatch.dispatch(ReflectionDispatch.java:24)
	at org.gradle.internal.dispatch.ContextClassLoaderDispatch.dispatch(ContextClassLoaderDispatch.java:33)
	at org.gradle.internal.dispatch.ProxyDispatchAdapter$DispatchingInvocationHandler.invoke(ProxyDispatchAdapter.java:92)
	at jdk.proxy1/jdk.proxy1.$Proxy4.stop(Unknown Source)
	at org.gradle.api.internal.tasks.testing.worker.TestWorker$3.run(TestWorker.java:200)
	at org.gradle.api.internal.tasks.testing.worker.TestWorker.executeAndMaintainThreadName(TestWorker.java:132)
	at org.gradle.api.internal.tasks.testing.worker.TestWorker.execute(TestWorker.java:103)
	at org.gradle.api.internal.tasks.testing.worker.TestWorker.execute(TestWorker.java:63)
	at org.gradle.process.internal.worker.child.ActionExecutionWorker.execute(ActionExecutionWorker.java:56)
	at org.gradle.process.internal.worker.child.SystemApplicationClassLoaderWorker.call(SystemApplicationClassLoaderWorker.java:122)
	at org.gradle.process.internal.worker.child.SystemApplicationClassLoaderWorker.call(SystemApplicationClassLoaderWorker.java:72)
	at worker.org.gradle.process.internal.worker.GradleWorkerMain.run(GradleWorkerMain.java:69)
	at worker.org.gradle.process.internal.worker.GradleWorkerMain.main(GradleWorkerMain.java:74)
26-08-01 17:18:45.155 [background-preinit] INFO  o.h.validator.internal.util.Version - HV000001: Hibernate Validator 8.0.1.Final
26-08-01 17:18:45.186 [Test worker] INFO  c.s.m.d.r.UserRepositoryTest - Starting UserRepositoryTest using Java 17.0.19 with PID 85758 (started by jangjunseo in /Users/jangjunseo/Desktop/codei_13th_develop/13-sprint-mission)
26-08-01 17:18:45.187 [Test worker] INFO  c.s.m.d.r.UserRepositoryTest - The following 1 profile is active: "test"
26-08-01 17:18:45.446 [Test worker] INFO  o.s.d.r.c.RepositoryConfigurationDelegate - Bootstrapping Spring Data JPA repositories in DEFAULT mode.
26-08-01 17:18:45.491 [Test worker] INFO  o.s.d.r.c.RepositoryConfigurationDelegate - Finished Spring Data repository scanning in 38 ms. Found 6 JPA repository interfaces.
26-08-01 17:18:45.526 [Test worker] INFO  o.s.b.t.a.j.TestDatabaseAutoConfiguration$EmbeddedDataSourceBeanFactoryPostProcessor - Replacing 'dataSource' DataSource bean with embedded version
26-08-01 17:18:45.602 [Test worker] INFO  o.s.j.d.e.EmbeddedDatabaseFactory - Starting embedded database: url='jdbc:h2:mem:7ea2fbdd-ea39-4089-bc24-c3278a56dc84;DB_CLOSE_DELAY=-1;DB_CLOSE_ON_EXIT=false', username='sa'
26-08-01 17:18:45.797 [Test worker] WARN  o.s.c.a.AnnotationConfigApplicationContext - Exception encountered during context initialization - cancelling refresh attempt: org.springframework.beans.factory.BeanCreationException: Error creating bean with name 'entityManagerFactory' defined in class path resource [org/springframework/boot/autoconfigure/orm/jpa/HibernateJpaConfiguration.class]: Failed to initialize dependency 'dataSourceScriptDatabaseInitializer' of LoadTimeWeaverAware bean 'entityManagerFactory': Error creating bean with name 'dataSourceScriptDatabaseInitializer' defined in class path resource [org/springframework/boot/autoconfigure/sql/init/DataSourceInitializationConfiguration.class]: Failed to execute SQL script statement #1 of file [/Users/jangjunseo/Desktop/codei_13th_develop/13-sprint-mission/build/resources/main/schema.sql]: CREATE TABLE binary_contents ( id UUID PRIMARY KEY, created_at TIMESTAMPTZ NOT NULL, file_name VARCHAR(255) NOT NULL, size BIGINT NOT NULL, content_type VARCHAR(100) NOT NULL)
26-08-01 17:18:45.808 [Test worker] INFO  o.s.b.a.l.ConditionEvaluationReportLogger - 

Error starting ApplicationContext. To display the condition evaluation report re-run your application with 'debug' enabled.
26-08-01 17:18:45.822 [Test worker] ERROR o.s.boot.SpringApplication - Application run failed
org.springframework.beans.factory.BeanCreationException: Error creating bean with name 'entityManagerFactory' defined in class path resource [org/springframework/boot/autoconfigure/orm/jpa/HibernateJpaConfiguration.class]: Failed to initialize dependency 'dataSourceScriptDatabaseInitializer' of LoadTimeWeaverAware bean 'entityManagerFactory': Error creating bean with name 'dataSourceScriptDatabaseInitializer' defined in class path resource [org/springframework/boot/autoconfigure/sql/init/DataSourceInitializationConfiguration.class]: Failed to execute SQL script statement #1 of file [/Users/jangjunseo/Desktop/codei_13th_develop/13-sprint-mission/build/resources/main/schema.sql]: CREATE TABLE binary_contents ( id UUID PRIMARY KEY, created_at TIMESTAMPTZ NOT NULL, file_name VARCHAR(255) NOT NULL, size BIGINT NOT NULL, content_type VARCHAR(100) NOT NULL)
	at org.springframework.beans.factory.support.AbstractBeanFactory.doGetBean(AbstractBeanFactory.java:325)
	at org.springframework.beans.factory.support.AbstractBeanFactory.getBean(AbstractBeanFactory.java:204)
	at org.springframework.context.support.AbstractApplicationContext.finishBeanFactoryInitialization(AbstractApplicationContext.java:970)
	at org.springframework.context.support.AbstractApplicationContext.refresh(AbstractApplicationContext.java:627)
	at org.springframework.boot.SpringApplication.refresh(SpringApplication.java:752)
	at org.springframework.boot.SpringApplication.refreshContext(SpringApplication.java:439)
	at org.springframework.boot.SpringApplication.run(SpringApplication.java:318)
	at org.springframework.boot.test.context.SpringBootContextLoader.lambda$loadContext$3(SpringBootContextLoader.java:137)
	at org.springframework.util.function.ThrowingSupplier.get(ThrowingSupplier.java:58)
	at org.springframework.util.function.ThrowingSupplier.get(ThrowingSupplier.java:46)
	at org.springframework.boot.SpringApplication.withHook(SpringApplication.java:1461)
	at org.springframework.boot.test.context.SpringBootContextLoader$ContextLoaderHook.run(SpringBootContextLoader.java:553)
	at org.springframework.boot.test.context.SpringBootContextLoader.loadContext(SpringBootContextLoader.java:137)
	at org.springframework.boot.test.context.SpringBootContextLoader.loadContext(SpringBootContextLoader.java:108)
	at org.springframework.test.context.cache.DefaultCacheAwareContextLoaderDelegate.loadContextInternal(DefaultCacheAwareContextLoaderDelegate.java:225)
	at org.springframework.test.context.cache.DefaultCacheAwareContextLoaderDelegate.loadContext(DefaultCacheAwareContextLoaderDelegate.java:152)
	at org.springframework.test.context.support.DefaultTestContext.getApplicationContext(DefaultTestContext.java:130)
	at org.springframework.test.context.support.DependencyInjectionTestExecutionListener.injectDependencies(DependencyInjectionTestExecutionListener.java:142)
	at org.springframework.test.context.support.DependencyInjectionTestExecutionListener.prepareTestInstance(DependencyInjectionTestExecutionListener.java:98)
	at org.springframework.test.context.TestContextManager.prepareTestInstance(TestContextManager.java:260)
	at org.springframework.test.context.junit.jupiter.SpringExtension.postProcessTestInstance(SpringExtension.java:160)
	at org.junit.jupiter.engine.descriptor.ClassBasedTestDescriptor.lambda$invokeTestInstancePostProcessors$11(ClassBasedTestDescriptor.java:378)
	at org.junit.jupiter.engine.descriptor.ClassBasedTestDescriptor.executeAndMaskThrowable(ClassBasedTestDescriptor.java:383)
	at org.junit.jupiter.engine.descriptor.ClassBasedTestDescriptor.lambda$invokeTestInstancePostProcessors$12(ClassBasedTestDescriptor.java:378)
	at java.base/java.util.stream.ForEachOps$ForEachOp$OfRef.accept(ForEachOps.java:183)
	at java.base/java.util.stream.ReferencePipeline$3$1.accept(ReferencePipeline.java:197)
	at java.base/java.util.stream.ReferencePipeline$2$1.accept(ReferencePipeline.java:179)
	at java.base/java.util.stream.ReferencePipeline$3$1.accept(ReferencePipeline.java:197)
	at java.base/java.util.ArrayList$ArrayListSpliterator.forEachRemaining(ArrayList.java:1625)
	at java.base/java.util.stream.AbstractPipeline.copyInto(AbstractPipeline.java:509)
	at java.base/java.util.stream.AbstractPipeline.wrapAndCopyInto(AbstractPipeline.java:499)
	at java.base/java.util.stream.ForEachOps$ForEachOp.evaluateSequential(ForEachOps.java:150)
	at java.base/java.util.stream.ForEachOps$ForEachOp$OfRef.evaluateSequential(ForEachOps.java:173)
	at java.base/java.util.stream.AbstractPipeline.evaluate(AbstractPipeline.java:234)
	at java.base/java.util.stream.ReferencePipeline.forEach(ReferencePipeline.java:596)
	at org.junit.jupiter.engine.descriptor.ClassBasedTestDescriptor.invokeTestInstancePostProcessors(ClassBasedTestDescriptor.java:377)
	at org.junit.jupiter.engine.descriptor.ClassBasedTestDescriptor.lambda$instantiateAndPostProcessTestInstance$7(ClassBasedTestDescriptor.java:290)
	at org.junit.platform.engine.support.hierarchical.ThrowableCollector.execute(ThrowableCollector.java:73)
	at org.junit.jupiter.engine.descriptor.ClassBasedTestDescriptor.instantiateAndPostProcessTestInstance(ClassBasedTestDescriptor.java:289)
	at org.junit.jupiter.engine.descriptor.ClassBasedTestDescriptor.lambda$testInstancesProvider$5(ClassBasedTestDescriptor.java:279)
	at java.base/java.util.Optional.orElseGet(Optional.java:364)
	at org.junit.jupiter.engine.descriptor.ClassBasedTestDescriptor.lambda$testInstancesProvider$6(ClassBasedTestDescriptor.java:278)
	at org.junit.jupiter.engine.execution.TestInstancesProvider.getTestInstances(TestInstancesProvider.java:31)
	at org.junit.jupiter.engine.descriptor.TestMethodTestDescriptor.lambda$prepare$1(TestMethodTestDescriptor.java:105)
	at org.junit.platform.engine.support.hierarchical.ThrowableCollector.execute(ThrowableCollector.java:73)
	at org.junit.jupiter.engine.descriptor.TestMethodTestDescriptor.prepare(TestMethodTestDescriptor.java:104)
	at org.junit.jupiter.engine.descriptor.TestMethodTestDescriptor.prepare(TestMethodTestDescriptor.java:68)
	at org.junit.platform.engine.support.hierarchical.NodeTestTask.lambda$prepare$2(NodeTestTask.java:128)
	at org.junit.platform.engine.support.hierarchical.ThrowableCollector.execute(ThrowableCollector.java:73)
	at org.junit.platform.engine.support.hierarchical.NodeTestTask.prepare(NodeTestTask.java:128)
	at org.junit.platform.engine.support.hierarchical.NodeTestTask.execute(NodeTestTask.java:95)
	at java.base/java.util.ArrayList.forEach(ArrayList.java:1511)
	at org.junit.platform.engine.support.hierarchical.SameThreadHierarchicalTestExecutorService.invokeAll(SameThreadHierarchicalTestExecutorService.java:41)
	at org.junit.platform.engine.support.hierarchical.NodeTestTask.lambda$executeRecursively$6(NodeTestTask.java:160)
	at org.junit.platform.engine.support.hierarchical.ThrowableCollector.execute(ThrowableCollector.java:73)
	at org.junit.platform.engine.support.hierarchical.NodeTestTask.lambda$executeRecursively$8(NodeTestTask.java:146)
	at org.junit.platform.engine.support.hierarchical.Node.around(Node.java:137)
	at org.junit.platform.engine.support.hierarchical.NodeTestTask.lambda$executeRecursively$9(NodeTestTask.java:144)
	at org.junit.platform.engine.support.hierarchical.ThrowableCollector.execute(ThrowableCollector.java:73)
	at org.junit.platform.engine.support.hierarchical.NodeTestTask.executeRecursively(NodeTestTask.java:143)
	at org.junit.platform.engine.support.hierarchical.NodeTestTask.execute(NodeTestTask.java:100)
	at java.base/java.util.ArrayList.forEach(ArrayList.java:1511)
	at org.junit.platform.engine.support.hierarchical.SameThreadHierarchicalTestExecutorService.invokeAll(SameThreadHierarchicalTestExecutorService.java:41)
	at org.junit.platform.engine.support.hierarchical.NodeTestTask.lambda$executeRecursively$6(NodeTestTask.java:160)
	at org.junit.platform.engine.support.hierarchical.ThrowableCollector.execute(ThrowableCollector.java:73)
	at org.junit.platform.engine.support.hierarchical.NodeTestTask.lambda$executeRecursively$8(NodeTestTask.java:146)
	at org.junit.platform.engine.support.hierarchical.Node.around(Node.java:137)
	at org.junit.platform.engine.support.hierarchical.NodeTestTask.lambda$executeRecursively$9(NodeTestTask.java:144)
	at org.junit.platform.engine.support.hierarchical.ThrowableCollector.execute(ThrowableCollector.java:73)
	at org.junit.platform.engine.support.hierarchical.NodeTestTask.executeRecursively(NodeTestTask.java:143)
	at org.junit.platform.engine.support.hierarchical.NodeTestTask.execute(NodeTestTask.java:100)
	at org.junit.platform.engine.support.hierarchical.SameThreadHierarchicalTestExecutorService.submit(SameThreadHierarchicalTestExecutorService.java:35)
	at org.junit.platform.engine.support.hierarchical.HierarchicalTestExecutor.execute(HierarchicalTestExecutor.java:57)
	at org.junit.platform.engine.support.hierarchical.HierarchicalTestEngine.execute(HierarchicalTestEngine.java:54)
	at org.junit.platform.launcher.core.EngineExecutionOrchestrator.execute(EngineExecutionOrchestrator.java:198)
	at org.junit.platform.launcher.core.EngineExecutionOrchestrator.execute(EngineExecutionOrchestrator.java:169)
	at org.junit.platform.launcher.core.EngineExecutionOrchestrator.execute(EngineExecutionOrchestrator.java:93)
	at org.junit.platform.launcher.core.EngineExecutionOrchestrator.lambda$execute$0(EngineExecutionOrchestrator.java:58)
	at org.junit.platform.launcher.core.EngineExecutionOrchestrator.withInterceptedStreams(EngineExecutionOrchestrator.java:141)
	at org.junit.platform.launcher.core.EngineExecutionOrchestrator.execute(EngineExecutionOrchestrator.java:57)
	at org.junit.platform.launcher.core.DefaultLauncher.execute(DefaultLauncher.java:103)
	at org.junit.platform.launcher.core.DefaultLauncher.execute(DefaultLauncher.java:85)
	at org.junit.platform.launcher.core.DelegatingLauncher.execute(DelegatingLauncher.java:47)
	at org.gradle.api.internal.tasks.testing.junitplatform.JUnitPlatformTestClassProcessor$CollectAllTestClassesExecutor.processAllTestClasses(JUnitPlatformTestClassProcessor.java:124)
	at org.gradle.api.internal.tasks.testing.junitplatform.JUnitPlatformTestClassProcessor$CollectAllTestClassesExecutor.access$000(JUnitPlatformTestClassProcessor.java:99)
	at org.gradle.api.internal.tasks.testing.junitplatform.JUnitPlatformTestClassProcessor.stop(JUnitPlatformTestClassProcessor.java:94)
	at org.gradle.api.internal.tasks.testing.SuiteTestClassProcessor.stop(SuiteTestClassProcessor.java:63)
	at java.base/jdk.internal.reflect.NativeMethodAccessorImpl.invoke0(Native Method)
	at java.base/jdk.internal.reflect.NativeMethodAccessorImpl.invoke(NativeMethodAccessorImpl.java:77)
	at java.base/jdk.internal.reflect.DelegatingMethodAccessorImpl.invoke(DelegatingMethodAccessorImpl.java:43)
	at java.base/java.lang.reflect.Method.invoke(Method.java:569)
	at org.gradle.internal.dispatch.ReflectionDispatch.dispatch(ReflectionDispatch.java:36)
	at org.gradle.internal.dispatch.ReflectionDispatch.dispatch(ReflectionDispatch.java:24)
	at org.gradle.internal.dispatch.ContextClassLoaderDispatch.dispatch(ContextClassLoaderDispatch.java:33)
	at org.gradle.internal.dispatch.ProxyDispatchAdapter$DispatchingInvocationHandler.invoke(ProxyDispatchAdapter.java:92)
	at jdk.proxy1/jdk.proxy1.$Proxy4.stop(Unknown Source)
	at org.gradle.api.internal.tasks.testing.worker.TestWorker$3.run(TestWorker.java:200)
	at org.gradle.api.internal.tasks.testing.worker.TestWorker.executeAndMaintainThreadName(TestWorker.java:132)
	at org.gradle.api.internal.tasks.testing.worker.TestWorker.execute(TestWorker.java:103)
	at org.gradle.api.internal.tasks.testing.worker.TestWorker.execute(TestWorker.java:63)
	at org.gradle.process.internal.worker.child.ActionExecutionWorker.execute(ActionExecutionWorker.java:56)
	at org.gradle.process.internal.worker.child.SystemApplicationClassLoaderWorker.call(SystemApplicationClassLoaderWorker.java:122)
	at org.gradle.process.internal.worker.child.SystemApplicationClassLoaderWorker.call(SystemApplicationClassLoaderWorker.java:72)
	at worker.org.gradle.process.internal.worker.GradleWorkerMain.run(GradleWorkerMain.java:69)
	at worker.org.gradle.process.internal.worker.GradleWorkerMain.main(GradleWorkerMain.java:74)
Caused by: org.springframework.beans.factory.BeanCreationException: Error creating bean with name 'dataSourceScriptDatabaseInitializer' defined in class path resource [org/springframework/boot/autoconfigure/sql/init/DataSourceInitializationConfiguration.class]: Failed to execute SQL script statement #1 of file [/Users/jangjunseo/Desktop/codei_13th_develop/13-sprint-mission/build/resources/main/schema.sql]: CREATE TABLE binary_contents ( id UUID PRIMARY KEY, created_at TIMESTAMPTZ NOT NULL, file_name VARCHAR(255) NOT NULL, size BIGINT NOT NULL, content_type VARCHAR(100) NOT NULL)
	at org.springframework.beans.factory.support.AbstractAutowireCapableBeanFactory.initializeBean(AbstractAutowireCapableBeanFactory.java:1802)
	at org.springframework.beans.factory.support.AbstractAutowireCapableBeanFactory.doCreateBean(AbstractAutowireCapableBeanFactory.java:601)
	at org.springframework.beans.factory.support.AbstractAutowireCapableBeanFactory.createBean(AbstractAutowireCapableBeanFactory.java:523)
	at org.springframework.beans.factory.support.AbstractBeanFactory.lambda$doGetBean$0(AbstractBeanFactory.java:336)
	at org.springframework.beans.factory.support.DefaultSingletonBeanRegistry.getSingleton(DefaultSingletonBeanRegistry.java:288)
	at org.springframework.beans.factory.support.AbstractBeanFactory.doGetBean(AbstractBeanFactory.java:334)
	at org.springframework.beans.factory.support.AbstractBeanFactory.getBean(AbstractBeanFactory.java:199)
	at org.springframework.beans.factory.support.AbstractBeanFactory.doGetBean(AbstractBeanFactory.java:312)
	... 104 common frames omitted
Caused by: org.springframework.jdbc.datasource.init.ScriptStatementFailedException: Failed to execute SQL script statement #1 of file [/Users/jangjunseo/Desktop/codei_13th_develop/13-sprint-mission/build/resources/main/schema.sql]: CREATE TABLE binary_contents ( id UUID PRIMARY KEY, created_at TIMESTAMPTZ NOT NULL, file_name VARCHAR(255) NOT NULL, size BIGINT NOT NULL, content_type VARCHAR(100) NOT NULL)
	at org.springframework.jdbc.datasource.init.ScriptUtils.executeSqlScript(ScriptUtils.java:282)
	at org.springframework.jdbc.datasource.init.ResourceDatabasePopulator.populate(ResourceDatabasePopulator.java:254)
	at org.springframework.jdbc.datasource.init.DatabasePopulatorUtils.execute(DatabasePopulatorUtils.java:54)
	at org.springframework.boot.jdbc.init.DataSourceScriptDatabaseInitializer.runScripts(DataSourceScriptDatabaseInitializer.java:87)
	at org.springframework.boot.sql.init.AbstractScriptDatabaseInitializer.runScripts(AbstractScriptDatabaseInitializer.java:146)
	at org.springframework.boot.sql.init.AbstractScriptDatabaseInitializer.applyScripts(AbstractScriptDatabaseInitializer.java:108)
	at org.springframework.boot.sql.init.AbstractScriptDatabaseInitializer.applySchemaScripts(AbstractScriptDatabaseInitializer.java:98)
	at org.springframework.boot.sql.init.AbstractScriptDatabaseInitializer.initializeDatabase(AbstractScriptDatabaseInitializer.java:76)
	at org.springframework.boot.sql.init.AbstractScriptDatabaseInitializer.afterPropertiesSet(AbstractScriptDatabaseInitializer.java:66)
	at org.springframework.beans.factory.support.AbstractAutowireCapableBeanFactory.invokeInitMethods(AbstractAutowireCapableBeanFactory.java:1849)
	at org.springframework.beans.factory.support.AbstractAutowireCapableBeanFactory.initializeBean(AbstractAutowireCapableBeanFactory.java:1798)
	... 111 common frames omitted
Caused by: org.h2.jdbc.JdbcSQLNonTransientException: Unknown data type: "TIMESTAMPTZ"; SQL statement:
CREATE TABLE binary_contents ( id UUID PRIMARY KEY, created_at TIMESTAMPTZ NOT NULL, file_name VARCHAR(255) NOT NULL, size BIGINT NOT NULL, content_type VARCHAR(100) NOT NULL) [50004-232]
	at org.h2.message.DbException.getJdbcSQLException(DbException.java:566)
	at org.h2.message.DbException.getJdbcSQLException(DbException.java:489)
	at org.h2.message.DbException.get(DbException.java:223)
	at org.h2.message.DbException.get(DbException.java:199)
	at org.h2.command.Parser.readIfDataType1(Parser.java:5860)
	at org.h2.command.Parser.readIfDataType(Parser.java:5698)
	at org.h2.command.Parser.parseColumnWithType(Parser.java:5680)
	at org.h2.command.Parser.parseColumnForTable(Parser.java:5559)
	at org.h2.command.Parser.parseTableColumnDefinition(Parser.java:8876)
	at org.h2.command.Parser.parseCreateTable(Parser.java:8819)
	at org.h2.command.Parser.parseCreate(Parser.java:6398)
	at org.h2.command.Parser.parsePrepared(Parser.java:645)
	at org.h2.command.Parser.parse(Parser.java:581)
	at org.h2.command.Parser.parse(Parser.java:556)
	at org.h2.command.Parser.prepareCommand(Parser.java:484)
	at org.h2.engine.SessionLocal.prepareLocal(SessionLocal.java:645)
	at org.h2.engine.SessionLocal.prepareCommand(SessionLocal.java:561)
	at org.h2.jdbc.JdbcConnection.prepareCommand(JdbcConnection.java:1164)
	at org.h2.jdbc.JdbcStatement.executeInternal(JdbcStatement.java:245)
	at org.h2.jdbc.JdbcStatement.execute(JdbcStatement.java:231)
	at org.springframework.jdbc.datasource.init.ScriptUtils.executeSqlScript(ScriptUtils.java:261)
	... 121 common frames omitted
26-08-01 17:18:45.832 [Test worker] WARN  o.s.test.context.TestContextManager - Caught exception while allowing TestExecutionListener [org.springframework.test.context.support.DependencyInjectionTestExecutionListener] to prepare test instance [com.sprint.mission.discodeit.repository.UserRepositoryTest@353e6389]
java.lang.IllegalStateException: Failed to load ApplicationContext for [MergedContextConfiguration@4be490da testClass = com.sprint.mission.discodeit.repository.UserRepositoryTest, locations = [], classes = [com.sprint.mission.discodeit.DiscodeitApplication], contextInitializerClasses = [], activeProfiles = ["test"], propertySourceDescriptors = [], propertySourceProperties = ["org.springframework.boot.test.autoconfigure.orm.jpa.DataJpaTestContextBootstrapper=true"], contextCustomizers = [org.springframework.boot.test.autoconfigure.OnFailureConditionReportContextCustomizerFactory$OnFailureConditionReportContextCustomizer@3d9f6567, org.springframework.boot.test.autoconfigure.OverrideAutoConfigurationContextCustomizerFactory$DisableAutoConfigurationContextCustomizer@35e5d0e5, org.springframework.boot.test.autoconfigure.actuate.observability.ObservabilityContextCustomizerFactory$DisableObservabilityContextCustomizer@1f, org.springframework.boot.test.autoconfigure.filter.TypeExcludeFiltersContextCustomizer@34be3d80, org.springframework.boot.test.autoconfigure.properties.PropertyMappingContextCustomizer@e5fa7f94, org.springframework.boot.test.autoconfigure.web.servlet.WebDriverContextCustomizer@68ad99fe, [ImportsContextCustomizer@4168f3d9 key = [org.springframework.boot.autoconfigure.transaction.TransactionAutoConfiguration, org.springframework.boot.autoconfigure.data.jpa.JpaRepositoriesAutoConfiguration, org.springframework.boot.test.autoconfigure.orm.jpa.TestEntityManagerAutoConfiguration, org.springframework.boot.autoconfigure.cache.CacheAutoConfiguration, org.springframework.boot.autoconfigure.orm.jpa.HibernateJpaAutoConfiguration, org.springframework.boot.autoconfigure.sql.init.SqlInitializationAutoConfiguration, org.springframework.boot.test.autoconfigure.jdbc.TestDatabaseAutoConfiguration, org.springframework.boot.autoconfigure.flyway.FlywayAutoConfiguration, org.springframework.boot.autoconfigure.jdbc.DataSourceTransactionManagerAutoConfiguration, org.springframework.boot.autoconfigure.liquibase.LiquibaseAutoConfiguration, org.springframework.boot.autoconfigure.jdbc.JdbcClientAutoConfiguration, org.springframework.boot.autoconfigure.jdbc.DataSourceAutoConfiguration, org.springframework.boot.autoconfigure.jdbc.JdbcTemplateAutoConfiguration]], org.springframework.boot.test.context.filter.ExcludeFilterContextCustomizer@3b2c0e88, org.springframework.boot.test.json.DuplicateJsonObjectContextCustomizerFactory$DuplicateJsonObjectContextCustomizer@476b0ae6, org.springframework.boot.test.mock.mockito.MockitoContextCustomizer@0, org.springframework.boot.test.web.reactor.netty.DisableReactorResourceFactoryGlobalResourcesContextCustomizerFactory$DisableReactorResourceFactoryGlobalResourcesContextCustomizerCustomizer@686449f9, org.springframework.test.context.support.DynamicPropertiesContextCustomizer@0, org.springframework.boot.test.context.SpringBootTestAnnotation@3ace99f4], contextLoader = org.springframework.boot.test.context.SpringBootContextLoader, parent = null]
	at org.springframework.test.context.cache.DefaultCacheAwareContextLoaderDelegate.loadContext(DefaultCacheAwareContextLoaderDelegate.java:180)
	at org.springframework.test.context.support.DefaultTestContext.getApplicationContext(DefaultTestContext.java:130)
	at org.springframework.test.context.support.DependencyInjectionTestExecutionListener.injectDependencies(DependencyInjectionTestExecutionListener.java:142)
	at org.springframework.test.context.support.DependencyInjectionTestExecutionListener.prepareTestInstance(DependencyInjectionTestExecutionListener.java:98)
	at org.springframework.test.context.TestContextManager.prepareTestInstance(TestContextManager.java:260)
	at org.springframework.test.context.junit.jupiter.SpringExtension.postProcessTestInstance(SpringExtension.java:160)
	at org.junit.jupiter.engine.descriptor.ClassBasedTestDescriptor.lambda$invokeTestInstancePostProcessors$11(ClassBasedTestDescriptor.java:378)
	at org.junit.jupiter.engine.descriptor.ClassBasedTestDescriptor.executeAndMaskThrowable(ClassBasedTestDescriptor.java:383)
	at org.junit.jupiter.engine.descriptor.ClassBasedTestDescriptor.lambda$invokeTestInstancePostProcessors$12(ClassBasedTestDescriptor.java:378)
	at java.base/java.util.stream.ForEachOps$ForEachOp$OfRef.accept(ForEachOps.java:183)
	at java.base/java.util.stream.ReferencePipeline$3$1.accept(ReferencePipeline.java:197)
	at java.base/java.util.stream.ReferencePipeline$2$1.accept(ReferencePipeline.java:179)
	at java.base/java.util.stream.ReferencePipeline$3$1.accept(ReferencePipeline.java:197)
	at java.base/java.util.ArrayList$ArrayListSpliterator.forEachRemaining(ArrayList.java:1625)
	at java.base/java.util.stream.AbstractPipeline.copyInto(AbstractPipeline.java:509)
	at java.base/java.util.stream.AbstractPipeline.wrapAndCopyInto(AbstractPipeline.java:499)
	at java.base/java.util.stream.ForEachOps$ForEachOp.evaluateSequential(ForEachOps.java:150)
	at java.base/java.util.stream.ForEachOps$ForEachOp$OfRef.evaluateSequential(ForEachOps.java:173)
	at java.base/java.util.stream.AbstractPipeline.evaluate(AbstractPipeline.java:234)
	at java.base/java.util.stream.ReferencePipeline.forEach(ReferencePipeline.java:596)
	at org.junit.jupiter.engine.descriptor.ClassBasedTestDescriptor.invokeTestInstancePostProcessors(ClassBasedTestDescriptor.java:377)
	at org.junit.jupiter.engine.descriptor.ClassBasedTestDescriptor.lambda$instantiateAndPostProcessTestInstance$7(ClassBasedTestDescriptor.java:290)
	at org.junit.platform.engine.support.hierarchical.ThrowableCollector.execute(ThrowableCollector.java:73)
	at org.junit.jupiter.engine.descriptor.ClassBasedTestDescriptor.instantiateAndPostProcessTestInstance(ClassBasedTestDescriptor.java:289)
	at org.junit.jupiter.engine.descriptor.ClassBasedTestDescriptor.lambda$testInstancesProvider$5(ClassBasedTestDescriptor.java:279)
	at java.base/java.util.Optional.orElseGet(Optional.java:364)
	at org.junit.jupiter.engine.descriptor.ClassBasedTestDescriptor.lambda$testInstancesProvider$6(ClassBasedTestDescriptor.java:278)
	at org.junit.jupiter.engine.execution.TestInstancesProvider.getTestInstances(TestInstancesProvider.java:31)
	at org.junit.jupiter.engine.descriptor.TestMethodTestDescriptor.lambda$prepare$1(TestMethodTestDescriptor.java:105)
	at org.junit.platform.engine.support.hierarchical.ThrowableCollector.execute(ThrowableCollector.java:73)
	at org.junit.jupiter.engine.descriptor.TestMethodTestDescriptor.prepare(TestMethodTestDescriptor.java:104)
	at org.junit.jupiter.engine.descriptor.TestMethodTestDescriptor.prepare(TestMethodTestDescriptor.java:68)
	at org.junit.platform.engine.support.hierarchical.NodeTestTask.lambda$prepare$2(NodeTestTask.java:128)
	at org.junit.platform.engine.support.hierarchical.ThrowableCollector.execute(ThrowableCollector.java:73)
	at org.junit.platform.engine.support.hierarchical.NodeTestTask.prepare(NodeTestTask.java:128)
	at org.junit.platform.engine.support.hierarchical.NodeTestTask.execute(NodeTestTask.java:95)
	at java.base/java.util.ArrayList.forEach(ArrayList.java:1511)
	at org.junit.platform.engine.support.hierarchical.SameThreadHierarchicalTestExecutorService.invokeAll(SameThreadHierarchicalTestExecutorService.java:41)
	at org.junit.platform.engine.support.hierarchical.NodeTestTask.lambda$executeRecursively$6(NodeTestTask.java:160)
	at org.junit.platform.engine.support.hierarchical.ThrowableCollector.execute(ThrowableCollector.java:73)
	at org.junit.platform.engine.support.hierarchical.NodeTestTask.lambda$executeRecursively$8(NodeTestTask.java:146)
	at org.junit.platform.engine.support.hierarchical.Node.around(Node.java:137)
	at org.junit.platform.engine.support.hierarchical.NodeTestTask.lambda$executeRecursively$9(NodeTestTask.java:144)
	at org.junit.platform.engine.support.hierarchical.ThrowableCollector.execute(ThrowableCollector.java:73)
	at org.junit.platform.engine.support.hierarchical.NodeTestTask.executeRecursively(NodeTestTask.java:143)
	at org.junit.platform.engine.support.hierarchical.NodeTestTask.execute(NodeTestTask.java:100)
	at java.base/java.util.ArrayList.forEach(ArrayList.java:1511)
	at org.junit.platform.engine.support.hierarchical.SameThreadHierarchicalTestExecutorService.invokeAll(SameThreadHierarchicalTestExecutorService.java:41)
	at org.junit.platform.engine.support.hierarchical.NodeTestTask.lambda$executeRecursively$6(NodeTestTask.java:160)
	at org.junit.platform.engine.support.hierarchical.ThrowableCollector.execute(ThrowableCollector.java:73)
	at org.junit.platform.engine.support.hierarchical.NodeTestTask.lambda$executeRecursively$8(NodeTestTask.java:146)
	at org.junit.platform.engine.support.hierarchical.Node.around(Node.java:137)
	at org.junit.platform.engine.support.hierarchical.NodeTestTask.lambda$executeRecursively$9(NodeTestTask.java:144)
	at org.junit.platform.engine.support.hierarchical.ThrowableCollector.execute(ThrowableCollector.java:73)
	at org.junit.platform.engine.support.hierarchical.NodeTestTask.executeRecursively(NodeTestTask.java:143)
	at org.junit.platform.engine.support.hierarchical.NodeTestTask.execute(NodeTestTask.java:100)
	at org.junit.platform.engine.support.hierarchical.SameThreadHierarchicalTestExecutorService.submit(SameThreadHierarchicalTestExecutorService.java:35)
	at org.junit.platform.engine.support.hierarchical.HierarchicalTestExecutor.execute(HierarchicalTestExecutor.java:57)
	at org.junit.platform.engine.support.hierarchical.HierarchicalTestEngine.execute(HierarchicalTestEngine.java:54)
	at org.junit.platform.launcher.core.EngineExecutionOrchestrator.execute(EngineExecutionOrchestrator.java:198)
	at org.junit.platform.launcher.core.EngineExecutionOrchestrator.execute(EngineExecutionOrchestrator.java:169)
	at org.junit.platform.launcher.core.EngineExecutionOrchestrator.execute(EngineExecutionOrchestrator.java:93)
	at org.junit.platform.launcher.core.EngineExecutionOrchestrator.lambda$execute$0(EngineExecutionOrchestrator.java:58)
	at org.junit.platform.launcher.core.EngineExecutionOrchestrator.withInterceptedStreams(EngineExecutionOrchestrator.java:141)
	at org.junit.platform.launcher.core.EngineExecutionOrchestrator.execute(EngineExecutionOrchestrator.java:57)
	at org.junit.platform.launcher.core.DefaultLauncher.execute(DefaultLauncher.java:103)
	at org.junit.platform.launcher.core.DefaultLauncher.execute(DefaultLauncher.java:85)
	at org.junit.platform.launcher.core.DelegatingLauncher.execute(DelegatingLauncher.java:47)
	at org.gradle.api.internal.tasks.testing.junitplatform.JUnitPlatformTestClassProcessor$CollectAllTestClassesExecutor.processAllTestClasses(JUnitPlatformTestClassProcessor.java:124)
	at org.gradle.api.internal.tasks.testing.junitplatform.JUnitPlatformTestClassProcessor$CollectAllTestClassesExecutor.access$000(JUnitPlatformTestClassProcessor.java:99)
	at org.gradle.api.internal.tasks.testing.junitplatform.JUnitPlatformTestClassProcessor.stop(JUnitPlatformTestClassProcessor.java:94)
	at org.gradle.api.internal.tasks.testing.SuiteTestClassProcessor.stop(SuiteTestClassProcessor.java:63)
	at java.base/jdk.internal.reflect.NativeMethodAccessorImpl.invoke0(Native Method)
	at java.base/jdk.internal.reflect.NativeMethodAccessorImpl.invoke(NativeMethodAccessorImpl.java:77)
	at java.base/jdk.internal.reflect.DelegatingMethodAccessorImpl.invoke(DelegatingMethodAccessorImpl.java:43)
	at java.base/java.lang.reflect.Method.invoke(Method.java:569)
	at org.gradle.internal.dispatch.ReflectionDispatch.dispatch(ReflectionDispatch.java:36)
	at org.gradle.internal.dispatch.ReflectionDispatch.dispatch(ReflectionDispatch.java:24)
	at org.gradle.internal.dispatch.ContextClassLoaderDispatch.dispatch(ContextClassLoaderDispatch.java:33)
	at org.gradle.internal.dispatch.ProxyDispatchAdapter$DispatchingInvocationHandler.invoke(ProxyDispatchAdapter.java:92)
	at jdk.proxy1/jdk.proxy1.$Proxy4.stop(Unknown Source)
	at org.gradle.api.internal.tasks.testing.worker.TestWorker$3.run(TestWorker.java:200)
	at org.gradle.api.internal.tasks.testing.worker.TestWorker.executeAndMaintainThreadName(TestWorker.java:132)
	at org.gradle.api.internal.tasks.testing.worker.TestWorker.execute(TestWorker.java:103)
	at org.gradle.api.internal.tasks.testing.worker.TestWorker.execute(TestWorker.java:63)
	at org.gradle.process.internal.worker.child.ActionExecutionWorker.execute(ActionExecutionWorker.java:56)
	at org.gradle.process.internal.worker.child.SystemApplicationClassLoaderWorker.call(SystemApplicationClassLoaderWorker.java:122)
	at org.gradle.process.internal.worker.child.SystemApplicationClassLoaderWorker.call(SystemApplicationClassLoaderWorker.java:72)
	at worker.org.gradle.process.internal.worker.GradleWorkerMain.run(GradleWorkerMain.java:69)
	at worker.org.gradle.process.internal.worker.GradleWorkerMain.main(GradleWorkerMain.java:74)
Caused by: org.springframework.beans.factory.BeanCreationException: Error creating bean with name 'entityManagerFactory' defined in class path resource [org/springframework/boot/autoconfigure/orm/jpa/HibernateJpaConfiguration.class]: Failed to initialize dependency 'dataSourceScriptDatabaseInitializer' of LoadTimeWeaverAware bean 'entityManagerFactory': Error creating bean with name 'dataSourceScriptDatabaseInitializer' defined in class path resource [org/springframework/boot/autoconfigure/sql/init/DataSourceInitializationConfiguration.class]: Failed to execute SQL script statement #1 of file [/Users/jangjunseo/Desktop/codei_13th_develop/13-sprint-mission/build/resources/main/schema.sql]: CREATE TABLE binary_contents ( id UUID PRIMARY KEY, created_at TIMESTAMPTZ NOT NULL, file_name VARCHAR(255) NOT NULL, size BIGINT NOT NULL, content_type VARCHAR(100) NOT NULL)
	at org.springframework.beans.factory.support.AbstractBeanFactory.doGetBean(AbstractBeanFactory.java:325)
	at org.springframework.beans.factory.support.AbstractBeanFactory.getBean(AbstractBeanFactory.java:204)
	at org.springframework.context.support.AbstractApplicationContext.finishBeanFactoryInitialization(AbstractApplicationContext.java:970)
	at org.springframework.context.support.AbstractApplicationContext.refresh(AbstractApplicationContext.java:627)
	at org.springframework.boot.SpringApplication.refresh(SpringApplication.java:752)
	at org.springframework.boot.SpringApplication.refreshContext(SpringApplication.java:439)
	at org.springframework.boot.SpringApplication.run(SpringApplication.java:318)
	at org.springframework.boot.test.context.SpringBootContextLoader.lambda$loadContext$3(SpringBootContextLoader.java:137)
	at org.springframework.util.function.ThrowingSupplier.get(ThrowingSupplier.java:58)
	at org.springframework.util.function.ThrowingSupplier.get(ThrowingSupplier.java:46)
	at org.springframework.boot.SpringApplication.withHook(SpringApplication.java:1461)
	at org.springframework.boot.test.context.SpringBootContextLoader$ContextLoaderHook.run(SpringBootContextLoader.java:553)
	at org.springframework.boot.test.context.SpringBootContextLoader.loadContext(SpringBootContextLoader.java:137)
	at org.springframework.boot.test.context.SpringBootContextLoader.loadContext(SpringBootContextLoader.java:108)
	at org.springframework.test.context.cache.DefaultCacheAwareContextLoaderDelegate.loadContextInternal(DefaultCacheAwareContextLoaderDelegate.java:225)
	at org.springframework.test.context.cache.DefaultCacheAwareContextLoaderDelegate.loadContext(DefaultCacheAwareContextLoaderDelegate.java:152)
	... 89 common frames omitted
Caused by: org.springframework.beans.factory.BeanCreationException: Error creating bean with name 'dataSourceScriptDatabaseInitializer' defined in class path resource [org/springframework/boot/autoconfigure/sql/init/DataSourceInitializationConfiguration.class]: Failed to execute SQL script statement #1 of file [/Users/jangjunseo/Desktop/codei_13th_develop/13-sprint-mission/build/resources/main/schema.sql]: CREATE TABLE binary_contents ( id UUID PRIMARY KEY, created_at TIMESTAMPTZ NOT NULL, file_name VARCHAR(255) NOT NULL, size BIGINT NOT NULL, content_type VARCHAR(100) NOT NULL)
	at org.springframework.beans.factory.support.AbstractAutowireCapableBeanFactory.initializeBean(AbstractAutowireCapableBeanFactory.java:1802)
	at org.springframework.beans.factory.support.AbstractAutowireCapableBeanFactory.doCreateBean(AbstractAutowireCapableBeanFactory.java:601)
	at org.springframework.beans.factory.support.AbstractAutowireCapableBeanFactory.createBean(AbstractAutowireCapableBeanFactory.java:523)
	at org.springframework.beans.factory.support.AbstractBeanFactory.lambda$doGetBean$0(AbstractBeanFactory.java:336)
	at org.springframework.beans.factory.support.DefaultSingletonBeanRegistry.getSingleton(DefaultSingletonBeanRegistry.java:288)
	at org.springframework.beans.factory.support.AbstractBeanFactory.doGetBean(AbstractBeanFactory.java:334)
	at org.springframework.beans.factory.support.AbstractBeanFactory.getBean(AbstractBeanFactory.java:199)
	at org.springframework.beans.factory.support.AbstractBeanFactory.doGetBean(AbstractBeanFactory.java:312)
	... 104 common frames omitted
Caused by: org.springframework.jdbc.datasource.init.ScriptStatementFailedException: Failed to execute SQL script statement #1 of file [/Users/jangjunseo/Desktop/codei_13th_develop/13-sprint-mission/build/resources/main/schema.sql]: CREATE TABLE binary_contents ( id UUID PRIMARY KEY, created_at TIMESTAMPTZ NOT NULL, file_name VARCHAR(255) NOT NULL, size BIGINT NOT NULL, content_type VARCHAR(100) NOT NULL)
	at org.springframework.jdbc.datasource.init.ScriptUtils.executeSqlScript(ScriptUtils.java:282)
	at org.springframework.jdbc.datasource.init.ResourceDatabasePopulator.populate(ResourceDatabasePopulator.java:254)
	at org.springframework.jdbc.datasource.init.DatabasePopulatorUtils.execute(DatabasePopulatorUtils.java:54)
	at org.springframework.boot.jdbc.init.DataSourceScriptDatabaseInitializer.runScripts(DataSourceScriptDatabaseInitializer.java:87)
	at org.springframework.boot.sql.init.AbstractScriptDatabaseInitializer.runScripts(AbstractScriptDatabaseInitializer.java:146)
	at org.springframework.boot.sql.init.AbstractScriptDatabaseInitializer.applyScripts(AbstractScriptDatabaseInitializer.java:108)
	at org.springframework.boot.sql.init.AbstractScriptDatabaseInitializer.applySchemaScripts(AbstractScriptDatabaseInitializer.java:98)
	at org.springframework.boot.sql.init.AbstractScriptDatabaseInitializer.initializeDatabase(AbstractScriptDatabaseInitializer.java:76)
	at org.springframework.boot.sql.init.AbstractScriptDatabaseInitializer.afterPropertiesSet(AbstractScriptDatabaseInitializer.java:66)
	at org.springframework.beans.factory.support.AbstractAutowireCapableBeanFactory.invokeInitMethods(AbstractAutowireCapableBeanFactory.java:1849)
	at org.springframework.beans.factory.support.AbstractAutowireCapableBeanFactory.initializeBean(AbstractAutowireCapableBeanFactory.java:1798)
	... 111 common frames omitted
Caused by: org.h2.jdbc.JdbcSQLNonTransientException: Unknown data type: "TIMESTAMPTZ"; SQL statement:
CREATE TABLE binary_contents ( id UUID PRIMARY KEY, created_at TIMESTAMPTZ NOT NULL, file_name VARCHAR(255) NOT NULL, size BIGINT NOT NULL, content_type VARCHAR(100) NOT NULL) [50004-232]
	at org.h2.message.DbException.getJdbcSQLException(DbException.java:566)
	at org.h2.message.DbException.getJdbcSQLException(DbException.java:489)
	at org.h2.message.DbException.get(DbException.java:223)
	at org.h2.message.DbException.get(DbException.java:199)
	at org.h2.command.Parser.readIfDataType1(Parser.java:5860)
	at org.h2.command.Parser.readIfDataType(Parser.java:5698)
	at org.h2.command.Parser.parseColumnWithType(Parser.java:5680)
	at org.h2.command.Parser.parseColumnForTable(Parser.java:5559)
	at org.h2.command.Parser.parseTableColumnDefinition(Parser.java:8876)
	at org.h2.command.Parser.parseCreateTable(Parser.java:8819)
	at org.h2.command.Parser.parseCreate(Parser.java:6398)
	at org.h2.command.Parser.parsePrepared(Parser.java:645)
	at org.h2.command.Parser.parse(Parser.java:581)
	at org.h2.command.Parser.parse(Parser.java:556)
	at org.h2.command.Parser.prepareCommand(Parser.java:484)
	at org.h2.engine.SessionLocal.prepareLocal(SessionLocal.java:645)
	at org.h2.engine.SessionLocal.prepareCommand(SessionLocal.java:561)
	at org.h2.jdbc.JdbcConnection.prepareCommand(JdbcConnection.java:1164)
	at org.h2.jdbc.JdbcStatement.executeInternal(JdbcStatement.java:245)
	at org.h2.jdbc.JdbcStatement.execute(JdbcStatement.java:231)
	at org.springframework.jdbc.datasource.init.ScriptUtils.executeSqlScript(ScriptUtils.java:261)
	... 121 common frames omitted
26-08-01 17:18:45.851 [Test worker] WARN  o.s.test.context.TestContextManager - Caught exception while allowing TestExecutionListener [org.springframework.test.context.support.DependencyInjectionTestExecutionListener] to prepare test instance [com.sprint.mission.discodeit.repository.UserRepositoryTest@391d1e33]
java.lang.IllegalStateException: ApplicationContext failure threshold (1) exceeded: skipping repeated attempt to load context for [MergedContextConfiguration@4be490da testClass = com.sprint.mission.discodeit.repository.UserRepositoryTest, locations = [], classes = [com.sprint.mission.discodeit.DiscodeitApplication], contextInitializerClasses = [], activeProfiles = ["test"], propertySourceDescriptors = [], propertySourceProperties = ["org.springframework.boot.test.autoconfigure.orm.jpa.DataJpaTestContextBootstrapper=true"], contextCustomizers = [org.springframework.boot.test.autoconfigure.OnFailureConditionReportContextCustomizerFactory$OnFailureConditionReportContextCustomizer@3d9f6567, org.springframework.boot.test.autoconfigure.OverrideAutoConfigurationContextCustomizerFactory$DisableAutoConfigurationContextCustomizer@35e5d0e5, org.springframework.boot.test.autoconfigure.actuate.observability.ObservabilityContextCustomizerFactory$DisableObservabilityContextCustomizer@1f, org.springframework.boot.test.autoconfigure.filter.TypeExcludeFiltersContextCustomizer@34be3d80, org.springframework.boot.test.autoconfigure.properties.PropertyMappingContextCustomizer@e5fa7f94, org.springframework.boot.test.autoconfigure.web.servlet.WebDriverContextCustomizer@68ad99fe, [ImportsContextCustomizer@4168f3d9 key = [org.springframework.boot.autoconfigure.transaction.TransactionAutoConfiguration, org.springframework.boot.autoconfigure.data.jpa.JpaRepositoriesAutoConfiguration, org.springframework.boot.test.autoconfigure.orm.jpa.TestEntityManagerAutoConfiguration, org.springframework.boot.autoconfigure.cache.CacheAutoConfiguration, org.springframework.boot.autoconfigure.orm.jpa.HibernateJpaAutoConfiguration, org.springframework.boot.autoconfigure.sql.init.SqlInitializationAutoConfiguration, org.springframework.boot.test.autoconfigure.jdbc.TestDatabaseAutoConfiguration, org.springframework.boot.autoconfigure.flyway.FlywayAutoConfiguration, org.springframework.boot.autoconfigure.jdbc.DataSourceTransactionManagerAutoConfiguration, org.springframework.boot.autoconfigure.liquibase.LiquibaseAutoConfiguration, org.springframework.boot.autoconfigure.jdbc.JdbcClientAutoConfiguration, org.springframework.boot.autoconfigure.jdbc.DataSourceAutoConfiguration, org.springframework.boot.autoconfigure.jdbc.JdbcTemplateAutoConfiguration]], org.springframework.boot.test.context.filter.ExcludeFilterContextCustomizer@3b2c0e88, org.springframework.boot.test.json.DuplicateJsonObjectContextCustomizerFactory$DuplicateJsonObjectContextCustomizer@476b0ae6, org.springframework.boot.test.mock.mockito.MockitoContextCustomizer@0, org.springframework.boot.test.web.reactor.netty.DisableReactorResourceFactoryGlobalResourcesContextCustomizerFactory$DisableReactorResourceFactoryGlobalResourcesContextCustomizerCustomizer@686449f9, org.springframework.test.context.support.DynamicPropertiesContextCustomizer@0, org.springframework.boot.test.context.SpringBootTestAnnotation@3ace99f4], contextLoader = org.springframework.boot.test.context.SpringBootContextLoader, parent = null]
	at org.springframework.test.context.cache.DefaultCacheAwareContextLoaderDelegate.loadContext(DefaultCacheAwareContextLoaderDelegate.java:145)
	at org.springframework.test.context.support.DefaultTestContext.getApplicationContext(DefaultTestContext.java:130)
	at org.springframework.test.context.support.DependencyInjectionTestExecutionListener.injectDependencies(DependencyInjectionTestExecutionListener.java:142)
	at org.springframework.test.context.support.DependencyInjectionTestExecutionListener.prepareTestInstance(DependencyInjectionTestExecutionListener.java:98)
	at org.springframework.test.context.TestContextManager.prepareTestInstance(TestContextManager.java:260)
	at org.springframework.test.context.junit.jupiter.SpringExtension.postProcessTestInstance(SpringExtension.java:160)
	at org.junit.jupiter.engine.descriptor.ClassBasedTestDescriptor.lambda$invokeTestInstancePostProcessors$11(ClassBasedTestDescriptor.java:378)
	at org.junit.jupiter.engine.descriptor.ClassBasedTestDescriptor.executeAndMaskThrowable(ClassBasedTestDescriptor.java:383)
	at org.junit.jupiter.engine.descriptor.ClassBasedTestDescriptor.lambda$invokeTestInstancePostProcessors$12(ClassBasedTestDescriptor.java:378)
	at java.base/java.util.stream.ForEachOps$ForEachOp$OfRef.accept(ForEachOps.java:183)
	at java.base/java.util.stream.ReferencePipeline$3$1.accept(ReferencePipeline.java:197)
	at java.base/java.util.stream.ReferencePipeline$2$1.accept(ReferencePipeline.java:179)
	at java.base/java.util.stream.ReferencePipeline$3$1.accept(ReferencePipeline.java:197)
	at java.base/java.util.ArrayList$ArrayListSpliterator.forEachRemaining(ArrayList.java:1625)
	at java.base/java.util.stream.AbstractPipeline.copyInto(AbstractPipeline.java:509)
	at java.base/java.util.stream.AbstractPipeline.wrapAndCopyInto(AbstractPipeline.java:499)
	at java.base/java.util.stream.ForEachOps$ForEachOp.evaluateSequential(ForEachOps.java:150)
	at java.base/java.util.stream.ForEachOps$ForEachOp$OfRef.evaluateSequential(ForEachOps.java:173)
	at java.base/java.util.stream.AbstractPipeline.evaluate(AbstractPipeline.java:234)
	at java.base/java.util.stream.ReferencePipeline.forEach(ReferencePipeline.java:596)
	at org.junit.jupiter.engine.descriptor.ClassBasedTestDescriptor.invokeTestInstancePostProcessors(ClassBasedTestDescriptor.java:377)
	at org.junit.jupiter.engine.descriptor.ClassBasedTestDescriptor.lambda$instantiateAndPostProcessTestInstance$7(ClassBasedTestDescriptor.java:290)
	at org.junit.platform.engine.support.hierarchical.ThrowableCollector.execute(ThrowableCollector.java:73)
	at org.junit.jupiter.engine.descriptor.ClassBasedTestDescriptor.instantiateAndPostProcessTestInstance(ClassBasedTestDescriptor.java:289)
	at org.junit.jupiter.engine.descriptor.ClassBasedTestDescriptor.lambda$testInstancesProvider$5(ClassBasedTestDescriptor.java:279)
	at java.base/java.util.Optional.orElseGet(Optional.java:364)
	at org.junit.jupiter.engine.descriptor.ClassBasedTestDescriptor.lambda$testInstancesProvider$6(ClassBasedTestDescriptor.java:278)
	at org.junit.jupiter.engine.execution.TestInstancesProvider.getTestInstances(TestInstancesProvider.java:31)
	at org.junit.jupiter.engine.descriptor.TestMethodTestDescriptor.lambda$prepare$1(TestMethodTestDescriptor.java:105)
	at org.junit.platform.engine.support.hierarchical.ThrowableCollector.execute(ThrowableCollector.java:73)
	at org.junit.jupiter.engine.descriptor.TestMethodTestDescriptor.prepare(TestMethodTestDescriptor.java:104)
	at org.junit.jupiter.engine.descriptor.TestMethodTestDescriptor.prepare(TestMethodTestDescriptor.java:68)
	at org.junit.platform.engine.support.hierarchical.NodeTestTask.lambda$prepare$2(NodeTestTask.java:128)
	at org.junit.platform.engine.support.hierarchical.ThrowableCollector.execute(ThrowableCollector.java:73)
	at org.junit.platform.engine.support.hierarchical.NodeTestTask.prepare(NodeTestTask.java:128)
	at org.junit.platform.engine.support.hierarchical.NodeTestTask.execute(NodeTestTask.java:95)
	at java.base/java.util.ArrayList.forEach(ArrayList.java:1511)
	at org.junit.platform.engine.support.hierarchical.SameThreadHierarchicalTestExecutorService.invokeAll(SameThreadHierarchicalTestExecutorService.java:41)
	at org.junit.platform.engine.support.hierarchical.NodeTestTask.lambda$executeRecursively$6(NodeTestTask.java:160)
	at org.junit.platform.engine.support.hierarchical.ThrowableCollector.execute(ThrowableCollector.java:73)
	at org.junit.platform.engine.support.hierarchical.NodeTestTask.lambda$executeRecursively$8(NodeTestTask.java:146)
	at org.junit.platform.engine.support.hierarchical.Node.around(Node.java:137)
	at org.junit.platform.engine.support.hierarchical.NodeTestTask.lambda$executeRecursively$9(NodeTestTask.java:144)
	at org.junit.platform.engine.support.hierarchical.ThrowableCollector.execute(ThrowableCollector.java:73)
	at org.junit.platform.engine.support.hierarchical.NodeTestTask.executeRecursively(NodeTestTask.java:143)
	at org.junit.platform.engine.support.hierarchical.NodeTestTask.execute(NodeTestTask.java:100)
	at java.base/java.util.ArrayList.forEach(ArrayList.java:1511)
	at org.junit.platform.engine.support.hierarchical.SameThreadHierarchicalTestExecutorService.invokeAll(SameThreadHierarchicalTestExecutorService.java:41)
	at org.junit.platform.engine.support.hierarchical.NodeTestTask.lambda$executeRecursively$6(NodeTestTask.java:160)
	at org.junit.platform.engine.support.hierarchical.ThrowableCollector.execute(ThrowableCollector.java:73)
	at org.junit.platform.engine.support.hierarchical.NodeTestTask.lambda$executeRecursively$8(NodeTestTask.java:146)
	at org.junit.platform.engine.support.hierarchical.Node.around(Node.java:137)
	at org.junit.platform.engine.support.hierarchical.NodeTestTask.lambda$executeRecursively$9(NodeTestTask.java:144)
	at org.junit.platform.engine.support.hierarchical.ThrowableCollector.execute(ThrowableCollector.java:73)
	at org.junit.platform.engine.support.hierarchical.NodeTestTask.executeRecursively(NodeTestTask.java:143)
	at org.junit.platform.engine.support.hierarchical.NodeTestTask.execute(NodeTestTask.java:100)
	at org.junit.platform.engine.support.hierarchical.SameThreadHierarchicalTestExecutorService.submit(SameThreadHierarchicalTestExecutorService.java:35)
	at org.junit.platform.engine.support.hierarchical.HierarchicalTestExecutor.execute(HierarchicalTestExecutor.java:57)
	at org.junit.platform.engine.support.hierarchical.HierarchicalTestEngine.execute(HierarchicalTestEngine.java:54)
	at org.junit.platform.launcher.core.EngineExecutionOrchestrator.execute(EngineExecutionOrchestrator.java:198)
	at org.junit.platform.launcher.core.EngineExecutionOrchestrator.execute(EngineExecutionOrchestrator.java:169)
	at org.junit.platform.launcher.core.EngineExecutionOrchestrator.execute(EngineExecutionOrchestrator.java:93)
	at org.junit.platform.launcher.core.EngineExecutionOrchestrator.lambda$execute$0(EngineExecutionOrchestrator.java:58)
	at org.junit.platform.launcher.core.EngineExecutionOrchestrator.withInterceptedStreams(EngineExecutionOrchestrator.java:141)
	at org.junit.platform.launcher.core.EngineExecutionOrchestrator.execute(EngineExecutionOrchestrator.java:57)
	at org.junit.platform.launcher.core.DefaultLauncher.execute(DefaultLauncher.java:103)
	at org.junit.platform.launcher.core.DefaultLauncher.execute(DefaultLauncher.java:85)
	at org.junit.platform.launcher.core.DelegatingLauncher.execute(DelegatingLauncher.java:47)
	at org.gradle.api.internal.tasks.testing.junitplatform.JUnitPlatformTestClassProcessor$CollectAllTestClassesExecutor.processAllTestClasses(JUnitPlatformTestClassProcessor.java:124)
	at org.gradle.api.internal.tasks.testing.junitplatform.JUnitPlatformTestClassProcessor$CollectAllTestClassesExecutor.access$000(JUnitPlatformTestClassProcessor.java:99)
	at org.gradle.api.internal.tasks.testing.junitplatform.JUnitPlatformTestClassProcessor.stop(JUnitPlatformTestClassProcessor.java:94)
	at org.gradle.api.internal.tasks.testing.SuiteTestClassProcessor.stop(SuiteTestClassProcessor.java:63)
	at java.base/jdk.internal.reflect.NativeMethodAccessorImpl.invoke0(Native Method)
	at java.base/jdk.internal.reflect.NativeMethodAccessorImpl.invoke(NativeMethodAccessorImpl.java:77)
	at java.base/jdk.internal.reflect.DelegatingMethodAccessorImpl.invoke(DelegatingMethodAccessorImpl.java:43)
	at java.base/java.lang.reflect.Method.invoke(Method.java:569)
	at org.gradle.internal.dispatch.ReflectionDispatch.dispatch(ReflectionDispatch.java:36)
	at org.gradle.internal.dispatch.ReflectionDispatch.dispatch(ReflectionDispatch.java:24)
	at org.gradle.internal.dispatch.ContextClassLoaderDispatch.dispatch(ContextClassLoaderDispatch.java:33)
	at org.gradle.internal.dispatch.ProxyDispatchAdapter$DispatchingInvocationHandler.invoke(ProxyDispatchAdapter.java:92)
	at jdk.proxy1/jdk.proxy1.$Proxy4.stop(Unknown Source)
	at org.gradle.api.internal.tasks.testing.worker.TestWorker$3.run(TestWorker.java:200)
	at org.gradle.api.internal.tasks.testing.worker.TestWorker.executeAndMaintainThreadName(TestWorker.java:132)
	at org.gradle.api.internal.tasks.testing.worker.TestWorker.execute(TestWorker.java:103)
	at org.gradle.api.internal.tasks.testing.worker.TestWorker.execute(TestWorker.java:63)
	at org.gradle.process.internal.worker.child.ActionExecutionWorker.execute(ActionExecutionWorker.java:56)
	at org.gradle.process.internal.worker.child.SystemApplicationClassLoaderWorker.call(SystemApplicationClassLoaderWorker.java:122)
	at org.gradle.process.internal.worker.child.SystemApplicationClassLoaderWorker.call(SystemApplicationClassLoaderWorker.java:72)
	at worker.org.gradle.process.internal.worker.GradleWorkerMain.run(GradleWorkerMain.java:69)
	at worker.org.gradle.process.internal.worker.GradleWorkerMain.main(GradleWorkerMain.java:74)
26-08-01 17:18:45.853 [Test worker] WARN  o.s.test.context.TestContextManager - Caught exception while allowing TestExecutionListener [org.springframework.test.context.support.DependencyInjectionTestExecutionListener] to prepare test instance [com.sprint.mission.discodeit.repository.UserRepositoryTest@2871ac91]
java.lang.IllegalStateException: ApplicationContext failure threshold (1) exceeded: skipping repeated attempt to load context for [MergedContextConfiguration@4be490da testClass = com.sprint.mission.discodeit.repository.UserRepositoryTest, locations = [], classes = [com.sprint.mission.discodeit.DiscodeitApplication], contextInitializerClasses = [], activeProfiles = ["test"], propertySourceDescriptors = [], propertySourceProperties = ["org.springframework.boot.test.autoconfigure.orm.jpa.DataJpaTestContextBootstrapper=true"], contextCustomizers = [org.springframework.boot.test.autoconfigure.OnFailureConditionReportContextCustomizerFactory$OnFailureConditionReportContextCustomizer@3d9f6567, org.springframework.boot.test.autoconfigure.OverrideAutoConfigurationContextCustomizerFactory$DisableAutoConfigurationContextCustomizer@35e5d0e5, org.springframework.boot.test.autoconfigure.actuate.observability.ObservabilityContextCustomizerFactory$DisableObservabilityContextCustomizer@1f, org.springframework.boot.test.autoconfigure.filter.TypeExcludeFiltersContextCustomizer@34be3d80, org.springframework.boot.test.autoconfigure.properties.PropertyMappingContextCustomizer@e5fa7f94, org.springframework.boot.test.autoconfigure.web.servlet.WebDriverContextCustomizer@68ad99fe, [ImportsContextCustomizer@4168f3d9 key = [org.springframework.boot.autoconfigure.transaction.TransactionAutoConfiguration, org.springframework.boot.autoconfigure.data.jpa.JpaRepositoriesAutoConfiguration, org.springframework.boot.test.autoconfigure.orm.jpa.TestEntityManagerAutoConfiguration, org.springframework.boot.autoconfigure.cache.CacheAutoConfiguration, org.springframework.boot.autoconfigure.orm.jpa.HibernateJpaAutoConfiguration, org.springframework.boot.autoconfigure.sql.init.SqlInitializationAutoConfiguration, org.springframework.boot.test.autoconfigure.jdbc.TestDatabaseAutoConfiguration, org.springframework.boot.autoconfigure.flyway.FlywayAutoConfiguration, org.springframework.boot.autoconfigure.jdbc.DataSourceTransactionManagerAutoConfiguration, org.springframework.boot.autoconfigure.liquibase.LiquibaseAutoConfiguration, org.springframework.boot.autoconfigure.jdbc.JdbcClientAutoConfiguration, org.springframework.boot.autoconfigure.jdbc.DataSourceAutoConfiguration, org.springframework.boot.autoconfigure.jdbc.JdbcTemplateAutoConfiguration]], org.springframework.boot.test.context.filter.ExcludeFilterContextCustomizer@3b2c0e88, org.springframework.boot.test.json.DuplicateJsonObjectContextCustomizerFactory$DuplicateJsonObjectContextCustomizer@476b0ae6, org.springframework.boot.test.mock.mockito.MockitoContextCustomizer@0, org.springframework.boot.test.web.reactor.netty.DisableReactorResourceFactoryGlobalResourcesContextCustomizerFactory$DisableReactorResourceFactoryGlobalResourcesContextCustomizerCustomizer@686449f9, org.springframework.test.context.support.DynamicPropertiesContextCustomizer@0, org.springframework.boot.test.context.SpringBootTestAnnotation@3ace99f4], contextLoader = org.springframework.boot.test.context.SpringBootContextLoader, parent = null]
	at org.springframework.test.context.cache.DefaultCacheAwareContextLoaderDelegate.loadContext(DefaultCacheAwareContextLoaderDelegate.java:145)
	at org.springframework.test.context.support.DefaultTestContext.getApplicationContext(DefaultTestContext.java:130)
	at org.springframework.test.context.support.DependencyInjectionTestExecutionListener.injectDependencies(DependencyInjectionTestExecutionListener.java:142)
	at org.springframework.test.context.support.DependencyInjectionTestExecutionListener.prepareTestInstance(DependencyInjectionTestExecutionListener.java:98)
	at org.springframework.test.context.TestContextManager.prepareTestInstance(TestContextManager.java:260)
	at org.springframework.test.context.junit.jupiter.SpringExtension.postProcessTestInstance(SpringExtension.java:160)
	at org.junit.jupiter.engine.descriptor.ClassBasedTestDescriptor.lambda$invokeTestInstancePostProcessors$11(ClassBasedTestDescriptor.java:378)
	at org.junit.jupiter.engine.descriptor.ClassBasedTestDescriptor.executeAndMaskThrowable(ClassBasedTestDescriptor.java:383)
	at org.junit.jupiter.engine.descriptor.ClassBasedTestDescriptor.lambda$invokeTestInstancePostProcessors$12(ClassBasedTestDescriptor.java:378)
	at java.base/java.util.stream.ForEachOps$ForEachOp$OfRef.accept(ForEachOps.java:183)
	at java.base/java.util.stream.ReferencePipeline$3$1.accept(ReferencePipeline.java:197)
	at java.base/java.util.stream.ReferencePipeline$2$1.accept(ReferencePipeline.java:179)
	at java.base/java.util.stream.ReferencePipeline$3$1.accept(ReferencePipeline.java:197)
	at java.base/java.util.ArrayList$ArrayListSpliterator.forEachRemaining(ArrayList.java:1625)
	at java.base/java.util.stream.AbstractPipeline.copyInto(AbstractPipeline.java:509)
	at java.base/java.util.stream.AbstractPipeline.wrapAndCopyInto(AbstractPipeline.java:499)
	at java.base/java.util.stream.ForEachOps$ForEachOp.evaluateSequential(ForEachOps.java:150)
	at java.base/java.util.stream.ForEachOps$ForEachOp$OfRef.evaluateSequential(ForEachOps.java:173)
	at java.base/java.util.stream.AbstractPipeline.evaluate(AbstractPipeline.java:234)
	at java.base/java.util.stream.ReferencePipeline.forEach(ReferencePipeline.java:596)
	at org.junit.jupiter.engine.descriptor.ClassBasedTestDescriptor.invokeTestInstancePostProcessors(ClassBasedTestDescriptor.java:377)
	at org.junit.jupiter.engine.descriptor.ClassBasedTestDescriptor.lambda$instantiateAndPostProcessTestInstance$7(ClassBasedTestDescriptor.java:290)
	at org.junit.platform.engine.support.hierarchical.ThrowableCollector.execute(ThrowableCollector.java:73)
	at org.junit.jupiter.engine.descriptor.ClassBasedTestDescriptor.instantiateAndPostProcessTestInstance(ClassBasedTestDescriptor.java:289)
	at org.junit.jupiter.engine.descriptor.ClassBasedTestDescriptor.lambda$testInstancesProvider$5(ClassBasedTestDescriptor.java:279)
	at java.base/java.util.Optional.orElseGet(Optional.java:364)
	at org.junit.jupiter.engine.descriptor.ClassBasedTestDescriptor.lambda$testInstancesProvider$6(ClassBasedTestDescriptor.java:278)
	at org.junit.jupiter.engine.execution.TestInstancesProvider.getTestInstances(TestInstancesProvider.java:31)
	at org.junit.jupiter.engine.descriptor.TestMethodTestDescriptor.lambda$prepare$1(TestMethodTestDescriptor.java:105)
	at org.junit.platform.engine.support.hierarchical.ThrowableCollector.execute(ThrowableCollector.java:73)
	at org.junit.jupiter.engine.descriptor.TestMethodTestDescriptor.prepare(TestMethodTestDescriptor.java:104)
	at org.junit.jupiter.engine.descriptor.TestMethodTestDescriptor.prepare(TestMethodTestDescriptor.java:68)
	at org.junit.platform.engine.support.hierarchical.NodeTestTask.lambda$prepare$2(NodeTestTask.java:128)
	at org.junit.platform.engine.support.hierarchical.ThrowableCollector.execute(ThrowableCollector.java:73)
	at org.junit.platform.engine.support.hierarchical.NodeTestTask.prepare(NodeTestTask.java:128)
	at org.junit.platform.engine.support.hierarchical.NodeTestTask.execute(NodeTestTask.java:95)
	at java.base/java.util.ArrayList.forEach(ArrayList.java:1511)
	at org.junit.platform.engine.support.hierarchical.SameThreadHierarchicalTestExecutorService.invokeAll(SameThreadHierarchicalTestExecutorService.java:41)
	at org.junit.platform.engine.support.hierarchical.NodeTestTask.lambda$executeRecursively$6(NodeTestTask.java:160)
	at org.junit.platform.engine.support.hierarchical.ThrowableCollector.execute(ThrowableCollector.java:73)
	at org.junit.platform.engine.support.hierarchical.NodeTestTask.lambda$executeRecursively$8(NodeTestTask.java:146)
	at org.junit.platform.engine.support.hierarchical.Node.around(Node.java:137)
	at org.junit.platform.engine.support.hierarchical.NodeTestTask.lambda$executeRecursively$9(NodeTestTask.java:144)
	at org.junit.platform.engine.support.hierarchical.ThrowableCollector.execute(ThrowableCollector.java:73)
	at org.junit.platform.engine.support.hierarchical.NodeTestTask.executeRecursively(NodeTestTask.java:143)
	at org.junit.platform.engine.support.hierarchical.NodeTestTask.execute(NodeTestTask.java:100)
	at java.base/java.util.ArrayList.forEach(ArrayList.java:1511)
	at org.junit.platform.engine.support.hierarchical.SameThreadHierarchicalTestExecutorService.invokeAll(SameThreadHierarchicalTestExecutorService.java:41)
	at org.junit.platform.engine.support.hierarchical.NodeTestTask.lambda$executeRecursively$6(NodeTestTask.java:160)
	at org.junit.platform.engine.support.hierarchical.ThrowableCollector.execute(ThrowableCollector.java:73)
	at org.junit.platform.engine.support.hierarchical.NodeTestTask.lambda$executeRecursively$8(NodeTestTask.java:146)
	at org.junit.platform.engine.support.hierarchical.Node.around(Node.java:137)
	at org.junit.platform.engine.support.hierarchical.NodeTestTask.lambda$executeRecursively$9(NodeTestTask.java:144)
	at org.junit.platform.engine.support.hierarchical.ThrowableCollector.execute(ThrowableCollector.java:73)
	at org.junit.platform.engine.support.hierarchical.NodeTestTask.executeRecursively(NodeTestTask.java:143)
	at org.junit.platform.engine.support.hierarchical.NodeTestTask.execute(NodeTestTask.java:100)
	at org.junit.platform.engine.support.hierarchical.SameThreadHierarchicalTestExecutorService.submit(SameThreadHierarchicalTestExecutorService.java:35)
	at org.junit.platform.engine.support.hierarchical.HierarchicalTestExecutor.execute(HierarchicalTestExecutor.java:57)
	at org.junit.platform.engine.support.hierarchical.HierarchicalTestEngine.execute(HierarchicalTestEngine.java:54)
	at org.junit.platform.launcher.core.EngineExecutionOrchestrator.execute(EngineExecutionOrchestrator.java:198)
	at org.junit.platform.launcher.core.EngineExecutionOrchestrator.execute(EngineExecutionOrchestrator.java:169)
	at org.junit.platform.launcher.core.EngineExecutionOrchestrator.execute(EngineExecutionOrchestrator.java:93)
	at org.junit.platform.launcher.core.EngineExecutionOrchestrator.lambda$execute$0(EngineExecutionOrchestrator.java:58)
	at org.junit.platform.launcher.core.EngineExecutionOrchestrator.withInterceptedStreams(EngineExecutionOrchestrator.java:141)
	at org.junit.platform.launcher.core.EngineExecutionOrchestrator.execute(EngineExecutionOrchestrator.java:57)
	at org.junit.platform.launcher.core.DefaultLauncher.execute(DefaultLauncher.java:103)
	at org.junit.platform.launcher.core.DefaultLauncher.execute(DefaultLauncher.java:85)
	at org.junit.platform.launcher.core.DelegatingLauncher.execute(DelegatingLauncher.java:47)
	at org.gradle.api.internal.tasks.testing.junitplatform.JUnitPlatformTestClassProcessor$CollectAllTestClassesExecutor.processAllTestClasses(JUnitPlatformTestClassProcessor.java:124)
	at org.gradle.api.internal.tasks.testing.junitplatform.JUnitPlatformTestClassProcessor$CollectAllTestClassesExecutor.access$000(JUnitPlatformTestClassProcessor.java:99)
	at org.gradle.api.internal.tasks.testing.junitplatform.JUnitPlatformTestClassProcessor.stop(JUnitPlatformTestClassProcessor.java:94)
	at org.gradle.api.internal.tasks.testing.SuiteTestClassProcessor.stop(SuiteTestClassProcessor.java:63)
	at java.base/jdk.internal.reflect.NativeMethodAccessorImpl.invoke0(Native Method)
	at java.base/jdk.internal.reflect.NativeMethodAccessorImpl.invoke(NativeMethodAccessorImpl.java:77)
	at java.base/jdk.internal.reflect.DelegatingMethodAccessorImpl.invoke(DelegatingMethodAccessorImpl.java:43)
	at java.base/java.lang.reflect.Method.invoke(Method.java:569)
	at org.gradle.internal.dispatch.ReflectionDispatch.dispatch(ReflectionDispatch.java:36)
	at org.gradle.internal.dispatch.ReflectionDispatch.dispatch(ReflectionDispatch.java:24)
	at org.gradle.internal.dispatch.ContextClassLoaderDispatch.dispatch(ContextClassLoaderDispatch.java:33)
	at org.gradle.internal.dispatch.ProxyDispatchAdapter$DispatchingInvocationHandler.invoke(ProxyDispatchAdapter.java:92)
	at jdk.proxy1/jdk.proxy1.$Proxy4.stop(Unknown Source)
	at org.gradle.api.internal.tasks.testing.worker.TestWorker$3.run(TestWorker.java:200)
	at org.gradle.api.internal.tasks.testing.worker.TestWorker.executeAndMaintainThreadName(TestWorker.java:132)
	at org.gradle.api.internal.tasks.testing.worker.TestWorker.execute(TestWorker.java:103)
	at org.gradle.api.internal.tasks.testing.worker.TestWorker.execute(TestWorker.java:63)
	at org.gradle.process.internal.worker.child.ActionExecutionWorker.execute(ActionExecutionWorker.java:56)
	at org.gradle.process.internal.worker.child.SystemApplicationClassLoaderWorker.call(SystemApplicationClassLoaderWorker.java:122)
	at org.gradle.process.internal.worker.child.SystemApplicationClassLoaderWorker.call(SystemApplicationClassLoaderWorker.java:72)
	at worker.org.gradle.process.internal.worker.GradleWorkerMain.run(GradleWorkerMain.java:69)
	at worker.org.gradle.process.internal.worker.GradleWorkerMain.main(GradleWorkerMain.java:74)
26-08-01 17:18:45.855 [Test worker] WARN  o.s.test.context.TestContextManager - Caught exception while allowing TestExecutionListener [org.springframework.test.context.support.DependencyInjectionTestExecutionListener] to prepare test instance [com.sprint.mission.discodeit.repository.UserRepositoryTest@6d69a0d3]
java.lang.IllegalStateException: ApplicationContext failure threshold (1) exceeded: skipping repeated attempt to load context for [MergedContextConfiguration@4be490da testClass = com.sprint.mission.discodeit.repository.UserRepositoryTest, locations = [], classes = [com.sprint.mission.discodeit.DiscodeitApplication], contextInitializerClasses = [], activeProfiles = ["test"], propertySourceDescriptors = [], propertySourceProperties = ["org.springframework.boot.test.autoconfigure.orm.jpa.DataJpaTestContextBootstrapper=true"], contextCustomizers = [org.springframework.boot.test.autoconfigure.OnFailureConditionReportContextCustomizerFactory$OnFailureConditionReportContextCustomizer@3d9f6567, org.springframework.boot.test.autoconfigure.OverrideAutoConfigurationContextCustomizerFactory$DisableAutoConfigurationContextCustomizer@35e5d0e5, org.springframework.boot.test.autoconfigure.actuate.observability.ObservabilityContextCustomizerFactory$DisableObservabilityContextCustomizer@1f, org.springframework.boot.test.autoconfigure.filter.TypeExcludeFiltersContextCustomizer@34be3d80, org.springframework.boot.test.autoconfigure.properties.PropertyMappingContextCustomizer@e5fa7f94, org.springframework.boot.test.autoconfigure.web.servlet.WebDriverContextCustomizer@68ad99fe, [ImportsContextCustomizer@4168f3d9 key = [org.springframework.boot.autoconfigure.transaction.TransactionAutoConfiguration, org.springframework.boot.autoconfigure.data.jpa.JpaRepositoriesAutoConfiguration, org.springframework.boot.test.autoconfigure.orm.jpa.TestEntityManagerAutoConfiguration, org.springframework.boot.autoconfigure.cache.CacheAutoConfiguration, org.springframework.boot.autoconfigure.orm.jpa.HibernateJpaAutoConfiguration, org.springframework.boot.autoconfigure.sql.init.SqlInitializationAutoConfiguration, org.springframework.boot.test.autoconfigure.jdbc.TestDatabaseAutoConfiguration, org.springframework.boot.autoconfigure.flyway.FlywayAutoConfiguration, org.springframework.boot.autoconfigure.jdbc.DataSourceTransactionManagerAutoConfiguration, org.springframework.boot.autoconfigure.liquibase.LiquibaseAutoConfiguration, org.springframework.boot.autoconfigure.jdbc.JdbcClientAutoConfiguration, org.springframework.boot.autoconfigure.jdbc.DataSourceAutoConfiguration, org.springframework.boot.autoconfigure.jdbc.JdbcTemplateAutoConfiguration]], org.springframework.boot.test.context.filter.ExcludeFilterContextCustomizer@3b2c0e88, org.springframework.boot.test.json.DuplicateJsonObjectContextCustomizerFactory$DuplicateJsonObjectContextCustomizer@476b0ae6, org.springframework.boot.test.mock.mockito.MockitoContextCustomizer@0, org.springframework.boot.test.web.reactor.netty.DisableReactorResourceFactoryGlobalResourcesContextCustomizerFactory$DisableReactorResourceFactoryGlobalResourcesContextCustomizerCustomizer@686449f9, org.springframework.test.context.support.DynamicPropertiesContextCustomizer@0, org.springframework.boot.test.context.SpringBootTestAnnotation@3ace99f4], contextLoader = org.springframework.boot.test.context.SpringBootContextLoader, parent = null]
	at org.springframework.test.context.cache.DefaultCacheAwareContextLoaderDelegate.loadContext(DefaultCacheAwareContextLoaderDelegate.java:145)
	at org.springframework.test.context.support.DefaultTestContext.getApplicationContext(DefaultTestContext.java:130)
	at org.springframework.test.context.support.DependencyInjectionTestExecutionListener.injectDependencies(DependencyInjectionTestExecutionListener.java:142)
	at org.springframework.test.context.support.DependencyInjectionTestExecutionListener.prepareTestInstance(DependencyInjectionTestExecutionListener.java:98)
	at org.springframework.test.context.TestContextManager.prepareTestInstance(TestContextManager.java:260)
	at org.springframework.test.context.junit.jupiter.SpringExtension.postProcessTestInstance(SpringExtension.java:160)
	at org.junit.jupiter.engine.descriptor.ClassBasedTestDescriptor.lambda$invokeTestInstancePostProcessors$11(ClassBasedTestDescriptor.java:378)
	at org.junit.jupiter.engine.descriptor.ClassBasedTestDescriptor.executeAndMaskThrowable(ClassBasedTestDescriptor.java:383)
	at org.junit.jupiter.engine.descriptor.ClassBasedTestDescriptor.lambda$invokeTestInstancePostProcessors$12(ClassBasedTestDescriptor.java:378)
	at java.base/java.util.stream.ForEachOps$ForEachOp$OfRef.accept(ForEachOps.java:183)
	at java.base/java.util.stream.ReferencePipeline$3$1.accept(ReferencePipeline.java:197)
	at java.base/java.util.stream.ReferencePipeline$2$1.accept(ReferencePipeline.java:179)
	at java.base/java.util.stream.ReferencePipeline$3$1.accept(ReferencePipeline.java:197)
	at java.base/java.util.ArrayList$ArrayListSpliterator.forEachRemaining(ArrayList.java:1625)
	at java.base/java.util.stream.AbstractPipeline.copyInto(AbstractPipeline.java:509)
	at java.base/java.util.stream.AbstractPipeline.wrapAndCopyInto(AbstractPipeline.java:499)
	at java.base/java.util.stream.ForEachOps$ForEachOp.evaluateSequential(ForEachOps.java:150)
	at java.base/java.util.stream.ForEachOps$ForEachOp$OfRef.evaluateSequential(ForEachOps.java:173)
	at java.base/java.util.stream.AbstractPipeline.evaluate(AbstractPipeline.java:234)
	at java.base/java.util.stream.ReferencePipeline.forEach(ReferencePipeline.java:596)
	at org.junit.jupiter.engine.descriptor.ClassBasedTestDescriptor.invokeTestInstancePostProcessors(ClassBasedTestDescriptor.java:377)
	at org.junit.jupiter.engine.descriptor.ClassBasedTestDescriptor.lambda$instantiateAndPostProcessTestInstance$7(ClassBasedTestDescriptor.java:290)
	at org.junit.platform.engine.support.hierarchical.ThrowableCollector.execute(ThrowableCollector.java:73)
	at org.junit.jupiter.engine.descriptor.ClassBasedTestDescriptor.instantiateAndPostProcessTestInstance(ClassBasedTestDescriptor.java:289)
	at org.junit.jupiter.engine.descriptor.ClassBasedTestDescriptor.lambda$testInstancesProvider$5(ClassBasedTestDescriptor.java:279)
	at java.base/java.util.Optional.orElseGet(Optional.java:364)
	at org.junit.jupiter.engine.descriptor.ClassBasedTestDescriptor.lambda$testInstancesProvider$6(ClassBasedTestDescriptor.java:278)
	at org.junit.jupiter.engine.execution.TestInstancesProvider.getTestInstances(TestInstancesProvider.java:31)
	at org.junit.jupiter.engine.descriptor.TestMethodTestDescriptor.lambda$prepare$1(TestMethodTestDescriptor.java:105)
	at org.junit.platform.engine.support.hierarchical.ThrowableCollector.execute(ThrowableCollector.java:73)
	at org.junit.jupiter.engine.descriptor.TestMethodTestDescriptor.prepare(TestMethodTestDescriptor.java:104)
	at org.junit.jupiter.engine.descriptor.TestMethodTestDescriptor.prepare(TestMethodTestDescriptor.java:68)
	at org.junit.platform.engine.support.hierarchical.NodeTestTask.lambda$prepare$2(NodeTestTask.java:128)
	at org.junit.platform.engine.support.hierarchical.ThrowableCollector.execute(ThrowableCollector.java:73)
	at org.junit.platform.engine.support.hierarchical.NodeTestTask.prepare(NodeTestTask.java:128)
	at org.junit.platform.engine.support.hierarchical.NodeTestTask.execute(NodeTestTask.java:95)
	at java.base/java.util.ArrayList.forEach(ArrayList.java:1511)
	at org.junit.platform.engine.support.hierarchical.SameThreadHierarchicalTestExecutorService.invokeAll(SameThreadHierarchicalTestExecutorService.java:41)
	at org.junit.platform.engine.support.hierarchical.NodeTestTask.lambda$executeRecursively$6(NodeTestTask.java:160)
	at org.junit.platform.engine.support.hierarchical.ThrowableCollector.execute(ThrowableCollector.java:73)
	at org.junit.platform.engine.support.hierarchical.NodeTestTask.lambda$executeRecursively$8(NodeTestTask.java:146)
	at org.junit.platform.engine.support.hierarchical.Node.around(Node.java:137)
	at org.junit.platform.engine.support.hierarchical.NodeTestTask.lambda$executeRecursively$9(NodeTestTask.java:144)
	at org.junit.platform.engine.support.hierarchical.ThrowableCollector.execute(ThrowableCollector.java:73)
	at org.junit.platform.engine.support.hierarchical.NodeTestTask.executeRecursively(NodeTestTask.java:143)
	at org.junit.platform.engine.support.hierarchical.NodeTestTask.execute(NodeTestTask.java:100)
	at java.base/java.util.ArrayList.forEach(ArrayList.java:1511)
	at org.junit.platform.engine.support.hierarchical.SameThreadHierarchicalTestExecutorService.invokeAll(SameThreadHierarchicalTestExecutorService.java:41)
	at org.junit.platform.engine.support.hierarchical.NodeTestTask.lambda$executeRecursively$6(NodeTestTask.java:160)
	at org.junit.platform.engine.support.hierarchical.ThrowableCollector.execute(ThrowableCollector.java:73)
	at org.junit.platform.engine.support.hierarchical.NodeTestTask.lambda$executeRecursively$8(NodeTestTask.java:146)
	at org.junit.platform.engine.support.hierarchical.Node.around(Node.java:137)
	at org.junit.platform.engine.support.hierarchical.NodeTestTask.lambda$executeRecursively$9(NodeTestTask.java:144)
	at org.junit.platform.engine.support.hierarchical.ThrowableCollector.execute(ThrowableCollector.java:73)
	at org.junit.platform.engine.support.hierarchical.NodeTestTask.executeRecursively(NodeTestTask.java:143)
	at org.junit.platform.engine.support.hierarchical.NodeTestTask.execute(NodeTestTask.java:100)
	at org.junit.platform.engine.support.hierarchical.SameThreadHierarchicalTestExecutorService.submit(SameThreadHierarchicalTestExecutorService.java:35)
	at org.junit.platform.engine.support.hierarchical.HierarchicalTestExecutor.execute(HierarchicalTestExecutor.java:57)
	at org.junit.platform.engine.support.hierarchical.HierarchicalTestEngine.execute(HierarchicalTestEngine.java:54)
	at org.junit.platform.launcher.core.EngineExecutionOrchestrator.execute(EngineExecutionOrchestrator.java:198)
	at org.junit.platform.launcher.core.EngineExecutionOrchestrator.execute(EngineExecutionOrchestrator.java:169)
	at org.junit.platform.launcher.core.EngineExecutionOrchestrator.execute(EngineExecutionOrchestrator.java:93)
	at org.junit.platform.launcher.core.EngineExecutionOrchestrator.lambda$execute$0(EngineExecutionOrchestrator.java:58)
	at org.junit.platform.launcher.core.EngineExecutionOrchestrator.withInterceptedStreams(EngineExecutionOrchestrator.java:141)
	at org.junit.platform.launcher.core.EngineExecutionOrchestrator.execute(EngineExecutionOrchestrator.java:57)
	at org.junit.platform.launcher.core.DefaultLauncher.execute(DefaultLauncher.java:103)
	at org.junit.platform.launcher.core.DefaultLauncher.execute(DefaultLauncher.java:85)
	at org.junit.platform.launcher.core.DelegatingLauncher.execute(DelegatingLauncher.java:47)
	at org.gradle.api.internal.tasks.testing.junitplatform.JUnitPlatformTestClassProcessor$CollectAllTestClassesExecutor.processAllTestClasses(JUnitPlatformTestClassProcessor.java:124)
	at org.gradle.api.internal.tasks.testing.junitplatform.JUnitPlatformTestClassProcessor$CollectAllTestClassesExecutor.access$000(JUnitPlatformTestClassProcessor.java:99)
	at org.gradle.api.internal.tasks.testing.junitplatform.JUnitPlatformTestClassProcessor.stop(JUnitPlatformTestClassProcessor.java:94)
	at org.gradle.api.internal.tasks.testing.SuiteTestClassProcessor.stop(SuiteTestClassProcessor.java:63)
	at java.base/jdk.internal.reflect.NativeMethodAccessorImpl.invoke0(Native Method)
	at java.base/jdk.internal.reflect.NativeMethodAccessorImpl.invoke(NativeMethodAccessorImpl.java:77)
	at java.base/jdk.internal.reflect.DelegatingMethodAccessorImpl.invoke(DelegatingMethodAccessorImpl.java:43)
	at java.base/java.lang.reflect.Method.invoke(Method.java:569)
	at org.gradle.internal.dispatch.ReflectionDispatch.dispatch(ReflectionDispatch.java:36)
	at org.gradle.internal.dispatch.ReflectionDispatch.dispatch(ReflectionDispatch.java:24)
	at org.gradle.internal.dispatch.ContextClassLoaderDispatch.dispatch(ContextClassLoaderDispatch.java:33)
	at org.gradle.internal.dispatch.ProxyDispatchAdapter$DispatchingInvocationHandler.invoke(ProxyDispatchAdapter.java:92)
	at jdk.proxy1/jdk.proxy1.$Proxy4.stop(Unknown Source)
	at org.gradle.api.internal.tasks.testing.worker.TestWorker$3.run(TestWorker.java:200)
	at org.gradle.api.internal.tasks.testing.worker.TestWorker.executeAndMaintainThreadName(TestWorker.java:132)
	at org.gradle.api.internal.tasks.testing.worker.TestWorker.execute(TestWorker.java:103)
	at org.gradle.api.internal.tasks.testing.worker.TestWorker.execute(TestWorker.java:63)
	at org.gradle.process.internal.worker.child.ActionExecutionWorker.execute(ActionExecutionWorker.java:56)
	at org.gradle.process.internal.worker.child.SystemApplicationClassLoaderWorker.call(SystemApplicationClassLoaderWorker.java:122)
	at org.gradle.process.internal.worker.child.SystemApplicationClassLoaderWorker.call(SystemApplicationClassLoaderWorker.java:72)
	at worker.org.gradle.process.internal.worker.GradleWorkerMain.run(GradleWorkerMain.java:69)
	at worker.org.gradle.process.internal.worker.GradleWorkerMain.main(GradleWorkerMain.java:74)
26-08-01 17:19:12.527 [background-preinit] INFO  o.h.validator.internal.util.Version - HV000001: Hibernate Validator 8.0.1.Final
26-08-01 17:19:12.557 [Test worker] INFO  c.s.m.d.r.UserRepositoryTest - Starting UserRepositoryTest using Java 17.0.19 with PID 85770 (started by jangjunseo in /Users/jangjunseo/Desktop/codei_13th_develop/13-sprint-mission)
26-08-01 17:19:12.558 [Test worker] INFO  c.s.m.d.r.UserRepositoryTest - The following 1 profile is active: "test"
26-08-01 17:19:12.819 [Test worker] INFO  o.s.d.r.c.RepositoryConfigurationDelegate - Bootstrapping Spring Data JPA repositories in DEFAULT mode.
26-08-01 17:19:12.864 [Test worker] INFO  o.s.d.r.c.RepositoryConfigurationDelegate - Finished Spring Data repository scanning in 38 ms. Found 6 JPA repository interfaces.
26-08-01 17:19:12.900 [Test worker] INFO  o.s.b.t.a.j.TestDatabaseAutoConfiguration$EmbeddedDataSourceBeanFactoryPostProcessor - Replacing 'dataSource' DataSource bean with embedded version
26-08-01 17:19:12.975 [Test worker] INFO  o.s.j.d.e.EmbeddedDatabaseFactory - Starting embedded database: url='jdbc:h2:mem:6e2b5075-fc43-4703-b28e-6ff82189b582;DB_CLOSE_DELAY=-1;DB_CLOSE_ON_EXIT=false', username='sa'
26-08-01 17:19:13.251 [Test worker] WARN  o.s.c.a.AnnotationConfigApplicationContext - Exception encountered during context initialization - cancelling refresh attempt: org.springframework.beans.factory.BeanCreationException: Error creating bean with name 'entityManagerFactory' defined in class path resource [org/springframework/boot/autoconfigure/orm/jpa/HibernateJpaConfiguration.class]: Failed to initialize dependency 'dataSourceScriptDatabaseInitializer' of LoadTimeWeaverAware bean 'entityManagerFactory': Error creating bean with name 'dataSourceScriptDatabaseInitializer' defined in class path resource [org/springframework/boot/autoconfigure/sql/init/DataSourceInitializationConfiguration.class]: Failed to execute SQL script statement #1 of file [/Users/jangjunseo/Desktop/codei_13th_develop/13-sprint-mission/build/resources/main/schema.sql]: CREATE TABLE binary_contents ( id UUID PRIMARY KEY, created_at TIMESTAMPTZ NOT NULL, file_name VARCHAR(255) NOT NULL, size BIGINT NOT NULL, content_type VARCHAR(100) NOT NULL)
26-08-01 17:19:13.264 [Test worker] INFO  o.s.b.a.l.ConditionEvaluationReportLogger - 

Error starting ApplicationContext. To display the condition evaluation report re-run your application with 'debug' enabled.
26-08-01 17:19:13.292 [Test worker] ERROR o.s.boot.SpringApplication - Application run failed
org.springframework.beans.factory.BeanCreationException: Error creating bean with name 'entityManagerFactory' defined in class path resource [org/springframework/boot/autoconfigure/orm/jpa/HibernateJpaConfiguration.class]: Failed to initialize dependency 'dataSourceScriptDatabaseInitializer' of LoadTimeWeaverAware bean 'entityManagerFactory': Error creating bean with name 'dataSourceScriptDatabaseInitializer' defined in class path resource [org/springframework/boot/autoconfigure/sql/init/DataSourceInitializationConfiguration.class]: Failed to execute SQL script statement #1 of file [/Users/jangjunseo/Desktop/codei_13th_develop/13-sprint-mission/build/resources/main/schema.sql]: CREATE TABLE binary_contents ( id UUID PRIMARY KEY, created_at TIMESTAMPTZ NOT NULL, file_name VARCHAR(255) NOT NULL, size BIGINT NOT NULL, content_type VARCHAR(100) NOT NULL)
	at org.springframework.beans.factory.support.AbstractBeanFactory.doGetBean(AbstractBeanFactory.java:325)
	at org.springframework.beans.factory.support.AbstractBeanFactory.getBean(AbstractBeanFactory.java:204)
	at org.springframework.context.support.AbstractApplicationContext.finishBeanFactoryInitialization(AbstractApplicationContext.java:970)
	at org.springframework.context.support.AbstractApplicationContext.refresh(AbstractApplicationContext.java:627)
	at org.springframework.boot.SpringApplication.refresh(SpringApplication.java:752)
	at org.springframework.boot.SpringApplication.refreshContext(SpringApplication.java:439)
	at org.springframework.boot.SpringApplication.run(SpringApplication.java:318)
	at org.springframework.boot.test.context.SpringBootContextLoader.lambda$loadContext$3(SpringBootContextLoader.java:137)
	at org.springframework.util.function.ThrowingSupplier.get(ThrowingSupplier.java:58)
	at org.springframework.util.function.ThrowingSupplier.get(ThrowingSupplier.java:46)
	at org.springframework.boot.SpringApplication.withHook(SpringApplication.java:1461)
	at org.springframework.boot.test.context.SpringBootContextLoader$ContextLoaderHook.run(SpringBootContextLoader.java:553)
	at org.springframework.boot.test.context.SpringBootContextLoader.loadContext(SpringBootContextLoader.java:137)
	at org.springframework.boot.test.context.SpringBootContextLoader.loadContext(SpringBootContextLoader.java:108)
	at org.springframework.test.context.cache.DefaultCacheAwareContextLoaderDelegate.loadContextInternal(DefaultCacheAwareContextLoaderDelegate.java:225)
	at org.springframework.test.context.cache.DefaultCacheAwareContextLoaderDelegate.loadContext(DefaultCacheAwareContextLoaderDelegate.java:152)
	at org.springframework.test.context.support.DefaultTestContext.getApplicationContext(DefaultTestContext.java:130)
	at org.springframework.test.context.support.DependencyInjectionTestExecutionListener.injectDependencies(DependencyInjectionTestExecutionListener.java:142)
	at org.springframework.test.context.support.DependencyInjectionTestExecutionListener.prepareTestInstance(DependencyInjectionTestExecutionListener.java:98)
	at org.springframework.test.context.TestContextManager.prepareTestInstance(TestContextManager.java:260)
	at org.springframework.test.context.junit.jupiter.SpringExtension.postProcessTestInstance(SpringExtension.java:160)
	at org.junit.jupiter.engine.descriptor.ClassBasedTestDescriptor.lambda$invokeTestInstancePostProcessors$11(ClassBasedTestDescriptor.java:378)
	at org.junit.jupiter.engine.descriptor.ClassBasedTestDescriptor.executeAndMaskThrowable(ClassBasedTestDescriptor.java:383)
	at org.junit.jupiter.engine.descriptor.ClassBasedTestDescriptor.lambda$invokeTestInstancePostProcessors$12(ClassBasedTestDescriptor.java:378)
	at java.base/java.util.stream.ForEachOps$ForEachOp$OfRef.accept(ForEachOps.java:183)
	at java.base/java.util.stream.ReferencePipeline$3$1.accept(ReferencePipeline.java:197)
	at java.base/java.util.stream.ReferencePipeline$2$1.accept(ReferencePipeline.java:179)
	at java.base/java.util.stream.ReferencePipeline$3$1.accept(ReferencePipeline.java:197)
	at java.base/java.util.ArrayList$ArrayListSpliterator.forEachRemaining(ArrayList.java:1625)
	at java.base/java.util.stream.AbstractPipeline.copyInto(AbstractPipeline.java:509)
	at java.base/java.util.stream.AbstractPipeline.wrapAndCopyInto(AbstractPipeline.java:499)
	at java.base/java.util.stream.ForEachOps$ForEachOp.evaluateSequential(ForEachOps.java:150)
	at java.base/java.util.stream.ForEachOps$ForEachOp$OfRef.evaluateSequential(ForEachOps.java:173)
	at java.base/java.util.stream.AbstractPipeline.evaluate(AbstractPipeline.java:234)
	at java.base/java.util.stream.ReferencePipeline.forEach(ReferencePipeline.java:596)
	at org.junit.jupiter.engine.descriptor.ClassBasedTestDescriptor.invokeTestInstancePostProcessors(ClassBasedTestDescriptor.java:377)
	at org.junit.jupiter.engine.descriptor.ClassBasedTestDescriptor.lambda$instantiateAndPostProcessTestInstance$7(ClassBasedTestDescriptor.java:290)
	at org.junit.platform.engine.support.hierarchical.ThrowableCollector.execute(ThrowableCollector.java:73)
	at org.junit.jupiter.engine.descriptor.ClassBasedTestDescriptor.instantiateAndPostProcessTestInstance(ClassBasedTestDescriptor.java:289)
	at org.junit.jupiter.engine.descriptor.ClassBasedTestDescriptor.lambda$testInstancesProvider$5(ClassBasedTestDescriptor.java:279)
	at java.base/java.util.Optional.orElseGet(Optional.java:364)
	at org.junit.jupiter.engine.descriptor.ClassBasedTestDescriptor.lambda$testInstancesProvider$6(ClassBasedTestDescriptor.java:278)
	at org.junit.jupiter.engine.execution.TestInstancesProvider.getTestInstances(TestInstancesProvider.java:31)
	at org.junit.jupiter.engine.descriptor.TestMethodTestDescriptor.lambda$prepare$1(TestMethodTestDescriptor.java:105)
	at org.junit.platform.engine.support.hierarchical.ThrowableCollector.execute(ThrowableCollector.java:73)
	at org.junit.jupiter.engine.descriptor.TestMethodTestDescriptor.prepare(TestMethodTestDescriptor.java:104)
	at org.junit.jupiter.engine.descriptor.TestMethodTestDescriptor.prepare(TestMethodTestDescriptor.java:68)
	at org.junit.platform.engine.support.hierarchical.NodeTestTask.lambda$prepare$2(NodeTestTask.java:128)
	at org.junit.platform.engine.support.hierarchical.ThrowableCollector.execute(ThrowableCollector.java:73)
	at org.junit.platform.engine.support.hierarchical.NodeTestTask.prepare(NodeTestTask.java:128)
	at org.junit.platform.engine.support.hierarchical.NodeTestTask.execute(NodeTestTask.java:95)
	at java.base/java.util.ArrayList.forEach(ArrayList.java:1511)
	at org.junit.platform.engine.support.hierarchical.SameThreadHierarchicalTestExecutorService.invokeAll(SameThreadHierarchicalTestExecutorService.java:41)
	at org.junit.platform.engine.support.hierarchical.NodeTestTask.lambda$executeRecursively$6(NodeTestTask.java:160)
	at org.junit.platform.engine.support.hierarchical.ThrowableCollector.execute(ThrowableCollector.java:73)
	at org.junit.platform.engine.support.hierarchical.NodeTestTask.lambda$executeRecursively$8(NodeTestTask.java:146)
	at org.junit.platform.engine.support.hierarchical.Node.around(Node.java:137)
	at org.junit.platform.engine.support.hierarchical.NodeTestTask.lambda$executeRecursively$9(NodeTestTask.java:144)
	at org.junit.platform.engine.support.hierarchical.ThrowableCollector.execute(ThrowableCollector.java:73)
	at org.junit.platform.engine.support.hierarchical.NodeTestTask.executeRecursively(NodeTestTask.java:143)
	at org.junit.platform.engine.support.hierarchical.NodeTestTask.execute(NodeTestTask.java:100)
	at java.base/java.util.ArrayList.forEach(ArrayList.java:1511)
	at org.junit.platform.engine.support.hierarchical.SameThreadHierarchicalTestExecutorService.invokeAll(SameThreadHierarchicalTestExecutorService.java:41)
	at org.junit.platform.engine.support.hierarchical.NodeTestTask.lambda$executeRecursively$6(NodeTestTask.java:160)
	at org.junit.platform.engine.support.hierarchical.ThrowableCollector.execute(ThrowableCollector.java:73)
	at org.junit.platform.engine.support.hierarchical.NodeTestTask.lambda$executeRecursively$8(NodeTestTask.java:146)
	at org.junit.platform.engine.support.hierarchical.Node.around(Node.java:137)
	at org.junit.platform.engine.support.hierarchical.NodeTestTask.lambda$executeRecursively$9(NodeTestTask.java:144)
	at org.junit.platform.engine.support.hierarchical.ThrowableCollector.execute(ThrowableCollector.java:73)
	at org.junit.platform.engine.support.hierarchical.NodeTestTask.executeRecursively(NodeTestTask.java:143)
	at org.junit.platform.engine.support.hierarchical.NodeTestTask.execute(NodeTestTask.java:100)
	at org.junit.platform.engine.support.hierarchical.SameThreadHierarchicalTestExecutorService.submit(SameThreadHierarchicalTestExecutorService.java:35)
	at org.junit.platform.engine.support.hierarchical.HierarchicalTestExecutor.execute(HierarchicalTestExecutor.java:57)
	at org.junit.platform.engine.support.hierarchical.HierarchicalTestEngine.execute(HierarchicalTestEngine.java:54)
	at org.junit.platform.launcher.core.EngineExecutionOrchestrator.execute(EngineExecutionOrchestrator.java:198)
	at org.junit.platform.launcher.core.EngineExecutionOrchestrator.execute(EngineExecutionOrchestrator.java:169)
	at org.junit.platform.launcher.core.EngineExecutionOrchestrator.execute(EngineExecutionOrchestrator.java:93)
	at org.junit.platform.launcher.core.EngineExecutionOrchestrator.lambda$execute$0(EngineExecutionOrchestrator.java:58)
	at org.junit.platform.launcher.core.EngineExecutionOrchestrator.withInterceptedStreams(EngineExecutionOrchestrator.java:141)
	at org.junit.platform.launcher.core.EngineExecutionOrchestrator.execute(EngineExecutionOrchestrator.java:57)
	at org.junit.platform.launcher.core.DefaultLauncher.execute(DefaultLauncher.java:103)
	at org.junit.platform.launcher.core.DefaultLauncher.execute(DefaultLauncher.java:85)
	at org.junit.platform.launcher.core.DelegatingLauncher.execute(DelegatingLauncher.java:47)
	at org.gradle.api.internal.tasks.testing.junitplatform.JUnitPlatformTestClassProcessor$CollectAllTestClassesExecutor.processAllTestClasses(JUnitPlatformTestClassProcessor.java:124)
	at org.gradle.api.internal.tasks.testing.junitplatform.JUnitPlatformTestClassProcessor$CollectAllTestClassesExecutor.access$000(JUnitPlatformTestClassProcessor.java:99)
	at org.gradle.api.internal.tasks.testing.junitplatform.JUnitPlatformTestClassProcessor.stop(JUnitPlatformTestClassProcessor.java:94)
	at org.gradle.api.internal.tasks.testing.SuiteTestClassProcessor.stop(SuiteTestClassProcessor.java:63)
	at java.base/jdk.internal.reflect.NativeMethodAccessorImpl.invoke0(Native Method)
	at java.base/jdk.internal.reflect.NativeMethodAccessorImpl.invoke(NativeMethodAccessorImpl.java:77)
	at java.base/jdk.internal.reflect.DelegatingMethodAccessorImpl.invoke(DelegatingMethodAccessorImpl.java:43)
	at java.base/java.lang.reflect.Method.invoke(Method.java:569)
	at org.gradle.internal.dispatch.ReflectionDispatch.dispatch(ReflectionDispatch.java:36)
	at org.gradle.internal.dispatch.ReflectionDispatch.dispatch(ReflectionDispatch.java:24)
	at org.gradle.internal.dispatch.ContextClassLoaderDispatch.dispatch(ContextClassLoaderDispatch.java:33)
	at org.gradle.internal.dispatch.ProxyDispatchAdapter$DispatchingInvocationHandler.invoke(ProxyDispatchAdapter.java:92)
	at jdk.proxy1/jdk.proxy1.$Proxy4.stop(Unknown Source)
	at org.gradle.api.internal.tasks.testing.worker.TestWorker$3.run(TestWorker.java:200)
	at org.gradle.api.internal.tasks.testing.worker.TestWorker.executeAndMaintainThreadName(TestWorker.java:132)
	at org.gradle.api.internal.tasks.testing.worker.TestWorker.execute(TestWorker.java:103)
	at org.gradle.api.internal.tasks.testing.worker.TestWorker.execute(TestWorker.java:63)
	at org.gradle.process.internal.worker.child.ActionExecutionWorker.execute(ActionExecutionWorker.java:56)
	at org.gradle.process.internal.worker.child.SystemApplicationClassLoaderWorker.call(SystemApplicationClassLoaderWorker.java:122)
	at org.gradle.process.internal.worker.child.SystemApplicationClassLoaderWorker.call(SystemApplicationClassLoaderWorker.java:72)
	at worker.org.gradle.process.internal.worker.GradleWorkerMain.run(GradleWorkerMain.java:69)
	at worker.org.gradle.process.internal.worker.GradleWorkerMain.main(GradleWorkerMain.java:74)
Caused by: org.springframework.beans.factory.BeanCreationException: Error creating bean with name 'dataSourceScriptDatabaseInitializer' defined in class path resource [org/springframework/boot/autoconfigure/sql/init/DataSourceInitializationConfiguration.class]: Failed to execute SQL script statement #1 of file [/Users/jangjunseo/Desktop/codei_13th_develop/13-sprint-mission/build/resources/main/schema.sql]: CREATE TABLE binary_contents ( id UUID PRIMARY KEY, created_at TIMESTAMPTZ NOT NULL, file_name VARCHAR(255) NOT NULL, size BIGINT NOT NULL, content_type VARCHAR(100) NOT NULL)
	at org.springframework.beans.factory.support.AbstractAutowireCapableBeanFactory.initializeBean(AbstractAutowireCapableBeanFactory.java:1802)
	at org.springframework.beans.factory.support.AbstractAutowireCapableBeanFactory.doCreateBean(AbstractAutowireCapableBeanFactory.java:601)
	at org.springframework.beans.factory.support.AbstractAutowireCapableBeanFactory.createBean(AbstractAutowireCapableBeanFactory.java:523)
	at org.springframework.beans.factory.support.AbstractBeanFactory.lambda$doGetBean$0(AbstractBeanFactory.java:336)
	at org.springframework.beans.factory.support.DefaultSingletonBeanRegistry.getSingleton(DefaultSingletonBeanRegistry.java:288)
	at org.springframework.beans.factory.support.AbstractBeanFactory.doGetBean(AbstractBeanFactory.java:334)
	at org.springframework.beans.factory.support.AbstractBeanFactory.getBean(AbstractBeanFactory.java:199)
	at org.springframework.beans.factory.support.AbstractBeanFactory.doGetBean(AbstractBeanFactory.java:312)
	... 104 common frames omitted
Caused by: org.springframework.jdbc.datasource.init.ScriptStatementFailedException: Failed to execute SQL script statement #1 of file [/Users/jangjunseo/Desktop/codei_13th_develop/13-sprint-mission/build/resources/main/schema.sql]: CREATE TABLE binary_contents ( id UUID PRIMARY KEY, created_at TIMESTAMPTZ NOT NULL, file_name VARCHAR(255) NOT NULL, size BIGINT NOT NULL, content_type VARCHAR(100) NOT NULL)
	at org.springframework.jdbc.datasource.init.ScriptUtils.executeSqlScript(ScriptUtils.java:282)
	at org.springframework.jdbc.datasource.init.ResourceDatabasePopulator.populate(ResourceDatabasePopulator.java:254)
	at org.springframework.jdbc.datasource.init.DatabasePopulatorUtils.execute(DatabasePopulatorUtils.java:54)
	at org.springframework.boot.jdbc.init.DataSourceScriptDatabaseInitializer.runScripts(DataSourceScriptDatabaseInitializer.java:87)
	at org.springframework.boot.sql.init.AbstractScriptDatabaseInitializer.runScripts(AbstractScriptDatabaseInitializer.java:146)
	at org.springframework.boot.sql.init.AbstractScriptDatabaseInitializer.applyScripts(AbstractScriptDatabaseInitializer.java:108)
	at org.springframework.boot.sql.init.AbstractScriptDatabaseInitializer.applySchemaScripts(AbstractScriptDatabaseInitializer.java:98)
	at org.springframework.boot.sql.init.AbstractScriptDatabaseInitializer.initializeDatabase(AbstractScriptDatabaseInitializer.java:76)
	at org.springframework.boot.sql.init.AbstractScriptDatabaseInitializer.afterPropertiesSet(AbstractScriptDatabaseInitializer.java:66)
	at org.springframework.beans.factory.support.AbstractAutowireCapableBeanFactory.invokeInitMethods(AbstractAutowireCapableBeanFactory.java:1849)
	at org.springframework.beans.factory.support.AbstractAutowireCapableBeanFactory.initializeBean(AbstractAutowireCapableBeanFactory.java:1798)
	... 111 common frames omitted
Caused by: org.h2.jdbc.JdbcSQLNonTransientException: Unknown data type: "TIMESTAMPTZ"; SQL statement:
CREATE TABLE binary_contents ( id UUID PRIMARY KEY, created_at TIMESTAMPTZ NOT NULL, file_name VARCHAR(255) NOT NULL, size BIGINT NOT NULL, content_type VARCHAR(100) NOT NULL) [50004-232]
	at org.h2.message.DbException.getJdbcSQLException(DbException.java:566)
	at org.h2.message.DbException.getJdbcSQLException(DbException.java:489)
	at org.h2.message.DbException.get(DbException.java:223)
	at org.h2.message.DbException.get(DbException.java:199)
	at org.h2.command.Parser.readIfDataType1(Parser.java:5860)
	at org.h2.command.Parser.readIfDataType(Parser.java:5698)
	at org.h2.command.Parser.parseColumnWithType(Parser.java:5680)
	at org.h2.command.Parser.parseColumnForTable(Parser.java:5559)
	at org.h2.command.Parser.parseTableColumnDefinition(Parser.java:8876)
	at org.h2.command.Parser.parseCreateTable(Parser.java:8819)
	at org.h2.command.Parser.parseCreate(Parser.java:6398)
	at org.h2.command.Parser.parsePrepared(Parser.java:645)
	at org.h2.command.Parser.parse(Parser.java:581)
	at org.h2.command.Parser.parse(Parser.java:556)
	at org.h2.command.Parser.prepareCommand(Parser.java:484)
	at org.h2.engine.SessionLocal.prepareLocal(SessionLocal.java:645)
	at org.h2.engine.SessionLocal.prepareCommand(SessionLocal.java:561)
	at org.h2.jdbc.JdbcConnection.prepareCommand(JdbcConnection.java:1164)
	at org.h2.jdbc.JdbcStatement.executeInternal(JdbcStatement.java:245)
	at org.h2.jdbc.JdbcStatement.execute(JdbcStatement.java:231)
	at org.springframework.jdbc.datasource.init.ScriptUtils.executeSqlScript(ScriptUtils.java:261)
	... 121 common frames omitted
26-08-01 17:19:13.303 [Test worker] WARN  o.s.test.context.TestContextManager - Caught exception while allowing TestExecutionListener [org.springframework.test.context.support.DependencyInjectionTestExecutionListener] to prepare test instance [com.sprint.mission.discodeit.repository.UserRepositoryTest@7a65c995]
java.lang.IllegalStateException: Failed to load ApplicationContext for [MergedContextConfiguration@353e6389 testClass = com.sprint.mission.discodeit.repository.UserRepositoryTest, locations = [], classes = [com.sprint.mission.discodeit.DiscodeitApplication], contextInitializerClasses = [], activeProfiles = ["test"], propertySourceDescriptors = [], propertySourceProperties = ["org.springframework.boot.test.autoconfigure.orm.jpa.DataJpaTestContextBootstrapper=true"], contextCustomizers = [org.springframework.boot.test.autoconfigure.OnFailureConditionReportContextCustomizerFactory$OnFailureConditionReportContextCustomizer@3d9f6567, org.springframework.boot.test.autoconfigure.OverrideAutoConfigurationContextCustomizerFactory$DisableAutoConfigurationContextCustomizer@35e5d0e5, org.springframework.boot.test.autoconfigure.actuate.observability.ObservabilityContextCustomizerFactory$DisableObservabilityContextCustomizer@1f, org.springframework.boot.test.autoconfigure.filter.TypeExcludeFiltersContextCustomizer@34be3d80, org.springframework.boot.test.autoconfigure.properties.PropertyMappingContextCustomizer@e5fa7f94, org.springframework.boot.test.autoconfigure.web.servlet.WebDriverContextCustomizer@68ad99fe, [ImportsContextCustomizer@15e8f9b2 key = [org.springframework.boot.autoconfigure.transaction.TransactionAutoConfiguration, org.springframework.boot.autoconfigure.data.jpa.JpaRepositoriesAutoConfiguration, org.springframework.boot.test.autoconfigure.orm.jpa.TestEntityManagerAutoConfiguration, org.springframework.boot.autoconfigure.cache.CacheAutoConfiguration, org.springframework.boot.autoconfigure.orm.jpa.HibernateJpaAutoConfiguration, org.springframework.boot.autoconfigure.sql.init.SqlInitializationAutoConfiguration, org.springframework.boot.test.autoconfigure.jdbc.TestDatabaseAutoConfiguration, org.springframework.boot.autoconfigure.flyway.FlywayAutoConfiguration, org.springframework.boot.autoconfigure.jdbc.DataSourceTransactionManagerAutoConfiguration, org.springframework.boot.autoconfigure.liquibase.LiquibaseAutoConfiguration, org.springframework.boot.autoconfigure.jdbc.JdbcClientAutoConfiguration, org.springframework.boot.autoconfigure.jdbc.DataSourceAutoConfiguration, org.springframework.boot.autoconfigure.jdbc.JdbcTemplateAutoConfiguration]], org.springframework.boot.test.context.filter.ExcludeFilterContextCustomizer@3b2c0e88, org.springframework.boot.test.json.DuplicateJsonObjectContextCustomizerFactory$DuplicateJsonObjectContextCustomizer@476b0ae6, org.springframework.boot.test.mock.mockito.MockitoContextCustomizer@0, org.springframework.boot.test.web.reactor.netty.DisableReactorResourceFactoryGlobalResourcesContextCustomizerFactory$DisableReactorResourceFactoryGlobalResourcesContextCustomizerCustomizer@686449f9, org.springframework.test.context.support.DynamicPropertiesContextCustomizer@0, org.springframework.boot.test.context.SpringBootTestAnnotation@3ace99f4], contextLoader = org.springframework.boot.test.context.SpringBootContextLoader, parent = null]
	at org.springframework.test.context.cache.DefaultCacheAwareContextLoaderDelegate.loadContext(DefaultCacheAwareContextLoaderDelegate.java:180)
	at org.springframework.test.context.support.DefaultTestContext.getApplicationContext(DefaultTestContext.java:130)
	at org.springframework.test.context.support.DependencyInjectionTestExecutionListener.injectDependencies(DependencyInjectionTestExecutionListener.java:142)
	at org.springframework.test.context.support.DependencyInjectionTestExecutionListener.prepareTestInstance(DependencyInjectionTestExecutionListener.java:98)
	at org.springframework.test.context.TestContextManager.prepareTestInstance(TestContextManager.java:260)
	at org.springframework.test.context.junit.jupiter.SpringExtension.postProcessTestInstance(SpringExtension.java:160)
	at org.junit.jupiter.engine.descriptor.ClassBasedTestDescriptor.lambda$invokeTestInstancePostProcessors$11(ClassBasedTestDescriptor.java:378)
	at org.junit.jupiter.engine.descriptor.ClassBasedTestDescriptor.executeAndMaskThrowable(ClassBasedTestDescriptor.java:383)
	at org.junit.jupiter.engine.descriptor.ClassBasedTestDescriptor.lambda$invokeTestInstancePostProcessors$12(ClassBasedTestDescriptor.java:378)
	at java.base/java.util.stream.ForEachOps$ForEachOp$OfRef.accept(ForEachOps.java:183)
	at java.base/java.util.stream.ReferencePipeline$3$1.accept(ReferencePipeline.java:197)
	at java.base/java.util.stream.ReferencePipeline$2$1.accept(ReferencePipeline.java:179)
	at java.base/java.util.stream.ReferencePipeline$3$1.accept(ReferencePipeline.java:197)
	at java.base/java.util.ArrayList$ArrayListSpliterator.forEachRemaining(ArrayList.java:1625)
	at java.base/java.util.stream.AbstractPipeline.copyInto(AbstractPipeline.java:509)
	at java.base/java.util.stream.AbstractPipeline.wrapAndCopyInto(AbstractPipeline.java:499)
	at java.base/java.util.stream.ForEachOps$ForEachOp.evaluateSequential(ForEachOps.java:150)
	at java.base/java.util.stream.ForEachOps$ForEachOp$OfRef.evaluateSequential(ForEachOps.java:173)
	at java.base/java.util.stream.AbstractPipeline.evaluate(AbstractPipeline.java:234)
	at java.base/java.util.stream.ReferencePipeline.forEach(ReferencePipeline.java:596)
	at org.junit.jupiter.engine.descriptor.ClassBasedTestDescriptor.invokeTestInstancePostProcessors(ClassBasedTestDescriptor.java:377)
	at org.junit.jupiter.engine.descriptor.ClassBasedTestDescriptor.lambda$instantiateAndPostProcessTestInstance$7(ClassBasedTestDescriptor.java:290)
	at org.junit.platform.engine.support.hierarchical.ThrowableCollector.execute(ThrowableCollector.java:73)
	at org.junit.jupiter.engine.descriptor.ClassBasedTestDescriptor.instantiateAndPostProcessTestInstance(ClassBasedTestDescriptor.java:289)
	at org.junit.jupiter.engine.descriptor.ClassBasedTestDescriptor.lambda$testInstancesProvider$5(ClassBasedTestDescriptor.java:279)
	at java.base/java.util.Optional.orElseGet(Optional.java:364)
	at org.junit.jupiter.engine.descriptor.ClassBasedTestDescriptor.lambda$testInstancesProvider$6(ClassBasedTestDescriptor.java:278)
	at org.junit.jupiter.engine.execution.TestInstancesProvider.getTestInstances(TestInstancesProvider.java:31)
	at org.junit.jupiter.engine.descriptor.TestMethodTestDescriptor.lambda$prepare$1(TestMethodTestDescriptor.java:105)
	at org.junit.platform.engine.support.hierarchical.ThrowableCollector.execute(ThrowableCollector.java:73)
	at org.junit.jupiter.engine.descriptor.TestMethodTestDescriptor.prepare(TestMethodTestDescriptor.java:104)
	at org.junit.jupiter.engine.descriptor.TestMethodTestDescriptor.prepare(TestMethodTestDescriptor.java:68)
	at org.junit.platform.engine.support.hierarchical.NodeTestTask.lambda$prepare$2(NodeTestTask.java:128)
	at org.junit.platform.engine.support.hierarchical.ThrowableCollector.execute(ThrowableCollector.java:73)
	at org.junit.platform.engine.support.hierarchical.NodeTestTask.prepare(NodeTestTask.java:128)
	at org.junit.platform.engine.support.hierarchical.NodeTestTask.execute(NodeTestTask.java:95)
	at java.base/java.util.ArrayList.forEach(ArrayList.java:1511)
	at org.junit.platform.engine.support.hierarchical.SameThreadHierarchicalTestExecutorService.invokeAll(SameThreadHierarchicalTestExecutorService.java:41)
	at org.junit.platform.engine.support.hierarchical.NodeTestTask.lambda$executeRecursively$6(NodeTestTask.java:160)
	at org.junit.platform.engine.support.hierarchical.ThrowableCollector.execute(ThrowableCollector.java:73)
	at org.junit.platform.engine.support.hierarchical.NodeTestTask.lambda$executeRecursively$8(NodeTestTask.java:146)
	at org.junit.platform.engine.support.hierarchical.Node.around(Node.java:137)
	at org.junit.platform.engine.support.hierarchical.NodeTestTask.lambda$executeRecursively$9(NodeTestTask.java:144)
	at org.junit.platform.engine.support.hierarchical.ThrowableCollector.execute(ThrowableCollector.java:73)
	at org.junit.platform.engine.support.hierarchical.NodeTestTask.executeRecursively(NodeTestTask.java:143)
	at org.junit.platform.engine.support.hierarchical.NodeTestTask.execute(NodeTestTask.java:100)
	at java.base/java.util.ArrayList.forEach(ArrayList.java:1511)
	at org.junit.platform.engine.support.hierarchical.SameThreadHierarchicalTestExecutorService.invokeAll(SameThreadHierarchicalTestExecutorService.java:41)
	at org.junit.platform.engine.support.hierarchical.NodeTestTask.lambda$executeRecursively$6(NodeTestTask.java:160)
	at org.junit.platform.engine.support.hierarchical.ThrowableCollector.execute(ThrowableCollector.java:73)
	at org.junit.platform.engine.support.hierarchical.NodeTestTask.lambda$executeRecursively$8(NodeTestTask.java:146)
	at org.junit.platform.engine.support.hierarchical.Node.around(Node.java:137)
	at org.junit.platform.engine.support.hierarchical.NodeTestTask.lambda$executeRecursively$9(NodeTestTask.java:144)
	at org.junit.platform.engine.support.hierarchical.ThrowableCollector.execute(ThrowableCollector.java:73)
	at org.junit.platform.engine.support.hierarchical.NodeTestTask.executeRecursively(NodeTestTask.java:143)
	at org.junit.platform.engine.support.hierarchical.NodeTestTask.execute(NodeTestTask.java:100)
	at org.junit.platform.engine.support.hierarchical.SameThreadHierarchicalTestExecutorService.submit(SameThreadHierarchicalTestExecutorService.java:35)
	at org.junit.platform.engine.support.hierarchical.HierarchicalTestExecutor.execute(HierarchicalTestExecutor.java:57)
	at org.junit.platform.engine.support.hierarchical.HierarchicalTestEngine.execute(HierarchicalTestEngine.java:54)
	at org.junit.platform.launcher.core.EngineExecutionOrchestrator.execute(EngineExecutionOrchestrator.java:198)
	at org.junit.platform.launcher.core.EngineExecutionOrchestrator.execute(EngineExecutionOrchestrator.java:169)
	at org.junit.platform.launcher.core.EngineExecutionOrchestrator.execute(EngineExecutionOrchestrator.java:93)
	at org.junit.platform.launcher.core.EngineExecutionOrchestrator.lambda$execute$0(EngineExecutionOrchestrator.java:58)
	at org.junit.platform.launcher.core.EngineExecutionOrchestrator.withInterceptedStreams(EngineExecutionOrchestrator.java:141)
	at org.junit.platform.launcher.core.EngineExecutionOrchestrator.execute(EngineExecutionOrchestrator.java:57)
	at org.junit.platform.launcher.core.DefaultLauncher.execute(DefaultLauncher.java:103)
	at org.junit.platform.launcher.core.DefaultLauncher.execute(DefaultLauncher.java:85)
	at org.junit.platform.launcher.core.DelegatingLauncher.execute(DelegatingLauncher.java:47)
	at org.gradle.api.internal.tasks.testing.junitplatform.JUnitPlatformTestClassProcessor$CollectAllTestClassesExecutor.processAllTestClasses(JUnitPlatformTestClassProcessor.java:124)
	at org.gradle.api.internal.tasks.testing.junitplatform.JUnitPlatformTestClassProcessor$CollectAllTestClassesExecutor.access$000(JUnitPlatformTestClassProcessor.java:99)
	at org.gradle.api.internal.tasks.testing.junitplatform.JUnitPlatformTestClassProcessor.stop(JUnitPlatformTestClassProcessor.java:94)
	at org.gradle.api.internal.tasks.testing.SuiteTestClassProcessor.stop(SuiteTestClassProcessor.java:63)
	at java.base/jdk.internal.reflect.NativeMethodAccessorImpl.invoke0(Native Method)
	at java.base/jdk.internal.reflect.NativeMethodAccessorImpl.invoke(NativeMethodAccessorImpl.java:77)
	at java.base/jdk.internal.reflect.DelegatingMethodAccessorImpl.invoke(DelegatingMethodAccessorImpl.java:43)
	at java.base/java.lang.reflect.Method.invoke(Method.java:569)
	at org.gradle.internal.dispatch.ReflectionDispatch.dispatch(ReflectionDispatch.java:36)
	at org.gradle.internal.dispatch.ReflectionDispatch.dispatch(ReflectionDispatch.java:24)
	at org.gradle.internal.dispatch.ContextClassLoaderDispatch.dispatch(ContextClassLoaderDispatch.java:33)
	at org.gradle.internal.dispatch.ProxyDispatchAdapter$DispatchingInvocationHandler.invoke(ProxyDispatchAdapter.java:92)
	at jdk.proxy1/jdk.proxy1.$Proxy4.stop(Unknown Source)
	at org.gradle.api.internal.tasks.testing.worker.TestWorker$3.run(TestWorker.java:200)
	at org.gradle.api.internal.tasks.testing.worker.TestWorker.executeAndMaintainThreadName(TestWorker.java:132)
	at org.gradle.api.internal.tasks.testing.worker.TestWorker.execute(TestWorker.java:103)
	at org.gradle.api.internal.tasks.testing.worker.TestWorker.execute(TestWorker.java:63)
	at org.gradle.process.internal.worker.child.ActionExecutionWorker.execute(ActionExecutionWorker.java:56)
	at org.gradle.process.internal.worker.child.SystemApplicationClassLoaderWorker.call(SystemApplicationClassLoaderWorker.java:122)
	at org.gradle.process.internal.worker.child.SystemApplicationClassLoaderWorker.call(SystemApplicationClassLoaderWorker.java:72)
	at worker.org.gradle.process.internal.worker.GradleWorkerMain.run(GradleWorkerMain.java:69)
	at worker.org.gradle.process.internal.worker.GradleWorkerMain.main(GradleWorkerMain.java:74)
Caused by: org.springframework.beans.factory.BeanCreationException: Error creating bean with name 'entityManagerFactory' defined in class path resource [org/springframework/boot/autoconfigure/orm/jpa/HibernateJpaConfiguration.class]: Failed to initialize dependency 'dataSourceScriptDatabaseInitializer' of LoadTimeWeaverAware bean 'entityManagerFactory': Error creating bean with name 'dataSourceScriptDatabaseInitializer' defined in class path resource [org/springframework/boot/autoconfigure/sql/init/DataSourceInitializationConfiguration.class]: Failed to execute SQL script statement #1 of file [/Users/jangjunseo/Desktop/codei_13th_develop/13-sprint-mission/build/resources/main/schema.sql]: CREATE TABLE binary_contents ( id UUID PRIMARY KEY, created_at TIMESTAMPTZ NOT NULL, file_name VARCHAR(255) NOT NULL, size BIGINT NOT NULL, content_type VARCHAR(100) NOT NULL)
	at org.springframework.beans.factory.support.AbstractBeanFactory.doGetBean(AbstractBeanFactory.java:325)
	at org.springframework.beans.factory.support.AbstractBeanFactory.getBean(AbstractBeanFactory.java:204)
	at org.springframework.context.support.AbstractApplicationContext.finishBeanFactoryInitialization(AbstractApplicationContext.java:970)
	at org.springframework.context.support.AbstractApplicationContext.refresh(AbstractApplicationContext.java:627)
	at org.springframework.boot.SpringApplication.refresh(SpringApplication.java:752)
	at org.springframework.boot.SpringApplication.refreshContext(SpringApplication.java:439)
	at org.springframework.boot.SpringApplication.run(SpringApplication.java:318)
	at org.springframework.boot.test.context.SpringBootContextLoader.lambda$loadContext$3(SpringBootContextLoader.java:137)
	at org.springframework.util.function.ThrowingSupplier.get(ThrowingSupplier.java:58)
	at org.springframework.util.function.ThrowingSupplier.get(ThrowingSupplier.java:46)
	at org.springframework.boot.SpringApplication.withHook(SpringApplication.java:1461)
	at org.springframework.boot.test.context.SpringBootContextLoader$ContextLoaderHook.run(SpringBootContextLoader.java:553)
	at org.springframework.boot.test.context.SpringBootContextLoader.loadContext(SpringBootContextLoader.java:137)
	at org.springframework.boot.test.context.SpringBootContextLoader.loadContext(SpringBootContextLoader.java:108)
	at org.springframework.test.context.cache.DefaultCacheAwareContextLoaderDelegate.loadContextInternal(DefaultCacheAwareContextLoaderDelegate.java:225)
	at org.springframework.test.context.cache.DefaultCacheAwareContextLoaderDelegate.loadContext(DefaultCacheAwareContextLoaderDelegate.java:152)
	... 89 common frames omitted
Caused by: org.springframework.beans.factory.BeanCreationException: Error creating bean with name 'dataSourceScriptDatabaseInitializer' defined in class path resource [org/springframework/boot/autoconfigure/sql/init/DataSourceInitializationConfiguration.class]: Failed to execute SQL script statement #1 of file [/Users/jangjunseo/Desktop/codei_13th_develop/13-sprint-mission/build/resources/main/schema.sql]: CREATE TABLE binary_contents ( id UUID PRIMARY KEY, created_at TIMESTAMPTZ NOT NULL, file_name VARCHAR(255) NOT NULL, size BIGINT NOT NULL, content_type VARCHAR(100) NOT NULL)
	at org.springframework.beans.factory.support.AbstractAutowireCapableBeanFactory.initializeBean(AbstractAutowireCapableBeanFactory.java:1802)
	at org.springframework.beans.factory.support.AbstractAutowireCapableBeanFactory.doCreateBean(AbstractAutowireCapableBeanFactory.java:601)
	at org.springframework.beans.factory.support.AbstractAutowireCapableBeanFactory.createBean(AbstractAutowireCapableBeanFactory.java:523)
	at org.springframework.beans.factory.support.AbstractBeanFactory.lambda$doGetBean$0(AbstractBeanFactory.java:336)
	at org.springframework.beans.factory.support.DefaultSingletonBeanRegistry.getSingleton(DefaultSingletonBeanRegistry.java:288)
	at org.springframework.beans.factory.support.AbstractBeanFactory.doGetBean(AbstractBeanFactory.java:334)
	at org.springframework.beans.factory.support.AbstractBeanFactory.getBean(AbstractBeanFactory.java:199)
	at org.springframework.beans.factory.support.AbstractBeanFactory.doGetBean(AbstractBeanFactory.java:312)
	... 104 common frames omitted
Caused by: org.springframework.jdbc.datasource.init.ScriptStatementFailedException: Failed to execute SQL script statement #1 of file [/Users/jangjunseo/Desktop/codei_13th_develop/13-sprint-mission/build/resources/main/schema.sql]: CREATE TABLE binary_contents ( id UUID PRIMARY KEY, created_at TIMESTAMPTZ NOT NULL, file_name VARCHAR(255) NOT NULL, size BIGINT NOT NULL, content_type VARCHAR(100) NOT NULL)
	at org.springframework.jdbc.datasource.init.ScriptUtils.executeSqlScript(ScriptUtils.java:282)
	at org.springframework.jdbc.datasource.init.ResourceDatabasePopulator.populate(ResourceDatabasePopulator.java:254)
	at org.springframework.jdbc.datasource.init.DatabasePopulatorUtils.execute(DatabasePopulatorUtils.java:54)
	at org.springframework.boot.jdbc.init.DataSourceScriptDatabaseInitializer.runScripts(DataSourceScriptDatabaseInitializer.java:87)
	at org.springframework.boot.sql.init.AbstractScriptDatabaseInitializer.runScripts(AbstractScriptDatabaseInitializer.java:146)
	at org.springframework.boot.sql.init.AbstractScriptDatabaseInitializer.applyScripts(AbstractScriptDatabaseInitializer.java:108)
	at org.springframework.boot.sql.init.AbstractScriptDatabaseInitializer.applySchemaScripts(AbstractScriptDatabaseInitializer.java:98)
	at org.springframework.boot.sql.init.AbstractScriptDatabaseInitializer.initializeDatabase(AbstractScriptDatabaseInitializer.java:76)
	at org.springframework.boot.sql.init.AbstractScriptDatabaseInitializer.afterPropertiesSet(AbstractScriptDatabaseInitializer.java:66)
	at org.springframework.beans.factory.support.AbstractAutowireCapableBeanFactory.invokeInitMethods(AbstractAutowireCapableBeanFactory.java:1849)
	at org.springframework.beans.factory.support.AbstractAutowireCapableBeanFactory.initializeBean(AbstractAutowireCapableBeanFactory.java:1798)
	... 111 common frames omitted
Caused by: org.h2.jdbc.JdbcSQLNonTransientException: Unknown data type: "TIMESTAMPTZ"; SQL statement:
CREATE TABLE binary_contents ( id UUID PRIMARY KEY, created_at TIMESTAMPTZ NOT NULL, file_name VARCHAR(255) NOT NULL, size BIGINT NOT NULL, content_type VARCHAR(100) NOT NULL) [50004-232]
	at org.h2.message.DbException.getJdbcSQLException(DbException.java:566)
	at org.h2.message.DbException.getJdbcSQLException(DbException.java:489)
	at org.h2.message.DbException.get(DbException.java:223)
	at org.h2.message.DbException.get(DbException.java:199)
	at org.h2.command.Parser.readIfDataType1(Parser.java:5860)
	at org.h2.command.Parser.readIfDataType(Parser.java:5698)
	at org.h2.command.Parser.parseColumnWithType(Parser.java:5680)
	at org.h2.command.Parser.parseColumnForTable(Parser.java:5559)
	at org.h2.command.Parser.parseTableColumnDefinition(Parser.java:8876)
	at org.h2.command.Parser.parseCreateTable(Parser.java:8819)
	at org.h2.command.Parser.parseCreate(Parser.java:6398)
	at org.h2.command.Parser.parsePrepared(Parser.java:645)
	at org.h2.command.Parser.parse(Parser.java:581)
	at org.h2.command.Parser.parse(Parser.java:556)
	at org.h2.command.Parser.prepareCommand(Parser.java:484)
	at org.h2.engine.SessionLocal.prepareLocal(SessionLocal.java:645)
	at org.h2.engine.SessionLocal.prepareCommand(SessionLocal.java:561)
	at org.h2.jdbc.JdbcConnection.prepareCommand(JdbcConnection.java:1164)
	at org.h2.jdbc.JdbcStatement.executeInternal(JdbcStatement.java:245)
	at org.h2.jdbc.JdbcStatement.execute(JdbcStatement.java:231)
	at org.springframework.jdbc.datasource.init.ScriptUtils.executeSqlScript(ScriptUtils.java:261)
	... 121 common frames omitted
26-08-01 17:19:13.329 [Test worker] WARN  o.s.test.context.TestContextManager - Caught exception while allowing TestExecutionListener [org.springframework.test.context.support.DependencyInjectionTestExecutionListener] to prepare test instance [com.sprint.mission.discodeit.repository.UserRepositoryTest@2871ac91]
java.lang.IllegalStateException: ApplicationContext failure threshold (1) exceeded: skipping repeated attempt to load context for [MergedContextConfiguration@353e6389 testClass = com.sprint.mission.discodeit.repository.UserRepositoryTest, locations = [], classes = [com.sprint.mission.discodeit.DiscodeitApplication], contextInitializerClasses = [], activeProfiles = ["test"], propertySourceDescriptors = [], propertySourceProperties = ["org.springframework.boot.test.autoconfigure.orm.jpa.DataJpaTestContextBootstrapper=true"], contextCustomizers = [org.springframework.boot.test.autoconfigure.OnFailureConditionReportContextCustomizerFactory$OnFailureConditionReportContextCustomizer@3d9f6567, org.springframework.boot.test.autoconfigure.OverrideAutoConfigurationContextCustomizerFactory$DisableAutoConfigurationContextCustomizer@35e5d0e5, org.springframework.boot.test.autoconfigure.actuate.observability.ObservabilityContextCustomizerFactory$DisableObservabilityContextCustomizer@1f, org.springframework.boot.test.autoconfigure.filter.TypeExcludeFiltersContextCustomizer@34be3d80, org.springframework.boot.test.autoconfigure.properties.PropertyMappingContextCustomizer@e5fa7f94, org.springframework.boot.test.autoconfigure.web.servlet.WebDriverContextCustomizer@68ad99fe, [ImportsContextCustomizer@15e8f9b2 key = [org.springframework.boot.autoconfigure.transaction.TransactionAutoConfiguration, org.springframework.boot.autoconfigure.data.jpa.JpaRepositoriesAutoConfiguration, org.springframework.boot.test.autoconfigure.orm.jpa.TestEntityManagerAutoConfiguration, org.springframework.boot.autoconfigure.cache.CacheAutoConfiguration, org.springframework.boot.autoconfigure.orm.jpa.HibernateJpaAutoConfiguration, org.springframework.boot.autoconfigure.sql.init.SqlInitializationAutoConfiguration, org.springframework.boot.test.autoconfigure.jdbc.TestDatabaseAutoConfiguration, org.springframework.boot.autoconfigure.flyway.FlywayAutoConfiguration, org.springframework.boot.autoconfigure.jdbc.DataSourceTransactionManagerAutoConfiguration, org.springframework.boot.autoconfigure.liquibase.LiquibaseAutoConfiguration, org.springframework.boot.autoconfigure.jdbc.JdbcClientAutoConfiguration, org.springframework.boot.autoconfigure.jdbc.DataSourceAutoConfiguration, org.springframework.boot.autoconfigure.jdbc.JdbcTemplateAutoConfiguration]], org.springframework.boot.test.context.filter.ExcludeFilterContextCustomizer@3b2c0e88, org.springframework.boot.test.json.DuplicateJsonObjectContextCustomizerFactory$DuplicateJsonObjectContextCustomizer@476b0ae6, org.springframework.boot.test.mock.mockito.MockitoContextCustomizer@0, org.springframework.boot.test.web.reactor.netty.DisableReactorResourceFactoryGlobalResourcesContextCustomizerFactory$DisableReactorResourceFactoryGlobalResourcesContextCustomizerCustomizer@686449f9, org.springframework.test.context.support.DynamicPropertiesContextCustomizer@0, org.springframework.boot.test.context.SpringBootTestAnnotation@3ace99f4], contextLoader = org.springframework.boot.test.context.SpringBootContextLoader, parent = null]
	at org.springframework.test.context.cache.DefaultCacheAwareContextLoaderDelegate.loadContext(DefaultCacheAwareContextLoaderDelegate.java:145)
	at org.springframework.test.context.support.DefaultTestContext.getApplicationContext(DefaultTestContext.java:130)
	at org.springframework.test.context.support.DependencyInjectionTestExecutionListener.injectDependencies(DependencyInjectionTestExecutionListener.java:142)
	at org.springframework.test.context.support.DependencyInjectionTestExecutionListener.prepareTestInstance(DependencyInjectionTestExecutionListener.java:98)
	at org.springframework.test.context.TestContextManager.prepareTestInstance(TestContextManager.java:260)
	at org.springframework.test.context.junit.jupiter.SpringExtension.postProcessTestInstance(SpringExtension.java:160)
	at org.junit.jupiter.engine.descriptor.ClassBasedTestDescriptor.lambda$invokeTestInstancePostProcessors$11(ClassBasedTestDescriptor.java:378)
	at org.junit.jupiter.engine.descriptor.ClassBasedTestDescriptor.executeAndMaskThrowable(ClassBasedTestDescriptor.java:383)
	at org.junit.jupiter.engine.descriptor.ClassBasedTestDescriptor.lambda$invokeTestInstancePostProcessors$12(ClassBasedTestDescriptor.java:378)
	at java.base/java.util.stream.ForEachOps$ForEachOp$OfRef.accept(ForEachOps.java:183)
	at java.base/java.util.stream.ReferencePipeline$3$1.accept(ReferencePipeline.java:197)
	at java.base/java.util.stream.ReferencePipeline$2$1.accept(ReferencePipeline.java:179)
	at java.base/java.util.stream.ReferencePipeline$3$1.accept(ReferencePipeline.java:197)
	at java.base/java.util.ArrayList$ArrayListSpliterator.forEachRemaining(ArrayList.java:1625)
	at java.base/java.util.stream.AbstractPipeline.copyInto(AbstractPipeline.java:509)
	at java.base/java.util.stream.AbstractPipeline.wrapAndCopyInto(AbstractPipeline.java:499)
	at java.base/java.util.stream.ForEachOps$ForEachOp.evaluateSequential(ForEachOps.java:150)
	at java.base/java.util.stream.ForEachOps$ForEachOp$OfRef.evaluateSequential(ForEachOps.java:173)
	at java.base/java.util.stream.AbstractPipeline.evaluate(AbstractPipeline.java:234)
	at java.base/java.util.stream.ReferencePipeline.forEach(ReferencePipeline.java:596)
	at org.junit.jupiter.engine.descriptor.ClassBasedTestDescriptor.invokeTestInstancePostProcessors(ClassBasedTestDescriptor.java:377)
	at org.junit.jupiter.engine.descriptor.ClassBasedTestDescriptor.lambda$instantiateAndPostProcessTestInstance$7(ClassBasedTestDescriptor.java:290)
	at org.junit.platform.engine.support.hierarchical.ThrowableCollector.execute(ThrowableCollector.java:73)
	at org.junit.jupiter.engine.descriptor.ClassBasedTestDescriptor.instantiateAndPostProcessTestInstance(ClassBasedTestDescriptor.java:289)
	at org.junit.jupiter.engine.descriptor.ClassBasedTestDescriptor.lambda$testInstancesProvider$5(ClassBasedTestDescriptor.java:279)
	at java.base/java.util.Optional.orElseGet(Optional.java:364)
	at org.junit.jupiter.engine.descriptor.ClassBasedTestDescriptor.lambda$testInstancesProvider$6(ClassBasedTestDescriptor.java:278)
	at org.junit.jupiter.engine.execution.TestInstancesProvider.getTestInstances(TestInstancesProvider.java:31)
	at org.junit.jupiter.engine.descriptor.TestMethodTestDescriptor.lambda$prepare$1(TestMethodTestDescriptor.java:105)
	at org.junit.platform.engine.support.hierarchical.ThrowableCollector.execute(ThrowableCollector.java:73)
	at org.junit.jupiter.engine.descriptor.TestMethodTestDescriptor.prepare(TestMethodTestDescriptor.java:104)
	at org.junit.jupiter.engine.descriptor.TestMethodTestDescriptor.prepare(TestMethodTestDescriptor.java:68)
	at org.junit.platform.engine.support.hierarchical.NodeTestTask.lambda$prepare$2(NodeTestTask.java:128)
	at org.junit.platform.engine.support.hierarchical.ThrowableCollector.execute(ThrowableCollector.java:73)
	at org.junit.platform.engine.support.hierarchical.NodeTestTask.prepare(NodeTestTask.java:128)
	at org.junit.platform.engine.support.hierarchical.NodeTestTask.execute(NodeTestTask.java:95)
	at java.base/java.util.ArrayList.forEach(ArrayList.java:1511)
	at org.junit.platform.engine.support.hierarchical.SameThreadHierarchicalTestExecutorService.invokeAll(SameThreadHierarchicalTestExecutorService.java:41)
	at org.junit.platform.engine.support.hierarchical.NodeTestTask.lambda$executeRecursively$6(NodeTestTask.java:160)
	at org.junit.platform.engine.support.hierarchical.ThrowableCollector.execute(ThrowableCollector.java:73)
	at org.junit.platform.engine.support.hierarchical.NodeTestTask.lambda$executeRecursively$8(NodeTestTask.java:146)
	at org.junit.platform.engine.support.hierarchical.Node.around(Node.java:137)
	at org.junit.platform.engine.support.hierarchical.NodeTestTask.lambda$executeRecursively$9(NodeTestTask.java:144)
	at org.junit.platform.engine.support.hierarchical.ThrowableCollector.execute(ThrowableCollector.java:73)
	at org.junit.platform.engine.support.hierarchical.NodeTestTask.executeRecursively(NodeTestTask.java:143)
	at org.junit.platform.engine.support.hierarchical.NodeTestTask.execute(NodeTestTask.java:100)
	at java.base/java.util.ArrayList.forEach(ArrayList.java:1511)
	at org.junit.platform.engine.support.hierarchical.SameThreadHierarchicalTestExecutorService.invokeAll(SameThreadHierarchicalTestExecutorService.java:41)
	at org.junit.platform.engine.support.hierarchical.NodeTestTask.lambda$executeRecursively$6(NodeTestTask.java:160)
	at org.junit.platform.engine.support.hierarchical.ThrowableCollector.execute(ThrowableCollector.java:73)
	at org.junit.platform.engine.support.hierarchical.NodeTestTask.lambda$executeRecursively$8(NodeTestTask.java:146)
	at org.junit.platform.engine.support.hierarchical.Node.around(Node.java:137)
	at org.junit.platform.engine.support.hierarchical.NodeTestTask.lambda$executeRecursively$9(NodeTestTask.java:144)
	at org.junit.platform.engine.support.hierarchical.ThrowableCollector.execute(ThrowableCollector.java:73)
	at org.junit.platform.engine.support.hierarchical.NodeTestTask.executeRecursively(NodeTestTask.java:143)
	at org.junit.platform.engine.support.hierarchical.NodeTestTask.execute(NodeTestTask.java:100)
	at org.junit.platform.engine.support.hierarchical.SameThreadHierarchicalTestExecutorService.submit(SameThreadHierarchicalTestExecutorService.java:35)
	at org.junit.platform.engine.support.hierarchical.HierarchicalTestExecutor.execute(HierarchicalTestExecutor.java:57)
	at org.junit.platform.engine.support.hierarchical.HierarchicalTestEngine.execute(HierarchicalTestEngine.java:54)
	at org.junit.platform.launcher.core.EngineExecutionOrchestrator.execute(EngineExecutionOrchestrator.java:198)
	at org.junit.platform.launcher.core.EngineExecutionOrchestrator.execute(EngineExecutionOrchestrator.java:169)
	at org.junit.platform.launcher.core.EngineExecutionOrchestrator.execute(EngineExecutionOrchestrator.java:93)
	at org.junit.platform.launcher.core.EngineExecutionOrchestrator.lambda$execute$0(EngineExecutionOrchestrator.java:58)
	at org.junit.platform.launcher.core.EngineExecutionOrchestrator.withInterceptedStreams(EngineExecutionOrchestrator.java:141)
	at org.junit.platform.launcher.core.EngineExecutionOrchestrator.execute(EngineExecutionOrchestrator.java:57)
	at org.junit.platform.launcher.core.DefaultLauncher.execute(DefaultLauncher.java:103)
	at org.junit.platform.launcher.core.DefaultLauncher.execute(DefaultLauncher.java:85)
	at org.junit.platform.launcher.core.DelegatingLauncher.execute(DelegatingLauncher.java:47)
	at org.gradle.api.internal.tasks.testing.junitplatform.JUnitPlatformTestClassProcessor$CollectAllTestClassesExecutor.processAllTestClasses(JUnitPlatformTestClassProcessor.java:124)
	at org.gradle.api.internal.tasks.testing.junitplatform.JUnitPlatformTestClassProcessor$CollectAllTestClassesExecutor.access$000(JUnitPlatformTestClassProcessor.java:99)
	at org.gradle.api.internal.tasks.testing.junitplatform.JUnitPlatformTestClassProcessor.stop(JUnitPlatformTestClassProcessor.java:94)
	at org.gradle.api.internal.tasks.testing.SuiteTestClassProcessor.stop(SuiteTestClassProcessor.java:63)
	at java.base/jdk.internal.reflect.NativeMethodAccessorImpl.invoke0(Native Method)
	at java.base/jdk.internal.reflect.NativeMethodAccessorImpl.invoke(NativeMethodAccessorImpl.java:77)
	at java.base/jdk.internal.reflect.DelegatingMethodAccessorImpl.invoke(DelegatingMethodAccessorImpl.java:43)
	at java.base/java.lang.reflect.Method.invoke(Method.java:569)
	at org.gradle.internal.dispatch.ReflectionDispatch.dispatch(ReflectionDispatch.java:36)
	at org.gradle.internal.dispatch.ReflectionDispatch.dispatch(ReflectionDispatch.java:24)
	at org.gradle.internal.dispatch.ContextClassLoaderDispatch.dispatch(ContextClassLoaderDispatch.java:33)
	at org.gradle.internal.dispatch.ProxyDispatchAdapter$DispatchingInvocationHandler.invoke(ProxyDispatchAdapter.java:92)
	at jdk.proxy1/jdk.proxy1.$Proxy4.stop(Unknown Source)
	at org.gradle.api.internal.tasks.testing.worker.TestWorker$3.run(TestWorker.java:200)
	at org.gradle.api.internal.tasks.testing.worker.TestWorker.executeAndMaintainThreadName(TestWorker.java:132)
	at org.gradle.api.internal.tasks.testing.worker.TestWorker.execute(TestWorker.java:103)
	at org.gradle.api.internal.tasks.testing.worker.TestWorker.execute(TestWorker.java:63)
	at org.gradle.process.internal.worker.child.ActionExecutionWorker.execute(ActionExecutionWorker.java:56)
	at org.gradle.process.internal.worker.child.SystemApplicationClassLoaderWorker.call(SystemApplicationClassLoaderWorker.java:122)
	at org.gradle.process.internal.worker.child.SystemApplicationClassLoaderWorker.call(SystemApplicationClassLoaderWorker.java:72)
	at worker.org.gradle.process.internal.worker.GradleWorkerMain.run(GradleWorkerMain.java:69)
	at worker.org.gradle.process.internal.worker.GradleWorkerMain.main(GradleWorkerMain.java:74)
26-08-01 17:19:13.335 [Test worker] WARN  o.s.test.context.TestContextManager - Caught exception while allowing TestExecutionListener [org.springframework.test.context.support.DependencyInjectionTestExecutionListener] to prepare test instance [com.sprint.mission.discodeit.repository.UserRepositoryTest@6d69a0d3]
java.lang.IllegalStateException: ApplicationContext failure threshold (1) exceeded: skipping repeated attempt to load context for [MergedContextConfiguration@353e6389 testClass = com.sprint.mission.discodeit.repository.UserRepositoryTest, locations = [], classes = [com.sprint.mission.discodeit.DiscodeitApplication], contextInitializerClasses = [], activeProfiles = ["test"], propertySourceDescriptors = [], propertySourceProperties = ["org.springframework.boot.test.autoconfigure.orm.jpa.DataJpaTestContextBootstrapper=true"], contextCustomizers = [org.springframework.boot.test.autoconfigure.OnFailureConditionReportContextCustomizerFactory$OnFailureConditionReportContextCustomizer@3d9f6567, org.springframework.boot.test.autoconfigure.OverrideAutoConfigurationContextCustomizerFactory$DisableAutoConfigurationContextCustomizer@35e5d0e5, org.springframework.boot.test.autoconfigure.actuate.observability.ObservabilityContextCustomizerFactory$DisableObservabilityContextCustomizer@1f, org.springframework.boot.test.autoconfigure.filter.TypeExcludeFiltersContextCustomizer@34be3d80, org.springframework.boot.test.autoconfigure.properties.PropertyMappingContextCustomizer@e5fa7f94, org.springframework.boot.test.autoconfigure.web.servlet.WebDriverContextCustomizer@68ad99fe, [ImportsContextCustomizer@15e8f9b2 key = [org.springframework.boot.autoconfigure.transaction.TransactionAutoConfiguration, org.springframework.boot.autoconfigure.data.jpa.JpaRepositoriesAutoConfiguration, org.springframework.boot.test.autoconfigure.orm.jpa.TestEntityManagerAutoConfiguration, org.springframework.boot.autoconfigure.cache.CacheAutoConfiguration, org.springframework.boot.autoconfigure.orm.jpa.HibernateJpaAutoConfiguration, org.springframework.boot.autoconfigure.sql.init.SqlInitializationAutoConfiguration, org.springframework.boot.test.autoconfigure.jdbc.TestDatabaseAutoConfiguration, org.springframework.boot.autoconfigure.flyway.FlywayAutoConfiguration, org.springframework.boot.autoconfigure.jdbc.DataSourceTransactionManagerAutoConfiguration, org.springframework.boot.autoconfigure.liquibase.LiquibaseAutoConfiguration, org.springframework.boot.autoconfigure.jdbc.JdbcClientAutoConfiguration, org.springframework.boot.autoconfigure.jdbc.DataSourceAutoConfiguration, org.springframework.boot.autoconfigure.jdbc.JdbcTemplateAutoConfiguration]], org.springframework.boot.test.context.filter.ExcludeFilterContextCustomizer@3b2c0e88, org.springframework.boot.test.json.DuplicateJsonObjectContextCustomizerFactory$DuplicateJsonObjectContextCustomizer@476b0ae6, org.springframework.boot.test.mock.mockito.MockitoContextCustomizer@0, org.springframework.boot.test.web.reactor.netty.DisableReactorResourceFactoryGlobalResourcesContextCustomizerFactory$DisableReactorResourceFactoryGlobalResourcesContextCustomizerCustomizer@686449f9, org.springframework.test.context.support.DynamicPropertiesContextCustomizer@0, org.springframework.boot.test.context.SpringBootTestAnnotation@3ace99f4], contextLoader = org.springframework.boot.test.context.SpringBootContextLoader, parent = null]
	at org.springframework.test.context.cache.DefaultCacheAwareContextLoaderDelegate.loadContext(DefaultCacheAwareContextLoaderDelegate.java:145)
	at org.springframework.test.context.support.DefaultTestContext.getApplicationContext(DefaultTestContext.java:130)
	at org.springframework.test.context.support.DependencyInjectionTestExecutionListener.injectDependencies(DependencyInjectionTestExecutionListener.java:142)
	at org.springframework.test.context.support.DependencyInjectionTestExecutionListener.prepareTestInstance(DependencyInjectionTestExecutionListener.java:98)
	at org.springframework.test.context.TestContextManager.prepareTestInstance(TestContextManager.java:260)
	at org.springframework.test.context.junit.jupiter.SpringExtension.postProcessTestInstance(SpringExtension.java:160)
	at org.junit.jupiter.engine.descriptor.ClassBasedTestDescriptor.lambda$invokeTestInstancePostProcessors$11(ClassBasedTestDescriptor.java:378)
	at org.junit.jupiter.engine.descriptor.ClassBasedTestDescriptor.executeAndMaskThrowable(ClassBasedTestDescriptor.java:383)
	at org.junit.jupiter.engine.descriptor.ClassBasedTestDescriptor.lambda$invokeTestInstancePostProcessors$12(ClassBasedTestDescriptor.java:378)
	at java.base/java.util.stream.ForEachOps$ForEachOp$OfRef.accept(ForEachOps.java:183)
	at java.base/java.util.stream.ReferencePipeline$3$1.accept(ReferencePipeline.java:197)
	at java.base/java.util.stream.ReferencePipeline$2$1.accept(ReferencePipeline.java:179)
	at java.base/java.util.stream.ReferencePipeline$3$1.accept(ReferencePipeline.java:197)
	at java.base/java.util.ArrayList$ArrayListSpliterator.forEachRemaining(ArrayList.java:1625)
	at java.base/java.util.stream.AbstractPipeline.copyInto(AbstractPipeline.java:509)
	at java.base/java.util.stream.AbstractPipeline.wrapAndCopyInto(AbstractPipeline.java:499)
	at java.base/java.util.stream.ForEachOps$ForEachOp.evaluateSequential(ForEachOps.java:150)
	at java.base/java.util.stream.ForEachOps$ForEachOp$OfRef.evaluateSequential(ForEachOps.java:173)
	at java.base/java.util.stream.AbstractPipeline.evaluate(AbstractPipeline.java:234)
	at java.base/java.util.stream.ReferencePipeline.forEach(ReferencePipeline.java:596)
	at org.junit.jupiter.engine.descriptor.ClassBasedTestDescriptor.invokeTestInstancePostProcessors(ClassBasedTestDescriptor.java:377)
	at org.junit.jupiter.engine.descriptor.ClassBasedTestDescriptor.lambda$instantiateAndPostProcessTestInstance$7(ClassBasedTestDescriptor.java:290)
	at org.junit.platform.engine.support.hierarchical.ThrowableCollector.execute(ThrowableCollector.java:73)
	at org.junit.jupiter.engine.descriptor.ClassBasedTestDescriptor.instantiateAndPostProcessTestInstance(ClassBasedTestDescriptor.java:289)
	at org.junit.jupiter.engine.descriptor.ClassBasedTestDescriptor.lambda$testInstancesProvider$5(ClassBasedTestDescriptor.java:279)
	at java.base/java.util.Optional.orElseGet(Optional.java:364)
	at org.junit.jupiter.engine.descriptor.ClassBasedTestDescriptor.lambda$testInstancesProvider$6(ClassBasedTestDescriptor.java:278)
	at org.junit.jupiter.engine.execution.TestInstancesProvider.getTestInstances(TestInstancesProvider.java:31)
	at org.junit.jupiter.engine.descriptor.TestMethodTestDescriptor.lambda$prepare$1(TestMethodTestDescriptor.java:105)
	at org.junit.platform.engine.support.hierarchical.ThrowableCollector.execute(ThrowableCollector.java:73)
	at org.junit.jupiter.engine.descriptor.TestMethodTestDescriptor.prepare(TestMethodTestDescriptor.java:104)
	at org.junit.jupiter.engine.descriptor.TestMethodTestDescriptor.prepare(TestMethodTestDescriptor.java:68)
	at org.junit.platform.engine.support.hierarchical.NodeTestTask.lambda$prepare$2(NodeTestTask.java:128)
	at org.junit.platform.engine.support.hierarchical.ThrowableCollector.execute(ThrowableCollector.java:73)
	at org.junit.platform.engine.support.hierarchical.NodeTestTask.prepare(NodeTestTask.java:128)
	at org.junit.platform.engine.support.hierarchical.NodeTestTask.execute(NodeTestTask.java:95)
	at java.base/java.util.ArrayList.forEach(ArrayList.java:1511)
	at org.junit.platform.engine.support.hierarchical.SameThreadHierarchicalTestExecutorService.invokeAll(SameThreadHierarchicalTestExecutorService.java:41)
	at org.junit.platform.engine.support.hierarchical.NodeTestTask.lambda$executeRecursively$6(NodeTestTask.java:160)
	at org.junit.platform.engine.support.hierarchical.ThrowableCollector.execute(ThrowableCollector.java:73)
	at org.junit.platform.engine.support.hierarchical.NodeTestTask.lambda$executeRecursively$8(NodeTestTask.java:146)
	at org.junit.platform.engine.support.hierarchical.Node.around(Node.java:137)
	at org.junit.platform.engine.support.hierarchical.NodeTestTask.lambda$executeRecursively$9(NodeTestTask.java:144)
	at org.junit.platform.engine.support.hierarchical.ThrowableCollector.execute(ThrowableCollector.java:73)
	at org.junit.platform.engine.support.hierarchical.NodeTestTask.executeRecursively(NodeTestTask.java:143)
	at org.junit.platform.engine.support.hierarchical.NodeTestTask.execute(NodeTestTask.java:100)
	at java.base/java.util.ArrayList.forEach(ArrayList.java:1511)
	at org.junit.platform.engine.support.hierarchical.SameThreadHierarchicalTestExecutorService.invokeAll(SameThreadHierarchicalTestExecutorService.java:41)
	at org.junit.platform.engine.support.hierarchical.NodeTestTask.lambda$executeRecursively$6(NodeTestTask.java:160)
	at org.junit.platform.engine.support.hierarchical.ThrowableCollector.execute(ThrowableCollector.java:73)
	at org.junit.platform.engine.support.hierarchical.NodeTestTask.lambda$executeRecursively$8(NodeTestTask.java:146)
	at org.junit.platform.engine.support.hierarchical.Node.around(Node.java:137)
	at org.junit.platform.engine.support.hierarchical.NodeTestTask.lambda$executeRecursively$9(NodeTestTask.java:144)
	at org.junit.platform.engine.support.hierarchical.ThrowableCollector.execute(ThrowableCollector.java:73)
	at org.junit.platform.engine.support.hierarchical.NodeTestTask.executeRecursively(NodeTestTask.java:143)
	at org.junit.platform.engine.support.hierarchical.NodeTestTask.execute(NodeTestTask.java:100)
	at org.junit.platform.engine.support.hierarchical.SameThreadHierarchicalTestExecutorService.submit(SameThreadHierarchicalTestExecutorService.java:35)
	at org.junit.platform.engine.support.hierarchical.HierarchicalTestExecutor.execute(HierarchicalTestExecutor.java:57)
	at org.junit.platform.engine.support.hierarchical.HierarchicalTestEngine.execute(HierarchicalTestEngine.java:54)
	at org.junit.platform.launcher.core.EngineExecutionOrchestrator.execute(EngineExecutionOrchestrator.java:198)
	at org.junit.platform.launcher.core.EngineExecutionOrchestrator.execute(EngineExecutionOrchestrator.java:169)
	at org.junit.platform.launcher.core.EngineExecutionOrchestrator.execute(EngineExecutionOrchestrator.java:93)
	at org.junit.platform.launcher.core.EngineExecutionOrchestrator.lambda$execute$0(EngineExecutionOrchestrator.java:58)
	at org.junit.platform.launcher.core.EngineExecutionOrchestrator.withInterceptedStreams(EngineExecutionOrchestrator.java:141)
	at org.junit.platform.launcher.core.EngineExecutionOrchestrator.execute(EngineExecutionOrchestrator.java:57)
	at org.junit.platform.launcher.core.DefaultLauncher.execute(DefaultLauncher.java:103)
	at org.junit.platform.launcher.core.DefaultLauncher.execute(DefaultLauncher.java:85)
	at org.junit.platform.launcher.core.DelegatingLauncher.execute(DelegatingLauncher.java:47)
	at org.gradle.api.internal.tasks.testing.junitplatform.JUnitPlatformTestClassProcessor$CollectAllTestClassesExecutor.processAllTestClasses(JUnitPlatformTestClassProcessor.java:124)
	at org.gradle.api.internal.tasks.testing.junitplatform.JUnitPlatformTestClassProcessor$CollectAllTestClassesExecutor.access$000(JUnitPlatformTestClassProcessor.java:99)
	at org.gradle.api.internal.tasks.testing.junitplatform.JUnitPlatformTestClassProcessor.stop(JUnitPlatformTestClassProcessor.java:94)
	at org.gradle.api.internal.tasks.testing.SuiteTestClassProcessor.stop(SuiteTestClassProcessor.java:63)
	at java.base/jdk.internal.reflect.NativeMethodAccessorImpl.invoke0(Native Method)
	at java.base/jdk.internal.reflect.NativeMethodAccessorImpl.invoke(NativeMethodAccessorImpl.java:77)
	at java.base/jdk.internal.reflect.DelegatingMethodAccessorImpl.invoke(DelegatingMethodAccessorImpl.java:43)
	at java.base/java.lang.reflect.Method.invoke(Method.java:569)
	at org.gradle.internal.dispatch.ReflectionDispatch.dispatch(ReflectionDispatch.java:36)
	at org.gradle.internal.dispatch.ReflectionDispatch.dispatch(ReflectionDispatch.java:24)
	at org.gradle.internal.dispatch.ContextClassLoaderDispatch.dispatch(ContextClassLoaderDispatch.java:33)
	at org.gradle.internal.dispatch.ProxyDispatchAdapter$DispatchingInvocationHandler.invoke(ProxyDispatchAdapter.java:92)
	at jdk.proxy1/jdk.proxy1.$Proxy4.stop(Unknown Source)
	at org.gradle.api.internal.tasks.testing.worker.TestWorker$3.run(TestWorker.java:200)
	at org.gradle.api.internal.tasks.testing.worker.TestWorker.executeAndMaintainThreadName(TestWorker.java:132)
	at org.gradle.api.internal.tasks.testing.worker.TestWorker.execute(TestWorker.java:103)
	at org.gradle.api.internal.tasks.testing.worker.TestWorker.execute(TestWorker.java:63)
	at org.gradle.process.internal.worker.child.ActionExecutionWorker.execute(ActionExecutionWorker.java:56)
	at org.gradle.process.internal.worker.child.SystemApplicationClassLoaderWorker.call(SystemApplicationClassLoaderWorker.java:122)
	at org.gradle.process.internal.worker.child.SystemApplicationClassLoaderWorker.call(SystemApplicationClassLoaderWorker.java:72)
	at worker.org.gradle.process.internal.worker.GradleWorkerMain.run(GradleWorkerMain.java:69)
	at worker.org.gradle.process.internal.worker.GradleWorkerMain.main(GradleWorkerMain.java:74)
26-08-01 17:19:13.340 [Test worker] WARN  o.s.test.context.TestContextManager - Caught exception while allowing TestExecutionListener [org.springframework.test.context.support.DependencyInjectionTestExecutionListener] to prepare test instance [com.sprint.mission.discodeit.repository.UserRepositoryTest@257f30f7]
java.lang.IllegalStateException: ApplicationContext failure threshold (1) exceeded: skipping repeated attempt to load context for [MergedContextConfiguration@353e6389 testClass = com.sprint.mission.discodeit.repository.UserRepositoryTest, locations = [], classes = [com.sprint.mission.discodeit.DiscodeitApplication], contextInitializerClasses = [], activeProfiles = ["test"], propertySourceDescriptors = [], propertySourceProperties = ["org.springframework.boot.test.autoconfigure.orm.jpa.DataJpaTestContextBootstrapper=true"], contextCustomizers = [org.springframework.boot.test.autoconfigure.OnFailureConditionReportContextCustomizerFactory$OnFailureConditionReportContextCustomizer@3d9f6567, org.springframework.boot.test.autoconfigure.OverrideAutoConfigurationContextCustomizerFactory$DisableAutoConfigurationContextCustomizer@35e5d0e5, org.springframework.boot.test.autoconfigure.actuate.observability.ObservabilityContextCustomizerFactory$DisableObservabilityContextCustomizer@1f, org.springframework.boot.test.autoconfigure.filter.TypeExcludeFiltersContextCustomizer@34be3d80, org.springframework.boot.test.autoconfigure.properties.PropertyMappingContextCustomizer@e5fa7f94, org.springframework.boot.test.autoconfigure.web.servlet.WebDriverContextCustomizer@68ad99fe, [ImportsContextCustomizer@15e8f9b2 key = [org.springframework.boot.autoconfigure.transaction.TransactionAutoConfiguration, org.springframework.boot.autoconfigure.data.jpa.JpaRepositoriesAutoConfiguration, org.springframework.boot.test.autoconfigure.orm.jpa.TestEntityManagerAutoConfiguration, org.springframework.boot.autoconfigure.cache.CacheAutoConfiguration, org.springframework.boot.autoconfigure.orm.jpa.HibernateJpaAutoConfiguration, org.springframework.boot.autoconfigure.sql.init.SqlInitializationAutoConfiguration, org.springframework.boot.test.autoconfigure.jdbc.TestDatabaseAutoConfiguration, org.springframework.boot.autoconfigure.flyway.FlywayAutoConfiguration, org.springframework.boot.autoconfigure.jdbc.DataSourceTransactionManagerAutoConfiguration, org.springframework.boot.autoconfigure.liquibase.LiquibaseAutoConfiguration, org.springframework.boot.autoconfigure.jdbc.JdbcClientAutoConfiguration, org.springframework.boot.autoconfigure.jdbc.DataSourceAutoConfiguration, org.springframework.boot.autoconfigure.jdbc.JdbcTemplateAutoConfiguration]], org.springframework.boot.test.context.filter.ExcludeFilterContextCustomizer@3b2c0e88, org.springframework.boot.test.json.DuplicateJsonObjectContextCustomizerFactory$DuplicateJsonObjectContextCustomizer@476b0ae6, org.springframework.boot.test.mock.mockito.MockitoContextCustomizer@0, org.springframework.boot.test.web.reactor.netty.DisableReactorResourceFactoryGlobalResourcesContextCustomizerFactory$DisableReactorResourceFactoryGlobalResourcesContextCustomizerCustomizer@686449f9, org.springframework.test.context.support.DynamicPropertiesContextCustomizer@0, org.springframework.boot.test.context.SpringBootTestAnnotation@3ace99f4], contextLoader = org.springframework.boot.test.context.SpringBootContextLoader, parent = null]
	at org.springframework.test.context.cache.DefaultCacheAwareContextLoaderDelegate.loadContext(DefaultCacheAwareContextLoaderDelegate.java:145)
	at org.springframework.test.context.support.DefaultTestContext.getApplicationContext(DefaultTestContext.java:130)
	at org.springframework.test.context.support.DependencyInjectionTestExecutionListener.injectDependencies(DependencyInjectionTestExecutionListener.java:142)
	at org.springframework.test.context.support.DependencyInjectionTestExecutionListener.prepareTestInstance(DependencyInjectionTestExecutionListener.java:98)
	at org.springframework.test.context.TestContextManager.prepareTestInstance(TestContextManager.java:260)
	at org.springframework.test.context.junit.jupiter.SpringExtension.postProcessTestInstance(SpringExtension.java:160)
	at org.junit.jupiter.engine.descriptor.ClassBasedTestDescriptor.lambda$invokeTestInstancePostProcessors$11(ClassBasedTestDescriptor.java:378)
	at org.junit.jupiter.engine.descriptor.ClassBasedTestDescriptor.executeAndMaskThrowable(ClassBasedTestDescriptor.java:383)
	at org.junit.jupiter.engine.descriptor.ClassBasedTestDescriptor.lambda$invokeTestInstancePostProcessors$12(ClassBasedTestDescriptor.java:378)
	at java.base/java.util.stream.ForEachOps$ForEachOp$OfRef.accept(ForEachOps.java:183)
	at java.base/java.util.stream.ReferencePipeline$3$1.accept(ReferencePipeline.java:197)
	at java.base/java.util.stream.ReferencePipeline$2$1.accept(ReferencePipeline.java:179)
	at java.base/java.util.stream.ReferencePipeline$3$1.accept(ReferencePipeline.java:197)
	at java.base/java.util.ArrayList$ArrayListSpliterator.forEachRemaining(ArrayList.java:1625)
	at java.base/java.util.stream.AbstractPipeline.copyInto(AbstractPipeline.java:509)
	at java.base/java.util.stream.AbstractPipeline.wrapAndCopyInto(AbstractPipeline.java:499)
	at java.base/java.util.stream.ForEachOps$ForEachOp.evaluateSequential(ForEachOps.java:150)
	at java.base/java.util.stream.ForEachOps$ForEachOp$OfRef.evaluateSequential(ForEachOps.java:173)
	at java.base/java.util.stream.AbstractPipeline.evaluate(AbstractPipeline.java:234)
	at java.base/java.util.stream.ReferencePipeline.forEach(ReferencePipeline.java:596)
	at org.junit.jupiter.engine.descriptor.ClassBasedTestDescriptor.invokeTestInstancePostProcessors(ClassBasedTestDescriptor.java:377)
	at org.junit.jupiter.engine.descriptor.ClassBasedTestDescriptor.lambda$instantiateAndPostProcessTestInstance$7(ClassBasedTestDescriptor.java:290)
	at org.junit.platform.engine.support.hierarchical.ThrowableCollector.execute(ThrowableCollector.java:73)
	at org.junit.jupiter.engine.descriptor.ClassBasedTestDescriptor.instantiateAndPostProcessTestInstance(ClassBasedTestDescriptor.java:289)
	at org.junit.jupiter.engine.descriptor.ClassBasedTestDescriptor.lambda$testInstancesProvider$5(ClassBasedTestDescriptor.java:279)
	at java.base/java.util.Optional.orElseGet(Optional.java:364)
	at org.junit.jupiter.engine.descriptor.ClassBasedTestDescriptor.lambda$testInstancesProvider$6(ClassBasedTestDescriptor.java:278)
	at org.junit.jupiter.engine.execution.TestInstancesProvider.getTestInstances(TestInstancesProvider.java:31)
	at org.junit.jupiter.engine.descriptor.TestMethodTestDescriptor.lambda$prepare$1(TestMethodTestDescriptor.java:105)
	at org.junit.platform.engine.support.hierarchical.ThrowableCollector.execute(ThrowableCollector.java:73)
	at org.junit.jupiter.engine.descriptor.TestMethodTestDescriptor.prepare(TestMethodTestDescriptor.java:104)
	at org.junit.jupiter.engine.descriptor.TestMethodTestDescriptor.prepare(TestMethodTestDescriptor.java:68)
	at org.junit.platform.engine.support.hierarchical.NodeTestTask.lambda$prepare$2(NodeTestTask.java:128)
	at org.junit.platform.engine.support.hierarchical.ThrowableCollector.execute(ThrowableCollector.java:73)
	at org.junit.platform.engine.support.hierarchical.NodeTestTask.prepare(NodeTestTask.java:128)
	at org.junit.platform.engine.support.hierarchical.NodeTestTask.execute(NodeTestTask.java:95)
	at java.base/java.util.ArrayList.forEach(ArrayList.java:1511)
	at org.junit.platform.engine.support.hierarchical.SameThreadHierarchicalTestExecutorService.invokeAll(SameThreadHierarchicalTestExecutorService.java:41)
	at org.junit.platform.engine.support.hierarchical.NodeTestTask.lambda$executeRecursively$6(NodeTestTask.java:160)
	at org.junit.platform.engine.support.hierarchical.ThrowableCollector.execute(ThrowableCollector.java:73)
	at org.junit.platform.engine.support.hierarchical.NodeTestTask.lambda$executeRecursively$8(NodeTestTask.java:146)
	at org.junit.platform.engine.support.hierarchical.Node.around(Node.java:137)
	at org.junit.platform.engine.support.hierarchical.NodeTestTask.lambda$executeRecursively$9(NodeTestTask.java:144)
	at org.junit.platform.engine.support.hierarchical.ThrowableCollector.execute(ThrowableCollector.java:73)
	at org.junit.platform.engine.support.hierarchical.NodeTestTask.executeRecursively(NodeTestTask.java:143)
	at org.junit.platform.engine.support.hierarchical.NodeTestTask.execute(NodeTestTask.java:100)
	at java.base/java.util.ArrayList.forEach(ArrayList.java:1511)
	at org.junit.platform.engine.support.hierarchical.SameThreadHierarchicalTestExecutorService.invokeAll(SameThreadHierarchicalTestExecutorService.java:41)
	at org.junit.platform.engine.support.hierarchical.NodeTestTask.lambda$executeRecursively$6(NodeTestTask.java:160)
	at org.junit.platform.engine.support.hierarchical.ThrowableCollector.execute(ThrowableCollector.java:73)
	at org.junit.platform.engine.support.hierarchical.NodeTestTask.lambda$executeRecursively$8(NodeTestTask.java:146)
	at org.junit.platform.engine.support.hierarchical.Node.around(Node.java:137)
	at org.junit.platform.engine.support.hierarchical.NodeTestTask.lambda$executeRecursively$9(NodeTestTask.java:144)
	at org.junit.platform.engine.support.hierarchical.ThrowableCollector.execute(ThrowableCollector.java:73)
	at org.junit.platform.engine.support.hierarchical.NodeTestTask.executeRecursively(NodeTestTask.java:143)
	at org.junit.platform.engine.support.hierarchical.NodeTestTask.execute(NodeTestTask.java:100)
	at org.junit.platform.engine.support.hierarchical.SameThreadHierarchicalTestExecutorService.submit(SameThreadHierarchicalTestExecutorService.java:35)
	at org.junit.platform.engine.support.hierarchical.HierarchicalTestExecutor.execute(HierarchicalTestExecutor.java:57)
	at org.junit.platform.engine.support.hierarchical.HierarchicalTestEngine.execute(HierarchicalTestEngine.java:54)
	at org.junit.platform.launcher.core.EngineExecutionOrchestrator.execute(EngineExecutionOrchestrator.java:198)
	at org.junit.platform.launcher.core.EngineExecutionOrchestrator.execute(EngineExecutionOrchestrator.java:169)
	at org.junit.platform.launcher.core.EngineExecutionOrchestrator.execute(EngineExecutionOrchestrator.java:93)
	at org.junit.platform.launcher.core.EngineExecutionOrchestrator.lambda$execute$0(EngineExecutionOrchestrator.java:58)
	at org.junit.platform.launcher.core.EngineExecutionOrchestrator.withInterceptedStreams(EngineExecutionOrchestrator.java:141)
	at org.junit.platform.launcher.core.EngineExecutionOrchestrator.execute(EngineExecutionOrchestrator.java:57)
	at org.junit.platform.launcher.core.DefaultLauncher.execute(DefaultLauncher.java:103)
	at org.junit.platform.launcher.core.DefaultLauncher.execute(DefaultLauncher.java:85)
	at org.junit.platform.launcher.core.DelegatingLauncher.execute(DelegatingLauncher.java:47)
	at org.gradle.api.internal.tasks.testing.junitplatform.JUnitPlatformTestClassProcessor$CollectAllTestClassesExecutor.processAllTestClasses(JUnitPlatformTestClassProcessor.java:124)
	at org.gradle.api.internal.tasks.testing.junitplatform.JUnitPlatformTestClassProcessor$CollectAllTestClassesExecutor.access$000(JUnitPlatformTestClassProcessor.java:99)
	at org.gradle.api.internal.tasks.testing.junitplatform.JUnitPlatformTestClassProcessor.stop(JUnitPlatformTestClassProcessor.java:94)
	at org.gradle.api.internal.tasks.testing.SuiteTestClassProcessor.stop(SuiteTestClassProcessor.java:63)
	at java.base/jdk.internal.reflect.NativeMethodAccessorImpl.invoke0(Native Method)
	at java.base/jdk.internal.reflect.NativeMethodAccessorImpl.invoke(NativeMethodAccessorImpl.java:77)
	at java.base/jdk.internal.reflect.DelegatingMethodAccessorImpl.invoke(DelegatingMethodAccessorImpl.java:43)
	at java.base/java.lang.reflect.Method.invoke(Method.java:569)
	at org.gradle.internal.dispatch.ReflectionDispatch.dispatch(ReflectionDispatch.java:36)
	at org.gradle.internal.dispatch.ReflectionDispatch.dispatch(ReflectionDispatch.java:24)
	at org.gradle.internal.dispatch.ContextClassLoaderDispatch.dispatch(ContextClassLoaderDispatch.java:33)
	at org.gradle.internal.dispatch.ProxyDispatchAdapter$DispatchingInvocationHandler.invoke(ProxyDispatchAdapter.java:92)
	at jdk.proxy1/jdk.proxy1.$Proxy4.stop(Unknown Source)
	at org.gradle.api.internal.tasks.testing.worker.TestWorker$3.run(TestWorker.java:200)
	at org.gradle.api.internal.tasks.testing.worker.TestWorker.executeAndMaintainThreadName(TestWorker.java:132)
	at org.gradle.api.internal.tasks.testing.worker.TestWorker.execute(TestWorker.java:103)
	at org.gradle.api.internal.tasks.testing.worker.TestWorker.execute(TestWorker.java:63)
	at org.gradle.process.internal.worker.child.ActionExecutionWorker.execute(ActionExecutionWorker.java:56)
	at org.gradle.process.internal.worker.child.SystemApplicationClassLoaderWorker.call(SystemApplicationClassLoaderWorker.java:122)
	at org.gradle.process.internal.worker.child.SystemApplicationClassLoaderWorker.call(SystemApplicationClassLoaderWorker.java:72)
	at worker.org.gradle.process.internal.worker.GradleWorkerMain.run(GradleWorkerMain.java:69)
	at worker.org.gradle.process.internal.worker.GradleWorkerMain.main(GradleWorkerMain.java:74)
26-08-01 17:20:17.676 [background-preinit] INFO  o.h.validator.internal.util.Version - HV000001: Hibernate Validator 8.0.1.Final
26-08-01 17:20:17.705 [Test worker] INFO  c.s.m.d.r.UserRepositoryTest - Starting UserRepositoryTest using Java 17.0.19 with PID 85793 (started by jangjunseo in /Users/jangjunseo/Desktop/codei_13th_develop/13-sprint-mission)
26-08-01 17:20:17.706 [Test worker] INFO  c.s.m.d.r.UserRepositoryTest - The following 1 profile is active: "test"
26-08-01 17:20:17.955 [Test worker] INFO  o.s.d.r.c.RepositoryConfigurationDelegate - Bootstrapping Spring Data JPA repositories in DEFAULT mode.
26-08-01 17:20:18.000 [Test worker] INFO  o.s.d.r.c.RepositoryConfigurationDelegate - Finished Spring Data repository scanning in 37 ms. Found 6 JPA repository interfaces.
26-08-01 17:20:18.033 [Test worker] INFO  o.s.b.t.a.j.TestDatabaseAutoConfiguration$EmbeddedDataSourceBeanFactoryPostProcessor - Replacing 'dataSource' DataSource bean with embedded version
26-08-01 17:20:18.102 [Test worker] INFO  o.s.j.d.e.EmbeddedDatabaseFactory - Starting embedded database: url='jdbc:h2:mem:cb6b8017-201b-43d6-8df6-dc57691b27d9;DB_CLOSE_DELAY=-1;DB_CLOSE_ON_EXIT=false', username='sa'
26-08-01 17:20:18.323 [Test worker] INFO  o.h.jpa.internal.util.LogHelper - HHH000204: Processing PersistenceUnitInfo [name: default]
26-08-01 17:20:18.365 [Test worker] INFO  org.hibernate.Version - HHH000412: Hibernate ORM core version 6.6.2.Final
26-08-01 17:20:18.387 [Test worker] INFO  o.h.c.i.RegionFactoryInitiator - HHH000026: Second-level cache disabled
26-08-01 17:20:18.527 [Test worker] INFO  o.s.o.j.p.SpringPersistenceUnitInfo - No LoadTimeWeaver setup: ignoring JPA class transformer
26-08-01 17:20:18.579 [Test worker] INFO  o.hibernate.orm.connections.pooling - HHH10001005: Database info:
	Database JDBC URL [Connecting through datasource 'org.springframework.jdbc.datasource.embedded.EmbeddedDatabaseFactory$EmbeddedDataSourceProxy@cf10c92']
	Database driver: undefined/unknown
	Database version: 2.3.232
	Autocommit mode: undefined/unknown
	Isolation level: undefined/unknown
	Minimum pool size: undefined/unknown
	Maximum pool size: undefined/unknown
26-08-01 17:20:19.102 [Test worker] INFO  o.h.e.t.j.p.i.JtaPlatformInitiator - HHH000489: No JTA platform available (set 'hibernate.transaction.jta.platform' to enable JTA platform integration)
26-08-01 17:20:19.109 [Test worker] DEBUG org.hibernate.SQL - 
    drop table if exists binary_contents cascade 
26-08-01 17:20:19.113 [Test worker] DEBUG org.hibernate.SQL - 
    drop table if exists channels cascade 
26-08-01 17:20:19.114 [Test worker] DEBUG org.hibernate.SQL - 
    drop table if exists message_attachments cascade 
26-08-01 17:20:19.114 [Test worker] DEBUG org.hibernate.SQL - 
    drop table if exists messages cascade 
26-08-01 17:20:19.115 [Test worker] DEBUG org.hibernate.SQL - 
    drop table if exists read_statuses cascade 
26-08-01 17:20:19.115 [Test worker] DEBUG org.hibernate.SQL - 
    drop table if exists user_statuses cascade 
26-08-01 17:20:19.115 [Test worker] DEBUG org.hibernate.SQL - 
    drop table if exists users cascade 
26-08-01 17:20:19.118 [Test worker] DEBUG org.hibernate.SQL - 
    create table binary_contents (
        created_at timestamp(6) with time zone,
        size bigint not null,
        id uuid not null,
        content_type varchar(255),
        file_name varchar(255),
        primary key (id)
    )
26-08-01 17:20:19.123 [Test worker] DEBUG org.hibernate.SQL - 
    create table channels (
        created_at timestamp(6) with time zone,
        id uuid not null,
        description varchar(255),
        name varchar(255),
        type enum ('PRIVATE','PUBLIC'),
        primary key (id)
    )
26-08-01 17:20:19.124 [Test worker] DEBUG org.hibernate.SQL - 
    create table message_attachments (
        attachment_id uuid not null,
        message_id uuid not null
    )
26-08-01 17:20:19.125 [Test worker] DEBUG org.hibernate.SQL - 
    create table messages (
        created_at timestamp(6) with time zone,
        author_id uuid,
        channel_id uuid,
        id uuid not null,
        content varchar(255),
        primary key (id)
    )
26-08-01 17:20:19.126 [Test worker] DEBUG org.hibernate.SQL - 
    create table read_statuses (
        created_at timestamp(6) with time zone,
        last_read_at timestamp(6) with time zone,
        channel_id uuid,
        id uuid not null,
        user_id uuid,
        primary key (id)
    )
26-08-01 17:20:19.128 [Test worker] DEBUG org.hibernate.SQL - 
    create table user_statuses (
        created_at timestamp(6) with time zone,
        last_active_at timestamp(6) with time zone,
        id uuid not null,
        user_id uuid unique,
        primary key (id)
    )
26-08-01 17:20:19.130 [Test worker] DEBUG org.hibernate.SQL - 
    create table users (
        created_at timestamp(6) with time zone,
        id uuid not null,
        profile_id uuid unique,
        email varchar(255),
        password varchar(255),
        username varchar(255),
        primary key (id)
    )
26-08-01 17:20:19.131 [Test worker] DEBUG org.hibernate.SQL - 
    alter table if exists message_attachments 
       add constraint FKsd1m8rb8jcpbcnb7rpdue7ctc 
       foreign key (attachment_id) 
       references binary_contents
26-08-01 17:20:19.139 [Test worker] DEBUG org.hibernate.SQL - 
    alter table if exists message_attachments 
       add constraint FKj7twd218e2gqw9cmlhwvo1rth 
       foreign key (message_id) 
       references messages
26-08-01 17:20:19.140 [Test worker] DEBUG org.hibernate.SQL - 
    alter table if exists messages 
       add constraint FKowtlim26svclkatusptbgi7u1 
       foreign key (author_id) 
       references users
26-08-01 17:20:19.141 [Test worker] DEBUG org.hibernate.SQL - 
    alter table if exists messages 
       add constraint FK3u3ckbhwq9se1cmopk2pq05b2 
       foreign key (channel_id) 
       references channels
26-08-01 17:20:19.143 [Test worker] DEBUG org.hibernate.SQL - 
    alter table if exists read_statuses 
       add constraint FKa38ri44ml4gfdpklx4ahqr8gd 
       foreign key (channel_id) 
       references channels
26-08-01 17:20:19.144 [Test worker] DEBUG org.hibernate.SQL - 
    alter table if exists read_statuses 
       add constraint FKml3k4wr9sj5yxrmj6d0aoib2e 
       foreign key (user_id) 
       references users
26-08-01 17:20:19.146 [Test worker] DEBUG org.hibernate.SQL - 
    alter table if exists user_statuses 
       add constraint FK4lfl3ei2ubchgcxrrpo3pw4mm 
       foreign key (user_id) 
       references users
26-08-01 17:20:19.147 [Test worker] DEBUG org.hibernate.SQL - 
    alter table if exists users 
       add constraint FKtbudycgrip49xdptogmhfqnso 
       foreign key (profile_id) 
       references binary_contents
26-08-01 17:20:19.150 [Test worker] INFO  o.s.o.j.LocalContainerEntityManagerFactoryBean - Initialized JPA EntityManagerFactory for persistence unit 'default'
26-08-01 17:20:19.420 [Test worker] INFO  c.s.m.d.r.UserRepositoryTest - Started UserRepositoryTest in 1.934 seconds (process running for 2.481)
26-08-01 17:20:19.794 [Test worker] DEBUG org.hibernate.SQL - 
    /* <criteria> */ select
        u1_0.id,
        u1_0.created_at,
        u1_0.email,
        u1_0.password,
        u1_0.profile_id,
        u1_0.username 
    from
        users u1_0 
    where
        u1_0.email=?
26-08-01 17:20:19.798 [Test worker] TRACE org.hibernate.orm.jdbc.bind - binding parameter (1:VARCHAR) <- [nobody@example.com]
26-08-01 17:20:19.885 [Test worker] DEBUG org.hibernate.SQL - 
    /* insert for
        com.sprint.mission.discodeit.entity.User */insert 
    into
        users (created_at, email, password, profile_id, username, id) 
    values
        (?, ?, ?, ?, ?, ?)
26-08-01 17:20:19.886 [Test worker] TRACE org.hibernate.orm.jdbc.bind - binding parameter (1:TIMESTAMP_UTC) <- [2026-08-01T08:20:19.869798Z]
26-08-01 17:20:19.890 [Test worker] TRACE org.hibernate.orm.jdbc.bind - binding parameter (2:VARCHAR) <- [email@example.com]
26-08-01 17:20:19.890 [Test worker] TRACE org.hibernate.orm.jdbc.bind - binding parameter (3:VARCHAR) <- [password123!]
26-08-01 17:20:19.890 [Test worker] TRACE org.hibernate.orm.jdbc.bind - binding parameter (4:UUID) <- [null]
26-08-01 17:20:19.890 [Test worker] TRACE org.hibernate.orm.jdbc.bind - binding parameter (5:VARCHAR) <- [emailuser]
26-08-01 17:20:19.890 [Test worker] TRACE org.hibernate.orm.jdbc.bind - binding parameter (6:UUID) <- [0dab1fbf-bab8-43a6-97fb-87db4c0abd91]
26-08-01 17:20:19.893 [Test worker] DEBUG org.hibernate.SQL - 
    /* <criteria> */ select
        u1_0.id,
        u1_0.created_at,
        u1_0.email,
        u1_0.password,
        u1_0.profile_id,
        u1_0.username 
    from
        users u1_0 
    where
        u1_0.email=?
26-08-01 17:20:19.894 [Test worker] TRACE org.hibernate.orm.jdbc.bind - binding parameter (1:VARCHAR) <- [email@example.com]
26-08-01 17:20:19.901 [Test worker] DEBUG org.hibernate.SQL - 
    /* insert for
        com.sprint.mission.discodeit.entity.User */insert 
    into
        users (created_at, email, password, profile_id, username, id) 
    values
        (?, ?, ?, ?, ?, ?)
26-08-01 17:20:19.902 [Test worker] TRACE org.hibernate.orm.jdbc.bind - binding parameter (1:TIMESTAMP_UTC) <- [2026-08-01T08:20:19.901420Z]
26-08-01 17:20:19.903 [Test worker] TRACE org.hibernate.orm.jdbc.bind - binding parameter (2:VARCHAR) <- [test@example.com]
26-08-01 17:20:19.903 [Test worker] TRACE org.hibernate.orm.jdbc.bind - binding parameter (3:VARCHAR) <- [password123!]
26-08-01 17:20:19.903 [Test worker] TRACE org.hibernate.orm.jdbc.bind - binding parameter (4:UUID) <- [null]
26-08-01 17:20:19.903 [Test worker] TRACE org.hibernate.orm.jdbc.bind - binding parameter (5:VARCHAR) <- [testuser]
26-08-01 17:20:19.903 [Test worker] TRACE org.hibernate.orm.jdbc.bind - binding parameter (6:UUID) <- [48b26a65-c2a9-42ce-8cfd-06fe776b04f0]
26-08-01 17:20:19.907 [Test worker] DEBUG org.hibernate.SQL - 
    /* <criteria> */ select
        u1_0.id,
        u1_0.created_at,
        u1_0.email,
        u1_0.password,
        u1_0.profile_id,
        u1_0.username 
    from
        users u1_0 
    where
        u1_0.username=?
26-08-01 17:20:19.908 [Test worker] TRACE org.hibernate.orm.jdbc.bind - binding parameter (1:VARCHAR) <- [testuser]
26-08-01 17:20:19.919 [Test worker] DEBUG org.hibernate.SQL - 
    /* <criteria> */ select
        u1_0.id,
        u1_0.created_at,
        u1_0.email,
        u1_0.password,
        u1_0.profile_id,
        u1_0.username 
    from
        users u1_0 
    where
        u1_0.username=?
26-08-01 17:20:19.920 [Test worker] TRACE org.hibernate.orm.jdbc.bind - binding parameter (1:VARCHAR) <- [nonexistent]
26-08-01 17:20:19.936 [SpringApplicationShutdownHook] INFO  o.s.o.j.LocalContainerEntityManagerFactoryBean - Closing JPA EntityManagerFactory for persistence unit 'default'
26-08-01 17:20:19.936 [SpringApplicationShutdownHook] DEBUG org.hibernate.SQL - 
    drop table if exists binary_contents cascade 
26-08-01 17:20:19.938 [SpringApplicationShutdownHook] DEBUG org.hibernate.SQL - 
    drop table if exists channels cascade 
26-08-01 17:20:19.938 [SpringApplicationShutdownHook] DEBUG org.hibernate.SQL - 
    drop table if exists message_attachments cascade 
26-08-01 17:20:19.938 [SpringApplicationShutdownHook] DEBUG org.hibernate.SQL - 
    drop table if exists messages cascade 
26-08-01 17:20:19.939 [SpringApplicationShutdownHook] DEBUG org.hibernate.SQL - 
    drop table if exists read_statuses cascade 
26-08-01 17:20:19.939 [SpringApplicationShutdownHook] DEBUG org.hibernate.SQL - 
    drop table if exists user_statuses cascade 
26-08-01 17:20:19.939 [SpringApplicationShutdownHook] DEBUG org.hibernate.SQL - 
    drop table if exists users cascade 
26-08-01 17:20:31.396 [background-preinit] INFO  o.h.validator.internal.util.Version - HV000001: Hibernate Validator 8.0.1.Final
26-08-01 17:20:31.428 [Test worker] INFO  c.s.m.d.r.UserRepositoryTest - Starting UserRepositoryTest using Java 17.0.19 with PID 85805 (started by jangjunseo in /Users/jangjunseo/Desktop/codei_13th_develop/13-sprint-mission)
26-08-01 17:20:31.429 [Test worker] INFO  c.s.m.d.r.UserRepositoryTest - The following 1 profile is active: "test"
26-08-01 17:20:31.629 [Test worker] WARN  o.s.c.a.AnnotationConfigApplicationContext - Exception encountered during context initialization - cancelling refresh attempt: org.springframework.beans.factory.support.BeanDefinitionOverrideException: Invalid bean definition with name 'jpaAuditingHandler' defined in null: Cannot register bean definition [Root bean: class=org.springframework.data.auditing.AuditingHandler; scope=; abstract=false; lazyInit=null; autowireMode=2; dependencyCheck=0; autowireCandidate=true; primary=false; fallback=false; factoryBeanName=null; factoryMethodName=from; initMethodNames=null; destroyMethodNames=null] for bean 'jpaAuditingHandler' since there is already [Root bean: class=org.springframework.data.auditing.AuditingHandler; scope=; abstract=false; lazyInit=null; autowireMode=2; dependencyCheck=0; autowireCandidate=true; primary=false; fallback=false; factoryBeanName=null; factoryMethodName=from; initMethodNames=null; destroyMethodNames=null] bound.
26-08-01 17:20:31.635 [Test worker] INFO  o.s.b.a.l.ConditionEvaluationReportLogger - 

Error starting ApplicationContext. To display the condition evaluation report re-run your application with 'debug' enabled.
26-08-01 17:20:31.651 [Test worker] ERROR o.s.b.d.LoggingFailureAnalysisReporter - 

***************************
APPLICATION FAILED TO START
***************************

Description:

The bean 'jpaAuditingHandler' could not be registered. A bean with that name has already been defined and overriding is disabled.

Action:

Consider renaming one of the beans or enabling overriding by setting spring.main.allow-bean-definition-overriding=true

26-08-01 17:20:31.653 [Test worker] WARN  o.s.test.context.TestContextManager - Caught exception while allowing TestExecutionListener [org.springframework.test.context.support.DependencyInjectionTestExecutionListener] to prepare test instance [com.sprint.mission.discodeit.repository.UserRepositoryTest@44af588b]
java.lang.IllegalStateException: Failed to load ApplicationContext for [MergedContextConfiguration@6419a0e1 testClass = com.sprint.mission.discodeit.repository.UserRepositoryTest, locations = [], classes = [com.sprint.mission.discodeit.DiscodeitApplication], contextInitializerClasses = [], activeProfiles = ["test"], propertySourceDescriptors = [], propertySourceProperties = ["org.springframework.boot.test.autoconfigure.orm.jpa.DataJpaTestContextBootstrapper=true"], contextCustomizers = [org.springframework.boot.test.autoconfigure.OnFailureConditionReportContextCustomizerFactory$OnFailureConditionReportContextCustomizer@6bb2d00b, org.springframework.boot.test.autoconfigure.OverrideAutoConfigurationContextCustomizerFactory$DisableAutoConfigurationContextCustomizer@319bc845, org.springframework.boot.test.autoconfigure.actuate.observability.ObservabilityContextCustomizerFactory$DisableObservabilityContextCustomizer@1f, org.springframework.boot.test.autoconfigure.filter.TypeExcludeFiltersContextCustomizer@34be3d80, org.springframework.boot.test.autoconfigure.properties.PropertyMappingContextCustomizer@914f5e55, org.springframework.boot.test.autoconfigure.web.servlet.WebDriverContextCustomizer@3f390d63, [ImportsContextCustomizer@280d4882 key = [@org.springframework.boot.test.autoconfigure.orm.jpa.AutoConfigureDataJpa(), @org.springframework.boot.test.autoconfigure.orm.jpa.AutoConfigureTestEntityManager(), @org.springframework.aot.hint.annotation.Reflective(processors={org.springframework.aot.hint.annotation.SimpleReflectiveProcessor.class}, value={org.springframework.aot.hint.annotation.SimpleReflectiveProcessor.class}), @org.springframework.context.annotation.Import(value={org.springframework.boot.autoconfigure.ImportAutoConfigurationImportSelector.class}), @org.springframework.boot.test.autoconfigure.orm.jpa.DataJpaTest(bootstrapMode=DEFAULT, excludeAutoConfiguration={}, excludeFilters={}, includeFilters={}, properties={}, showSql=true, useDefaultFilters=true), @org.springframework.boot.test.autoconfigure.properties.PropertyMapping(skip=NO, value="spring.test.database"), @org.springframework.test.context.BootstrapWith(value=org.springframework.boot.test.autoconfigure.orm.jpa.DataJpaTestContextBootstrapper.class), @org.springframework.context.annotation.Import(value={org.springframework.data.jpa.repository.config.JpaAuditingRegistrar.class}), @org.springframework.data.jpa.repository.config.EnableJpaAuditing(auditorAwareRef="", setDates=true, modifyOnCreate=true, dateTimeProviderRef=""), @org.springframework.boot.test.autoconfigure.filter.TypeExcludeFilters(value={org.springframework.boot.test.autoconfigure.orm.jpa.DataJpaTypeExcludeFilter.class}), @org.springframework.boot.test.autoconfigure.jdbc.AutoConfigureTestDatabase(connection=NONE, replace=NON_TEST), @org.springframework.boot.test.autoconfigure.core.AutoConfigureCache(cacheProvider=NONE), @org.springframework.boot.autoconfigure.ImportAutoConfiguration(classes={}, exclude={}, value={}), @org.springframework.test.context.ActiveProfiles(inheritProfiles=true, profiles={"test"}, resolver=org.springframework.test.context.ActiveProfilesResolver.class, value={"test"}), @org.springframework.boot.test.autoconfigure.OverrideAutoConfiguration(enabled=false), @org.springframework.transaction.annotation.Transactional(isolation=DEFAULT, label={}, noRollbackFor={}, noRollbackForClassName={}, propagation=REQUIRED, readOnly=false, rollbackFor={}, rollbackForClassName={}, timeout=-1, timeoutString="", transactionManager="", value="")]], org.springframework.boot.test.context.filter.ExcludeFilterContextCustomizer@3e14c16d, org.springframework.boot.test.json.DuplicateJsonObjectContextCustomizerFactory$DuplicateJsonObjectContextCustomizer@3d3ba765, org.springframework.boot.test.mock.mockito.MockitoContextCustomizer@0, org.springframework.boot.test.web.reactor.netty.DisableReactorResourceFactoryGlobalResourcesContextCustomizerFactory$DisableReactorResourceFactoryGlobalResourcesContextCustomizerCustomizer@55342f40, org.springframework.test.context.support.DynamicPropertiesContextCustomizer@0, org.springframework.boot.test.context.SpringBootTestAnnotation@f22f8b57], contextLoader = org.springframework.boot.test.context.SpringBootContextLoader, parent = null]
	at org.springframework.test.context.cache.DefaultCacheAwareContextLoaderDelegate.loadContext(DefaultCacheAwareContextLoaderDelegate.java:180)
	at org.springframework.test.context.support.DefaultTestContext.getApplicationContext(DefaultTestContext.java:130)
	at org.springframework.test.context.support.DependencyInjectionTestExecutionListener.injectDependencies(DependencyInjectionTestExecutionListener.java:142)
	at org.springframework.test.context.support.DependencyInjectionTestExecutionListener.prepareTestInstance(DependencyInjectionTestExecutionListener.java:98)
	at org.springframework.test.context.TestContextManager.prepareTestInstance(TestContextManager.java:260)
	at org.springframework.test.context.junit.jupiter.SpringExtension.postProcessTestInstance(SpringExtension.java:160)
	at org.junit.jupiter.engine.descriptor.ClassBasedTestDescriptor.lambda$invokeTestInstancePostProcessors$11(ClassBasedTestDescriptor.java:378)
	at org.junit.jupiter.engine.descriptor.ClassBasedTestDescriptor.executeAndMaskThrowable(ClassBasedTestDescriptor.java:383)
	at org.junit.jupiter.engine.descriptor.ClassBasedTestDescriptor.lambda$invokeTestInstancePostProcessors$12(ClassBasedTestDescriptor.java:378)
	at java.base/java.util.stream.ForEachOps$ForEachOp$OfRef.accept(ForEachOps.java:183)
	at java.base/java.util.stream.ReferencePipeline$3$1.accept(ReferencePipeline.java:197)
	at java.base/java.util.stream.ReferencePipeline$2$1.accept(ReferencePipeline.java:179)
	at java.base/java.util.stream.ReferencePipeline$3$1.accept(ReferencePipeline.java:197)
	at java.base/java.util.ArrayList$ArrayListSpliterator.forEachRemaining(ArrayList.java:1625)
	at java.base/java.util.stream.AbstractPipeline.copyInto(AbstractPipeline.java:509)
	at java.base/java.util.stream.AbstractPipeline.wrapAndCopyInto(AbstractPipeline.java:499)
	at java.base/java.util.stream.ForEachOps$ForEachOp.evaluateSequential(ForEachOps.java:150)
	at java.base/java.util.stream.ForEachOps$ForEachOp$OfRef.evaluateSequential(ForEachOps.java:173)
	at java.base/java.util.stream.AbstractPipeline.evaluate(AbstractPipeline.java:234)
	at java.base/java.util.stream.ReferencePipeline.forEach(ReferencePipeline.java:596)
	at org.junit.jupiter.engine.descriptor.ClassBasedTestDescriptor.invokeTestInstancePostProcessors(ClassBasedTestDescriptor.java:377)
	at org.junit.jupiter.engine.descriptor.ClassBasedTestDescriptor.lambda$instantiateAndPostProcessTestInstance$7(ClassBasedTestDescriptor.java:290)
	at org.junit.platform.engine.support.hierarchical.ThrowableCollector.execute(ThrowableCollector.java:73)
	at org.junit.jupiter.engine.descriptor.ClassBasedTestDescriptor.instantiateAndPostProcessTestInstance(ClassBasedTestDescriptor.java:289)
	at org.junit.jupiter.engine.descriptor.ClassBasedTestDescriptor.lambda$testInstancesProvider$5(ClassBasedTestDescriptor.java:279)
	at java.base/java.util.Optional.orElseGet(Optional.java:364)
	at org.junit.jupiter.engine.descriptor.ClassBasedTestDescriptor.lambda$testInstancesProvider$6(ClassBasedTestDescriptor.java:278)
	at org.junit.jupiter.engine.execution.TestInstancesProvider.getTestInstances(TestInstancesProvider.java:31)
	at org.junit.jupiter.engine.descriptor.TestMethodTestDescriptor.lambda$prepare$1(TestMethodTestDescriptor.java:105)
	at org.junit.platform.engine.support.hierarchical.ThrowableCollector.execute(ThrowableCollector.java:73)
	at org.junit.jupiter.engine.descriptor.TestMethodTestDescriptor.prepare(TestMethodTestDescriptor.java:104)
	at org.junit.jupiter.engine.descriptor.TestMethodTestDescriptor.prepare(TestMethodTestDescriptor.java:68)
	at org.junit.platform.engine.support.hierarchical.NodeTestTask.lambda$prepare$2(NodeTestTask.java:128)
	at org.junit.platform.engine.support.hierarchical.ThrowableCollector.execute(ThrowableCollector.java:73)
	at org.junit.platform.engine.support.hierarchical.NodeTestTask.prepare(NodeTestTask.java:128)
	at org.junit.platform.engine.support.hierarchical.NodeTestTask.execute(NodeTestTask.java:95)
	at java.base/java.util.ArrayList.forEach(ArrayList.java:1511)
	at org.junit.platform.engine.support.hierarchical.SameThreadHierarchicalTestExecutorService.invokeAll(SameThreadHierarchicalTestExecutorService.java:41)
	at org.junit.platform.engine.support.hierarchical.NodeTestTask.lambda$executeRecursively$6(NodeTestTask.java:160)
	at org.junit.platform.engine.support.hierarchical.ThrowableCollector.execute(ThrowableCollector.java:73)
	at org.junit.platform.engine.support.hierarchical.NodeTestTask.lambda$executeRecursively$8(NodeTestTask.java:146)
	at org.junit.platform.engine.support.hierarchical.Node.around(Node.java:137)
	at org.junit.platform.engine.support.hierarchical.NodeTestTask.lambda$executeRecursively$9(NodeTestTask.java:144)
	at org.junit.platform.engine.support.hierarchical.ThrowableCollector.execute(ThrowableCollector.java:73)
	at org.junit.platform.engine.support.hierarchical.NodeTestTask.executeRecursively(NodeTestTask.java:143)
	at org.junit.platform.engine.support.hierarchical.NodeTestTask.execute(NodeTestTask.java:100)
	at java.base/java.util.ArrayList.forEach(ArrayList.java:1511)
	at org.junit.platform.engine.support.hierarchical.SameThreadHierarchicalTestExecutorService.invokeAll(SameThreadHierarchicalTestExecutorService.java:41)
	at org.junit.platform.engine.support.hierarchical.NodeTestTask.lambda$executeRecursively$6(NodeTestTask.java:160)
	at org.junit.platform.engine.support.hierarchical.ThrowableCollector.execute(ThrowableCollector.java:73)
	at org.junit.platform.engine.support.hierarchical.NodeTestTask.lambda$executeRecursively$8(NodeTestTask.java:146)
	at org.junit.platform.engine.support.hierarchical.Node.around(Node.java:137)
	at org.junit.platform.engine.support.hierarchical.NodeTestTask.lambda$executeRecursively$9(NodeTestTask.java:144)
	at org.junit.platform.engine.support.hierarchical.ThrowableCollector.execute(ThrowableCollector.java:73)
	at org.junit.platform.engine.support.hierarchical.NodeTestTask.executeRecursively(NodeTestTask.java:143)
	at org.junit.platform.engine.support.hierarchical.NodeTestTask.execute(NodeTestTask.java:100)
	at org.junit.platform.engine.support.hierarchical.SameThreadHierarchicalTestExecutorService.submit(SameThreadHierarchicalTestExecutorService.java:35)
	at org.junit.platform.engine.support.hierarchical.HierarchicalTestExecutor.execute(HierarchicalTestExecutor.java:57)
	at org.junit.platform.engine.support.hierarchical.HierarchicalTestEngine.execute(HierarchicalTestEngine.java:54)
	at org.junit.platform.launcher.core.EngineExecutionOrchestrator.execute(EngineExecutionOrchestrator.java:198)
	at org.junit.platform.launcher.core.EngineExecutionOrchestrator.execute(EngineExecutionOrchestrator.java:169)
	at org.junit.platform.launcher.core.EngineExecutionOrchestrator.execute(EngineExecutionOrchestrator.java:93)
	at org.junit.platform.launcher.core.EngineExecutionOrchestrator.lambda$execute$0(EngineExecutionOrchestrator.java:58)
	at org.junit.platform.launcher.core.EngineExecutionOrchestrator.withInterceptedStreams(EngineExecutionOrchestrator.java:141)
	at org.junit.platform.launcher.core.EngineExecutionOrchestrator.execute(EngineExecutionOrchestrator.java:57)
	at org.junit.platform.launcher.core.DefaultLauncher.execute(DefaultLauncher.java:103)
	at org.junit.platform.launcher.core.DefaultLauncher.execute(DefaultLauncher.java:85)
	at org.junit.platform.launcher.core.DelegatingLauncher.execute(DelegatingLauncher.java:47)
	at org.gradle.api.internal.tasks.testing.junitplatform.JUnitPlatformTestClassProcessor$CollectAllTestClassesExecutor.processAllTestClasses(JUnitPlatformTestClassProcessor.java:124)
	at org.gradle.api.internal.tasks.testing.junitplatform.JUnitPlatformTestClassProcessor$CollectAllTestClassesExecutor.access$000(JUnitPlatformTestClassProcessor.java:99)
	at org.gradle.api.internal.tasks.testing.junitplatform.JUnitPlatformTestClassProcessor.stop(JUnitPlatformTestClassProcessor.java:94)
	at org.gradle.api.internal.tasks.testing.SuiteTestClassProcessor.stop(SuiteTestClassProcessor.java:63)
	at java.base/jdk.internal.reflect.NativeMethodAccessorImpl.invoke0(Native Method)
	at java.base/jdk.internal.reflect.NativeMethodAccessorImpl.invoke(NativeMethodAccessorImpl.java:77)
	at java.base/jdk.internal.reflect.DelegatingMethodAccessorImpl.invoke(DelegatingMethodAccessorImpl.java:43)
	at java.base/java.lang.reflect.Method.invoke(Method.java:569)
	at org.gradle.internal.dispatch.ReflectionDispatch.dispatch(ReflectionDispatch.java:36)
	at org.gradle.internal.dispatch.ReflectionDispatch.dispatch(ReflectionDispatch.java:24)
	at org.gradle.internal.dispatch.ContextClassLoaderDispatch.dispatch(ContextClassLoaderDispatch.java:33)
	at org.gradle.internal.dispatch.ProxyDispatchAdapter$DispatchingInvocationHandler.invoke(ProxyDispatchAdapter.java:92)
	at jdk.proxy1/jdk.proxy1.$Proxy4.stop(Unknown Source)
	at org.gradle.api.internal.tasks.testing.worker.TestWorker$3.run(TestWorker.java:200)
	at org.gradle.api.internal.tasks.testing.worker.TestWorker.executeAndMaintainThreadName(TestWorker.java:132)
	at org.gradle.api.internal.tasks.testing.worker.TestWorker.execute(TestWorker.java:103)
	at org.gradle.api.internal.tasks.testing.worker.TestWorker.execute(TestWorker.java:63)
	at org.gradle.process.internal.worker.child.ActionExecutionWorker.execute(ActionExecutionWorker.java:56)
	at org.gradle.process.internal.worker.child.SystemApplicationClassLoaderWorker.call(SystemApplicationClassLoaderWorker.java:122)
	at org.gradle.process.internal.worker.child.SystemApplicationClassLoaderWorker.call(SystemApplicationClassLoaderWorker.java:72)
	at worker.org.gradle.process.internal.worker.GradleWorkerMain.run(GradleWorkerMain.java:69)
	at worker.org.gradle.process.internal.worker.GradleWorkerMain.main(GradleWorkerMain.java:74)
Caused by: org.springframework.beans.factory.support.BeanDefinitionOverrideException: Invalid bean definition with name 'jpaAuditingHandler' defined in null: Cannot register bean definition [Root bean: class=org.springframework.data.auditing.AuditingHandler; scope=; abstract=false; lazyInit=null; autowireMode=2; dependencyCheck=0; autowireCandidate=true; primary=false; fallback=false; factoryBeanName=null; factoryMethodName=from; initMethodNames=null; destroyMethodNames=null] for bean 'jpaAuditingHandler' since there is already [Root bean: class=org.springframework.data.auditing.AuditingHandler; scope=; abstract=false; lazyInit=null; autowireMode=2; dependencyCheck=0; autowireCandidate=true; primary=false; fallback=false; factoryBeanName=null; factoryMethodName=from; initMethodNames=null; destroyMethodNames=null] bound.
	at org.springframework.beans.factory.support.DefaultListableBeanFactory.registerBeanDefinition(DefaultListableBeanFactory.java:1151)
	at org.springframework.data.auditing.config.AuditingBeanDefinitionRegistrarSupport.registerAuditHandlerBeanDefinition(AuditingBeanDefinitionRegistrarSupport.java:79)
	at org.springframework.data.auditing.config.AuditingBeanDefinitionRegistrarSupport.registerBeanDefinitions(AuditingBeanDefinitionRegistrarSupport.java:59)
	at org.springframework.data.jpa.repository.config.JpaAuditingRegistrar.registerBeanDefinitions(JpaAuditingRegistrar.java:67)
	at org.springframework.context.annotation.ImportBeanDefinitionRegistrar.registerBeanDefinitions(ImportBeanDefinitionRegistrar.java:86)
	at org.springframework.context.annotation.ConfigurationClassBeanDefinitionReader.lambda$loadBeanDefinitionsFromRegistrars$1(ConfigurationClassBeanDefinitionReader.java:387)
	at java.base/java.util.LinkedHashMap.forEach(LinkedHashMap.java:721)
	at org.springframework.context.annotation.ConfigurationClassBeanDefinitionReader.loadBeanDefinitionsFromRegistrars(ConfigurationClassBeanDefinitionReader.java:386)
	at org.springframework.context.annotation.ConfigurationClassBeanDefinitionReader.loadBeanDefinitionsForConfigurationClass(ConfigurationClassBeanDefinitionReader.java:149)
	at org.springframework.context.annotation.ConfigurationClassBeanDefinitionReader.loadBeanDefinitions(ConfigurationClassBeanDefinitionReader.java:121)
	at org.springframework.context.annotation.ConfigurationClassPostProcessor.processConfigBeanDefinitions(ConfigurationClassPostProcessor.java:430)
	at org.springframework.context.annotation.ConfigurationClassPostProcessor.postProcessBeanDefinitionRegistry(ConfigurationClassPostProcessor.java:290)
	at org.springframework.context.support.PostProcessorRegistrationDelegate.invokeBeanDefinitionRegistryPostProcessors(PostProcessorRegistrationDelegate.java:349)
	at org.springframework.context.support.PostProcessorRegistrationDelegate.invokeBeanFactoryPostProcessors(PostProcessorRegistrationDelegate.java:118)
	at org.springframework.context.support.AbstractApplicationContext.invokeBeanFactoryPostProcessors(AbstractApplicationContext.java:791)
	at org.springframework.context.support.AbstractApplicationContext.refresh(AbstractApplicationContext.java:609)
	at org.springframework.boot.SpringApplication.refresh(SpringApplication.java:752)
	at org.springframework.boot.SpringApplication.refreshContext(SpringApplication.java:439)
	at org.springframework.boot.SpringApplication.run(SpringApplication.java:318)
	at org.springframework.boot.test.context.SpringBootContextLoader.lambda$loadContext$3(SpringBootContextLoader.java:137)
	at org.springframework.util.function.ThrowingSupplier.get(ThrowingSupplier.java:58)
	at org.springframework.util.function.ThrowingSupplier.get(ThrowingSupplier.java:46)
	at org.springframework.boot.SpringApplication.withHook(SpringApplication.java:1461)
	at org.springframework.boot.test.context.SpringBootContextLoader$ContextLoaderHook.run(SpringBootContextLoader.java:553)
	at org.springframework.boot.test.context.SpringBootContextLoader.loadContext(SpringBootContextLoader.java:137)
	at org.springframework.boot.test.context.SpringBootContextLoader.loadContext(SpringBootContextLoader.java:108)
	at org.springframework.test.context.cache.DefaultCacheAwareContextLoaderDelegate.loadContextInternal(DefaultCacheAwareContextLoaderDelegate.java:225)
	at org.springframework.test.context.cache.DefaultCacheAwareContextLoaderDelegate.loadContext(DefaultCacheAwareContextLoaderDelegate.java:152)
	... 89 common frames omitted
26-08-01 17:20:31.667 [Test worker] WARN  o.s.test.context.TestContextManager - Caught exception while allowing TestExecutionListener [org.springframework.test.context.support.DependencyInjectionTestExecutionListener] to prepare test instance [com.sprint.mission.discodeit.repository.UserRepositoryTest@7d70638]
java.lang.IllegalStateException: ApplicationContext failure threshold (1) exceeded: skipping repeated attempt to load context for [MergedContextConfiguration@6419a0e1 testClass = com.sprint.mission.discodeit.repository.UserRepositoryTest, locations = [], classes = [com.sprint.mission.discodeit.DiscodeitApplication], contextInitializerClasses = [], activeProfiles = ["test"], propertySourceDescriptors = [], propertySourceProperties = ["org.springframework.boot.test.autoconfigure.orm.jpa.DataJpaTestContextBootstrapper=true"], contextCustomizers = [org.springframework.boot.test.autoconfigure.OnFailureConditionReportContextCustomizerFactory$OnFailureConditionReportContextCustomizer@6bb2d00b, org.springframework.boot.test.autoconfigure.OverrideAutoConfigurationContextCustomizerFactory$DisableAutoConfigurationContextCustomizer@319bc845, org.springframework.boot.test.autoconfigure.actuate.observability.ObservabilityContextCustomizerFactory$DisableObservabilityContextCustomizer@1f, org.springframework.boot.test.autoconfigure.filter.TypeExcludeFiltersContextCustomizer@34be3d80, org.springframework.boot.test.autoconfigure.properties.PropertyMappingContextCustomizer@914f5e55, org.springframework.boot.test.autoconfigure.web.servlet.WebDriverContextCustomizer@3f390d63, [ImportsContextCustomizer@280d4882 key = [@org.springframework.boot.test.autoconfigure.orm.jpa.AutoConfigureDataJpa(), @org.springframework.boot.test.autoconfigure.orm.jpa.AutoConfigureTestEntityManager(), @org.springframework.aot.hint.annotation.Reflective(processors={org.springframework.aot.hint.annotation.SimpleReflectiveProcessor.class}, value={org.springframework.aot.hint.annotation.SimpleReflectiveProcessor.class}), @org.springframework.context.annotation.Import(value={org.springframework.boot.autoconfigure.ImportAutoConfigurationImportSelector.class}), @org.springframework.boot.test.autoconfigure.orm.jpa.DataJpaTest(bootstrapMode=DEFAULT, excludeAutoConfiguration={}, excludeFilters={}, includeFilters={}, properties={}, showSql=true, useDefaultFilters=true), @org.springframework.boot.test.autoconfigure.properties.PropertyMapping(skip=NO, value="spring.test.database"), @org.springframework.test.context.BootstrapWith(value=org.springframework.boot.test.autoconfigure.orm.jpa.DataJpaTestContextBootstrapper.class), @org.springframework.context.annotation.Import(value={org.springframework.data.jpa.repository.config.JpaAuditingRegistrar.class}), @org.springframework.data.jpa.repository.config.EnableJpaAuditing(auditorAwareRef="", setDates=true, modifyOnCreate=true, dateTimeProviderRef=""), @org.springframework.boot.test.autoconfigure.filter.TypeExcludeFilters(value={org.springframework.boot.test.autoconfigure.orm.jpa.DataJpaTypeExcludeFilter.class}), @org.springframework.boot.test.autoconfigure.jdbc.AutoConfigureTestDatabase(connection=NONE, replace=NON_TEST), @org.springframework.boot.test.autoconfigure.core.AutoConfigureCache(cacheProvider=NONE), @org.springframework.boot.autoconfigure.ImportAutoConfiguration(classes={}, exclude={}, value={}), @org.springframework.test.context.ActiveProfiles(inheritProfiles=true, profiles={"test"}, resolver=org.springframework.test.context.ActiveProfilesResolver.class, value={"test"}), @org.springframework.boot.test.autoconfigure.OverrideAutoConfiguration(enabled=false), @org.springframework.transaction.annotation.Transactional(isolation=DEFAULT, label={}, noRollbackFor={}, noRollbackForClassName={}, propagation=REQUIRED, readOnly=false, rollbackFor={}, rollbackForClassName={}, timeout=-1, timeoutString="", transactionManager="", value="")]], org.springframework.boot.test.context.filter.ExcludeFilterContextCustomizer@3e14c16d, org.springframework.boot.test.json.DuplicateJsonObjectContextCustomizerFactory$DuplicateJsonObjectContextCustomizer@3d3ba765, org.springframework.boot.test.mock.mockito.MockitoContextCustomizer@0, org.springframework.boot.test.web.reactor.netty.DisableReactorResourceFactoryGlobalResourcesContextCustomizerFactory$DisableReactorResourceFactoryGlobalResourcesContextCustomizerCustomizer@55342f40, org.springframework.test.context.support.DynamicPropertiesContextCustomizer@0, org.springframework.boot.test.context.SpringBootTestAnnotation@f22f8b57], contextLoader = org.springframework.boot.test.context.SpringBootContextLoader, parent = null]
	at org.springframework.test.context.cache.DefaultCacheAwareContextLoaderDelegate.loadContext(DefaultCacheAwareContextLoaderDelegate.java:145)
	at org.springframework.test.context.support.DefaultTestContext.getApplicationContext(DefaultTestContext.java:130)
	at org.springframework.test.context.support.DependencyInjectionTestExecutionListener.injectDependencies(DependencyInjectionTestExecutionListener.java:142)
	at org.springframework.test.context.support.DependencyInjectionTestExecutionListener.prepareTestInstance(DependencyInjectionTestExecutionListener.java:98)
	at org.springframework.test.context.TestContextManager.prepareTestInstance(TestContextManager.java:260)
	at org.springframework.test.context.junit.jupiter.SpringExtension.postProcessTestInstance(SpringExtension.java:160)
	at org.junit.jupiter.engine.descriptor.ClassBasedTestDescriptor.lambda$invokeTestInstancePostProcessors$11(ClassBasedTestDescriptor.java:378)
	at org.junit.jupiter.engine.descriptor.ClassBasedTestDescriptor.executeAndMaskThrowable(ClassBasedTestDescriptor.java:383)
	at org.junit.jupiter.engine.descriptor.ClassBasedTestDescriptor.lambda$invokeTestInstancePostProcessors$12(ClassBasedTestDescriptor.java:378)
	at java.base/java.util.stream.ForEachOps$ForEachOp$OfRef.accept(ForEachOps.java:183)
	at java.base/java.util.stream.ReferencePipeline$3$1.accept(ReferencePipeline.java:197)
	at java.base/java.util.stream.ReferencePipeline$2$1.accept(ReferencePipeline.java:179)
	at java.base/java.util.stream.ReferencePipeline$3$1.accept(ReferencePipeline.java:197)
	at java.base/java.util.ArrayList$ArrayListSpliterator.forEachRemaining(ArrayList.java:1625)
	at java.base/java.util.stream.AbstractPipeline.copyInto(AbstractPipeline.java:509)
	at java.base/java.util.stream.AbstractPipeline.wrapAndCopyInto(AbstractPipeline.java:499)
	at java.base/java.util.stream.ForEachOps$ForEachOp.evaluateSequential(ForEachOps.java:150)
	at java.base/java.util.stream.ForEachOps$ForEachOp$OfRef.evaluateSequential(ForEachOps.java:173)
	at java.base/java.util.stream.AbstractPipeline.evaluate(AbstractPipeline.java:234)
	at java.base/java.util.stream.ReferencePipeline.forEach(ReferencePipeline.java:596)
	at org.junit.jupiter.engine.descriptor.ClassBasedTestDescriptor.invokeTestInstancePostProcessors(ClassBasedTestDescriptor.java:377)
	at org.junit.jupiter.engine.descriptor.ClassBasedTestDescriptor.lambda$instantiateAndPostProcessTestInstance$7(ClassBasedTestDescriptor.java:290)
	at org.junit.platform.engine.support.hierarchical.ThrowableCollector.execute(ThrowableCollector.java:73)
	at org.junit.jupiter.engine.descriptor.ClassBasedTestDescriptor.instantiateAndPostProcessTestInstance(ClassBasedTestDescriptor.java:289)
	at org.junit.jupiter.engine.descriptor.ClassBasedTestDescriptor.lambda$testInstancesProvider$5(ClassBasedTestDescriptor.java:279)
	at java.base/java.util.Optional.orElseGet(Optional.java:364)
	at org.junit.jupiter.engine.descriptor.ClassBasedTestDescriptor.lambda$testInstancesProvider$6(ClassBasedTestDescriptor.java:278)
	at org.junit.jupiter.engine.execution.TestInstancesProvider.getTestInstances(TestInstancesProvider.java:31)
	at org.junit.jupiter.engine.descriptor.TestMethodTestDescriptor.lambda$prepare$1(TestMethodTestDescriptor.java:105)
	at org.junit.platform.engine.support.hierarchical.ThrowableCollector.execute(ThrowableCollector.java:73)
	at org.junit.jupiter.engine.descriptor.TestMethodTestDescriptor.prepare(TestMethodTestDescriptor.java:104)
	at org.junit.jupiter.engine.descriptor.TestMethodTestDescriptor.prepare(TestMethodTestDescriptor.java:68)
	at org.junit.platform.engine.support.hierarchical.NodeTestTask.lambda$prepare$2(NodeTestTask.java:128)
	at org.junit.platform.engine.support.hierarchical.ThrowableCollector.execute(ThrowableCollector.java:73)
	at org.junit.platform.engine.support.hierarchical.NodeTestTask.prepare(NodeTestTask.java:128)
	at org.junit.platform.engine.support.hierarchical.NodeTestTask.execute(NodeTestTask.java:95)
	at java.base/java.util.ArrayList.forEach(ArrayList.java:1511)
	at org.junit.platform.engine.support.hierarchical.SameThreadHierarchicalTestExecutorService.invokeAll(SameThreadHierarchicalTestExecutorService.java:41)
	at org.junit.platform.engine.support.hierarchical.NodeTestTask.lambda$executeRecursively$6(NodeTestTask.java:160)
	at org.junit.platform.engine.support.hierarchical.ThrowableCollector.execute(ThrowableCollector.java:73)
	at org.junit.platform.engine.support.hierarchical.NodeTestTask.lambda$executeRecursively$8(NodeTestTask.java:146)
	at org.junit.platform.engine.support.hierarchical.Node.around(Node.java:137)
	at org.junit.platform.engine.support.hierarchical.NodeTestTask.lambda$executeRecursively$9(NodeTestTask.java:144)
	at org.junit.platform.engine.support.hierarchical.ThrowableCollector.execute(ThrowableCollector.java:73)
	at org.junit.platform.engine.support.hierarchical.NodeTestTask.executeRecursively(NodeTestTask.java:143)
	at org.junit.platform.engine.support.hierarchical.NodeTestTask.execute(NodeTestTask.java:100)
	at java.base/java.util.ArrayList.forEach(ArrayList.java:1511)
	at org.junit.platform.engine.support.hierarchical.SameThreadHierarchicalTestExecutorService.invokeAll(SameThreadHierarchicalTestExecutorService.java:41)
	at org.junit.platform.engine.support.hierarchical.NodeTestTask.lambda$executeRecursively$6(NodeTestTask.java:160)
	at org.junit.platform.engine.support.hierarchical.ThrowableCollector.execute(ThrowableCollector.java:73)
	at org.junit.platform.engine.support.hierarchical.NodeTestTask.lambda$executeRecursively$8(NodeTestTask.java:146)
	at org.junit.platform.engine.support.hierarchical.Node.around(Node.java:137)
	at org.junit.platform.engine.support.hierarchical.NodeTestTask.lambda$executeRecursively$9(NodeTestTask.java:144)
	at org.junit.platform.engine.support.hierarchical.ThrowableCollector.execute(ThrowableCollector.java:73)
	at org.junit.platform.engine.support.hierarchical.NodeTestTask.executeRecursively(NodeTestTask.java:143)
	at org.junit.platform.engine.support.hierarchical.NodeTestTask.execute(NodeTestTask.java:100)
	at org.junit.platform.engine.support.hierarchical.SameThreadHierarchicalTestExecutorService.submit(SameThreadHierarchicalTestExecutorService.java:35)
	at org.junit.platform.engine.support.hierarchical.HierarchicalTestExecutor.execute(HierarchicalTestExecutor.java:57)
	at org.junit.platform.engine.support.hierarchical.HierarchicalTestEngine.execute(HierarchicalTestEngine.java:54)
	at org.junit.platform.launcher.core.EngineExecutionOrchestrator.execute(EngineExecutionOrchestrator.java:198)
	at org.junit.platform.launcher.core.EngineExecutionOrchestrator.execute(EngineExecutionOrchestrator.java:169)
	at org.junit.platform.launcher.core.EngineExecutionOrchestrator.execute(EngineExecutionOrchestrator.java:93)
	at org.junit.platform.launcher.core.EngineExecutionOrchestrator.lambda$execute$0(EngineExecutionOrchestrator.java:58)
	at org.junit.platform.launcher.core.EngineExecutionOrchestrator.withInterceptedStreams(EngineExecutionOrchestrator.java:141)
	at org.junit.platform.launcher.core.EngineExecutionOrchestrator.execute(EngineExecutionOrchestrator.java:57)
	at org.junit.platform.launcher.core.DefaultLauncher.execute(DefaultLauncher.java:103)
	at org.junit.platform.launcher.core.DefaultLauncher.execute(DefaultLauncher.java:85)
	at org.junit.platform.launcher.core.DelegatingLauncher.execute(DelegatingLauncher.java:47)
	at org.gradle.api.internal.tasks.testing.junitplatform.JUnitPlatformTestClassProcessor$CollectAllTestClassesExecutor.processAllTestClasses(JUnitPlatformTestClassProcessor.java:124)
	at org.gradle.api.internal.tasks.testing.junitplatform.JUnitPlatformTestClassProcessor$CollectAllTestClassesExecutor.access$000(JUnitPlatformTestClassProcessor.java:99)
	at org.gradle.api.internal.tasks.testing.junitplatform.JUnitPlatformTestClassProcessor.stop(JUnitPlatformTestClassProcessor.java:94)
	at org.gradle.api.internal.tasks.testing.SuiteTestClassProcessor.stop(SuiteTestClassProcessor.java:63)
	at java.base/jdk.internal.reflect.NativeMethodAccessorImpl.invoke0(Native Method)
	at java.base/jdk.internal.reflect.NativeMethodAccessorImpl.invoke(NativeMethodAccessorImpl.java:77)
	at java.base/jdk.internal.reflect.DelegatingMethodAccessorImpl.invoke(DelegatingMethodAccessorImpl.java:43)
	at java.base/java.lang.reflect.Method.invoke(Method.java:569)
	at org.gradle.internal.dispatch.ReflectionDispatch.dispatch(ReflectionDispatch.java:36)
	at org.gradle.internal.dispatch.ReflectionDispatch.dispatch(ReflectionDispatch.java:24)
	at org.gradle.internal.dispatch.ContextClassLoaderDispatch.dispatch(ContextClassLoaderDispatch.java:33)
	at org.gradle.internal.dispatch.ProxyDispatchAdapter$DispatchingInvocationHandler.invoke(ProxyDispatchAdapter.java:92)
	at jdk.proxy1/jdk.proxy1.$Proxy4.stop(Unknown Source)
	at org.gradle.api.internal.tasks.testing.worker.TestWorker$3.run(TestWorker.java:200)
	at org.gradle.api.internal.tasks.testing.worker.TestWorker.executeAndMaintainThreadName(TestWorker.java:132)
	at org.gradle.api.internal.tasks.testing.worker.TestWorker.execute(TestWorker.java:103)
	at org.gradle.api.internal.tasks.testing.worker.TestWorker.execute(TestWorker.java:63)
	at org.gradle.process.internal.worker.child.ActionExecutionWorker.execute(ActionExecutionWorker.java:56)
	at org.gradle.process.internal.worker.child.SystemApplicationClassLoaderWorker.call(SystemApplicationClassLoaderWorker.java:122)
	at org.gradle.process.internal.worker.child.SystemApplicationClassLoaderWorker.call(SystemApplicationClassLoaderWorker.java:72)
	at worker.org.gradle.process.internal.worker.GradleWorkerMain.run(GradleWorkerMain.java:69)
	at worker.org.gradle.process.internal.worker.GradleWorkerMain.main(GradleWorkerMain.java:74)
26-08-01 17:20:31.670 [Test worker] WARN  o.s.test.context.TestContextManager - Caught exception while allowing TestExecutionListener [org.springframework.test.context.support.DependencyInjectionTestExecutionListener] to prepare test instance [com.sprint.mission.discodeit.repository.UserRepositoryTest@6fbc1bb]
java.lang.IllegalStateException: ApplicationContext failure threshold (1) exceeded: skipping repeated attempt to load context for [MergedContextConfiguration@6419a0e1 testClass = com.sprint.mission.discodeit.repository.UserRepositoryTest, locations = [], classes = [com.sprint.mission.discodeit.DiscodeitApplication], contextInitializerClasses = [], activeProfiles = ["test"], propertySourceDescriptors = [], propertySourceProperties = ["org.springframework.boot.test.autoconfigure.orm.jpa.DataJpaTestContextBootstrapper=true"], contextCustomizers = [org.springframework.boot.test.autoconfigure.OnFailureConditionReportContextCustomizerFactory$OnFailureConditionReportContextCustomizer@6bb2d00b, org.springframework.boot.test.autoconfigure.OverrideAutoConfigurationContextCustomizerFactory$DisableAutoConfigurationContextCustomizer@319bc845, org.springframework.boot.test.autoconfigure.actuate.observability.ObservabilityContextCustomizerFactory$DisableObservabilityContextCustomizer@1f, org.springframework.boot.test.autoconfigure.filter.TypeExcludeFiltersContextCustomizer@34be3d80, org.springframework.boot.test.autoconfigure.properties.PropertyMappingContextCustomizer@914f5e55, org.springframework.boot.test.autoconfigure.web.servlet.WebDriverContextCustomizer@3f390d63, [ImportsContextCustomizer@280d4882 key = [@org.springframework.boot.test.autoconfigure.orm.jpa.AutoConfigureDataJpa(), @org.springframework.boot.test.autoconfigure.orm.jpa.AutoConfigureTestEntityManager(), @org.springframework.aot.hint.annotation.Reflective(processors={org.springframework.aot.hint.annotation.SimpleReflectiveProcessor.class}, value={org.springframework.aot.hint.annotation.SimpleReflectiveProcessor.class}), @org.springframework.context.annotation.Import(value={org.springframework.boot.autoconfigure.ImportAutoConfigurationImportSelector.class}), @org.springframework.boot.test.autoconfigure.orm.jpa.DataJpaTest(bootstrapMode=DEFAULT, excludeAutoConfiguration={}, excludeFilters={}, includeFilters={}, properties={}, showSql=true, useDefaultFilters=true), @org.springframework.boot.test.autoconfigure.properties.PropertyMapping(skip=NO, value="spring.test.database"), @org.springframework.test.context.BootstrapWith(value=org.springframework.boot.test.autoconfigure.orm.jpa.DataJpaTestContextBootstrapper.class), @org.springframework.context.annotation.Import(value={org.springframework.data.jpa.repository.config.JpaAuditingRegistrar.class}), @org.springframework.data.jpa.repository.config.EnableJpaAuditing(auditorAwareRef="", setDates=true, modifyOnCreate=true, dateTimeProviderRef=""), @org.springframework.boot.test.autoconfigure.filter.TypeExcludeFilters(value={org.springframework.boot.test.autoconfigure.orm.jpa.DataJpaTypeExcludeFilter.class}), @org.springframework.boot.test.autoconfigure.jdbc.AutoConfigureTestDatabase(connection=NONE, replace=NON_TEST), @org.springframework.boot.test.autoconfigure.core.AutoConfigureCache(cacheProvider=NONE), @org.springframework.boot.autoconfigure.ImportAutoConfiguration(classes={}, exclude={}, value={}), @org.springframework.test.context.ActiveProfiles(inheritProfiles=true, profiles={"test"}, resolver=org.springframework.test.context.ActiveProfilesResolver.class, value={"test"}), @org.springframework.boot.test.autoconfigure.OverrideAutoConfiguration(enabled=false), @org.springframework.transaction.annotation.Transactional(isolation=DEFAULT, label={}, noRollbackFor={}, noRollbackForClassName={}, propagation=REQUIRED, readOnly=false, rollbackFor={}, rollbackForClassName={}, timeout=-1, timeoutString="", transactionManager="", value="")]], org.springframework.boot.test.context.filter.ExcludeFilterContextCustomizer@3e14c16d, org.springframework.boot.test.json.DuplicateJsonObjectContextCustomizerFactory$DuplicateJsonObjectContextCustomizer@3d3ba765, org.springframework.boot.test.mock.mockito.MockitoContextCustomizer@0, org.springframework.boot.test.web.reactor.netty.DisableReactorResourceFactoryGlobalResourcesContextCustomizerFactory$DisableReactorResourceFactoryGlobalResourcesContextCustomizerCustomizer@55342f40, org.springframework.test.context.support.DynamicPropertiesContextCustomizer@0, org.springframework.boot.test.context.SpringBootTestAnnotation@f22f8b57], contextLoader = org.springframework.boot.test.context.SpringBootContextLoader, parent = null]
	at org.springframework.test.context.cache.DefaultCacheAwareContextLoaderDelegate.loadContext(DefaultCacheAwareContextLoaderDelegate.java:145)
	at org.springframework.test.context.support.DefaultTestContext.getApplicationContext(DefaultTestContext.java:130)
	at org.springframework.test.context.support.DependencyInjectionTestExecutionListener.injectDependencies(DependencyInjectionTestExecutionListener.java:142)
	at org.springframework.test.context.support.DependencyInjectionTestExecutionListener.prepareTestInstance(DependencyInjectionTestExecutionListener.java:98)
	at org.springframework.test.context.TestContextManager.prepareTestInstance(TestContextManager.java:260)
	at org.springframework.test.context.junit.jupiter.SpringExtension.postProcessTestInstance(SpringExtension.java:160)
	at org.junit.jupiter.engine.descriptor.ClassBasedTestDescriptor.lambda$invokeTestInstancePostProcessors$11(ClassBasedTestDescriptor.java:378)
	at org.junit.jupiter.engine.descriptor.ClassBasedTestDescriptor.executeAndMaskThrowable(ClassBasedTestDescriptor.java:383)
	at org.junit.jupiter.engine.descriptor.ClassBasedTestDescriptor.lambda$invokeTestInstancePostProcessors$12(ClassBasedTestDescriptor.java:378)
	at java.base/java.util.stream.ForEachOps$ForEachOp$OfRef.accept(ForEachOps.java:183)
	at java.base/java.util.stream.ReferencePipeline$3$1.accept(ReferencePipeline.java:197)
	at java.base/java.util.stream.ReferencePipeline$2$1.accept(ReferencePipeline.java:179)
	at java.base/java.util.stream.ReferencePipeline$3$1.accept(ReferencePipeline.java:197)
	at java.base/java.util.ArrayList$ArrayListSpliterator.forEachRemaining(ArrayList.java:1625)
	at java.base/java.util.stream.AbstractPipeline.copyInto(AbstractPipeline.java:509)
	at java.base/java.util.stream.AbstractPipeline.wrapAndCopyInto(AbstractPipeline.java:499)
	at java.base/java.util.stream.ForEachOps$ForEachOp.evaluateSequential(ForEachOps.java:150)
	at java.base/java.util.stream.ForEachOps$ForEachOp$OfRef.evaluateSequential(ForEachOps.java:173)
	at java.base/java.util.stream.AbstractPipeline.evaluate(AbstractPipeline.java:234)
	at java.base/java.util.stream.ReferencePipeline.forEach(ReferencePipeline.java:596)
	at org.junit.jupiter.engine.descriptor.ClassBasedTestDescriptor.invokeTestInstancePostProcessors(ClassBasedTestDescriptor.java:377)
	at org.junit.jupiter.engine.descriptor.ClassBasedTestDescriptor.lambda$instantiateAndPostProcessTestInstance$7(ClassBasedTestDescriptor.java:290)
	at org.junit.platform.engine.support.hierarchical.ThrowableCollector.execute(ThrowableCollector.java:73)
	at org.junit.jupiter.engine.descriptor.ClassBasedTestDescriptor.instantiateAndPostProcessTestInstance(ClassBasedTestDescriptor.java:289)
	at org.junit.jupiter.engine.descriptor.ClassBasedTestDescriptor.lambda$testInstancesProvider$5(ClassBasedTestDescriptor.java:279)
	at java.base/java.util.Optional.orElseGet(Optional.java:364)
	at org.junit.jupiter.engine.descriptor.ClassBasedTestDescriptor.lambda$testInstancesProvider$6(ClassBasedTestDescriptor.java:278)
	at org.junit.jupiter.engine.execution.TestInstancesProvider.getTestInstances(TestInstancesProvider.java:31)
	at org.junit.jupiter.engine.descriptor.TestMethodTestDescriptor.lambda$prepare$1(TestMethodTestDescriptor.java:105)
	at org.junit.platform.engine.support.hierarchical.ThrowableCollector.execute(ThrowableCollector.java:73)
	at org.junit.jupiter.engine.descriptor.TestMethodTestDescriptor.prepare(TestMethodTestDescriptor.java:104)
	at org.junit.jupiter.engine.descriptor.TestMethodTestDescriptor.prepare(TestMethodTestDescriptor.java:68)
	at org.junit.platform.engine.support.hierarchical.NodeTestTask.lambda$prepare$2(NodeTestTask.java:128)
	at org.junit.platform.engine.support.hierarchical.ThrowableCollector.execute(ThrowableCollector.java:73)
	at org.junit.platform.engine.support.hierarchical.NodeTestTask.prepare(NodeTestTask.java:128)
	at org.junit.platform.engine.support.hierarchical.NodeTestTask.execute(NodeTestTask.java:95)
	at java.base/java.util.ArrayList.forEach(ArrayList.java:1511)
	at org.junit.platform.engine.support.hierarchical.SameThreadHierarchicalTestExecutorService.invokeAll(SameThreadHierarchicalTestExecutorService.java:41)
	at org.junit.platform.engine.support.hierarchical.NodeTestTask.lambda$executeRecursively$6(NodeTestTask.java:160)
	at org.junit.platform.engine.support.hierarchical.ThrowableCollector.execute(ThrowableCollector.java:73)
	at org.junit.platform.engine.support.hierarchical.NodeTestTask.lambda$executeRecursively$8(NodeTestTask.java:146)
	at org.junit.platform.engine.support.hierarchical.Node.around(Node.java:137)
	at org.junit.platform.engine.support.hierarchical.NodeTestTask.lambda$executeRecursively$9(NodeTestTask.java:144)
	at org.junit.platform.engine.support.hierarchical.ThrowableCollector.execute(ThrowableCollector.java:73)
	at org.junit.platform.engine.support.hierarchical.NodeTestTask.executeRecursively(NodeTestTask.java:143)
	at org.junit.platform.engine.support.hierarchical.NodeTestTask.execute(NodeTestTask.java:100)
	at java.base/java.util.ArrayList.forEach(ArrayList.java:1511)
	at org.junit.platform.engine.support.hierarchical.SameThreadHierarchicalTestExecutorService.invokeAll(SameThreadHierarchicalTestExecutorService.java:41)
	at org.junit.platform.engine.support.hierarchical.NodeTestTask.lambda$executeRecursively$6(NodeTestTask.java:160)
	at org.junit.platform.engine.support.hierarchical.ThrowableCollector.execute(ThrowableCollector.java:73)
	at org.junit.platform.engine.support.hierarchical.NodeTestTask.lambda$executeRecursively$8(NodeTestTask.java:146)
	at org.junit.platform.engine.support.hierarchical.Node.around(Node.java:137)
	at org.junit.platform.engine.support.hierarchical.NodeTestTask.lambda$executeRecursively$9(NodeTestTask.java:144)
	at org.junit.platform.engine.support.hierarchical.ThrowableCollector.execute(ThrowableCollector.java:73)
	at org.junit.platform.engine.support.hierarchical.NodeTestTask.executeRecursively(NodeTestTask.java:143)
	at org.junit.platform.engine.support.hierarchical.NodeTestTask.execute(NodeTestTask.java:100)
	at org.junit.platform.engine.support.hierarchical.SameThreadHierarchicalTestExecutorService.submit(SameThreadHierarchicalTestExecutorService.java:35)
	at org.junit.platform.engine.support.hierarchical.HierarchicalTestExecutor.execute(HierarchicalTestExecutor.java:57)
	at org.junit.platform.engine.support.hierarchical.HierarchicalTestEngine.execute(HierarchicalTestEngine.java:54)
	at org.junit.platform.launcher.core.EngineExecutionOrchestrator.execute(EngineExecutionOrchestrator.java:198)
	at org.junit.platform.launcher.core.EngineExecutionOrchestrator.execute(EngineExecutionOrchestrator.java:169)
	at org.junit.platform.launcher.core.EngineExecutionOrchestrator.execute(EngineExecutionOrchestrator.java:93)
	at org.junit.platform.launcher.core.EngineExecutionOrchestrator.lambda$execute$0(EngineExecutionOrchestrator.java:58)
	at org.junit.platform.launcher.core.EngineExecutionOrchestrator.withInterceptedStreams(EngineExecutionOrchestrator.java:141)
	at org.junit.platform.launcher.core.EngineExecutionOrchestrator.execute(EngineExecutionOrchestrator.java:57)
	at org.junit.platform.launcher.core.DefaultLauncher.execute(DefaultLauncher.java:103)
	at org.junit.platform.launcher.core.DefaultLauncher.execute(DefaultLauncher.java:85)
	at org.junit.platform.launcher.core.DelegatingLauncher.execute(DelegatingLauncher.java:47)
	at org.gradle.api.internal.tasks.testing.junitplatform.JUnitPlatformTestClassProcessor$CollectAllTestClassesExecutor.processAllTestClasses(JUnitPlatformTestClassProcessor.java:124)
	at org.gradle.api.internal.tasks.testing.junitplatform.JUnitPlatformTestClassProcessor$CollectAllTestClassesExecutor.access$000(JUnitPlatformTestClassProcessor.java:99)
	at org.gradle.api.internal.tasks.testing.junitplatform.JUnitPlatformTestClassProcessor.stop(JUnitPlatformTestClassProcessor.java:94)
	at org.gradle.api.internal.tasks.testing.SuiteTestClassProcessor.stop(SuiteTestClassProcessor.java:63)
	at java.base/jdk.internal.reflect.NativeMethodAccessorImpl.invoke0(Native Method)
	at java.base/jdk.internal.reflect.NativeMethodAccessorImpl.invoke(NativeMethodAccessorImpl.java:77)
	at java.base/jdk.internal.reflect.DelegatingMethodAccessorImpl.invoke(DelegatingMethodAccessorImpl.java:43)
	at java.base/java.lang.reflect.Method.invoke(Method.java:569)
	at org.gradle.internal.dispatch.ReflectionDispatch.dispatch(ReflectionDispatch.java:36)
	at org.gradle.internal.dispatch.ReflectionDispatch.dispatch(ReflectionDispatch.java:24)
	at org.gradle.internal.dispatch.ContextClassLoaderDispatch.dispatch(ContextClassLoaderDispatch.java:33)
	at org.gradle.internal.dispatch.ProxyDispatchAdapter$DispatchingInvocationHandler.invoke(ProxyDispatchAdapter.java:92)
	at jdk.proxy1/jdk.proxy1.$Proxy4.stop(Unknown Source)
	at org.gradle.api.internal.tasks.testing.worker.TestWorker$3.run(TestWorker.java:200)
	at org.gradle.api.internal.tasks.testing.worker.TestWorker.executeAndMaintainThreadName(TestWorker.java:132)
	at org.gradle.api.internal.tasks.testing.worker.TestWorker.execute(TestWorker.java:103)
	at org.gradle.api.internal.tasks.testing.worker.TestWorker.execute(TestWorker.java:63)
	at org.gradle.process.internal.worker.child.ActionExecutionWorker.execute(ActionExecutionWorker.java:56)
	at org.gradle.process.internal.worker.child.SystemApplicationClassLoaderWorker.call(SystemApplicationClassLoaderWorker.java:122)
	at org.gradle.process.internal.worker.child.SystemApplicationClassLoaderWorker.call(SystemApplicationClassLoaderWorker.java:72)
	at worker.org.gradle.process.internal.worker.GradleWorkerMain.run(GradleWorkerMain.java:69)
	at worker.org.gradle.process.internal.worker.GradleWorkerMain.main(GradleWorkerMain.java:74)
26-08-01 17:20:31.673 [Test worker] WARN  o.s.test.context.TestContextManager - Caught exception while allowing TestExecutionListener [org.springframework.test.context.support.DependencyInjectionTestExecutionListener] to prepare test instance [com.sprint.mission.discodeit.repository.UserRepositoryTest@f1dd5b4]
java.lang.IllegalStateException: ApplicationContext failure threshold (1) exceeded: skipping repeated attempt to load context for [MergedContextConfiguration@6419a0e1 testClass = com.sprint.mission.discodeit.repository.UserRepositoryTest, locations = [], classes = [com.sprint.mission.discodeit.DiscodeitApplication], contextInitializerClasses = [], activeProfiles = ["test"], propertySourceDescriptors = [], propertySourceProperties = ["org.springframework.boot.test.autoconfigure.orm.jpa.DataJpaTestContextBootstrapper=true"], contextCustomizers = [org.springframework.boot.test.autoconfigure.OnFailureConditionReportContextCustomizerFactory$OnFailureConditionReportContextCustomizer@6bb2d00b, org.springframework.boot.test.autoconfigure.OverrideAutoConfigurationContextCustomizerFactory$DisableAutoConfigurationContextCustomizer@319bc845, org.springframework.boot.test.autoconfigure.actuate.observability.ObservabilityContextCustomizerFactory$DisableObservabilityContextCustomizer@1f, org.springframework.boot.test.autoconfigure.filter.TypeExcludeFiltersContextCustomizer@34be3d80, org.springframework.boot.test.autoconfigure.properties.PropertyMappingContextCustomizer@914f5e55, org.springframework.boot.test.autoconfigure.web.servlet.WebDriverContextCustomizer@3f390d63, [ImportsContextCustomizer@280d4882 key = [@org.springframework.boot.test.autoconfigure.orm.jpa.AutoConfigureDataJpa(), @org.springframework.boot.test.autoconfigure.orm.jpa.AutoConfigureTestEntityManager(), @org.springframework.aot.hint.annotation.Reflective(processors={org.springframework.aot.hint.annotation.SimpleReflectiveProcessor.class}, value={org.springframework.aot.hint.annotation.SimpleReflectiveProcessor.class}), @org.springframework.context.annotation.Import(value={org.springframework.boot.autoconfigure.ImportAutoConfigurationImportSelector.class}), @org.springframework.boot.test.autoconfigure.orm.jpa.DataJpaTest(bootstrapMode=DEFAULT, excludeAutoConfiguration={}, excludeFilters={}, includeFilters={}, properties={}, showSql=true, useDefaultFilters=true), @org.springframework.boot.test.autoconfigure.properties.PropertyMapping(skip=NO, value="spring.test.database"), @org.springframework.test.context.BootstrapWith(value=org.springframework.boot.test.autoconfigure.orm.jpa.DataJpaTestContextBootstrapper.class), @org.springframework.context.annotation.Import(value={org.springframework.data.jpa.repository.config.JpaAuditingRegistrar.class}), @org.springframework.data.jpa.repository.config.EnableJpaAuditing(auditorAwareRef="", setDates=true, modifyOnCreate=true, dateTimeProviderRef=""), @org.springframework.boot.test.autoconfigure.filter.TypeExcludeFilters(value={org.springframework.boot.test.autoconfigure.orm.jpa.DataJpaTypeExcludeFilter.class}), @org.springframework.boot.test.autoconfigure.jdbc.AutoConfigureTestDatabase(connection=NONE, replace=NON_TEST), @org.springframework.boot.test.autoconfigure.core.AutoConfigureCache(cacheProvider=NONE), @org.springframework.boot.autoconfigure.ImportAutoConfiguration(classes={}, exclude={}, value={}), @org.springframework.test.context.ActiveProfiles(inheritProfiles=true, profiles={"test"}, resolver=org.springframework.test.context.ActiveProfilesResolver.class, value={"test"}), @org.springframework.boot.test.autoconfigure.OverrideAutoConfiguration(enabled=false), @org.springframework.transaction.annotation.Transactional(isolation=DEFAULT, label={}, noRollbackFor={}, noRollbackForClassName={}, propagation=REQUIRED, readOnly=false, rollbackFor={}, rollbackForClassName={}, timeout=-1, timeoutString="", transactionManager="", value="")]], org.springframework.boot.test.context.filter.ExcludeFilterContextCustomizer@3e14c16d, org.springframework.boot.test.json.DuplicateJsonObjectContextCustomizerFactory$DuplicateJsonObjectContextCustomizer@3d3ba765, org.springframework.boot.test.mock.mockito.MockitoContextCustomizer@0, org.springframework.boot.test.web.reactor.netty.DisableReactorResourceFactoryGlobalResourcesContextCustomizerFactory$DisableReactorResourceFactoryGlobalResourcesContextCustomizerCustomizer@55342f40, org.springframework.test.context.support.DynamicPropertiesContextCustomizer@0, org.springframework.boot.test.context.SpringBootTestAnnotation@f22f8b57], contextLoader = org.springframework.boot.test.context.SpringBootContextLoader, parent = null]
	at org.springframework.test.context.cache.DefaultCacheAwareContextLoaderDelegate.loadContext(DefaultCacheAwareContextLoaderDelegate.java:145)
	at org.springframework.test.context.support.DefaultTestContext.getApplicationContext(DefaultTestContext.java:130)
	at org.springframework.test.context.support.DependencyInjectionTestExecutionListener.injectDependencies(DependencyInjectionTestExecutionListener.java:142)
	at org.springframework.test.context.support.DependencyInjectionTestExecutionListener.prepareTestInstance(DependencyInjectionTestExecutionListener.java:98)
	at org.springframework.test.context.TestContextManager.prepareTestInstance(TestContextManager.java:260)
	at org.springframework.test.context.junit.jupiter.SpringExtension.postProcessTestInstance(SpringExtension.java:160)
	at org.junit.jupiter.engine.descriptor.ClassBasedTestDescriptor.lambda$invokeTestInstancePostProcessors$11(ClassBasedTestDescriptor.java:378)
	at org.junit.jupiter.engine.descriptor.ClassBasedTestDescriptor.executeAndMaskThrowable(ClassBasedTestDescriptor.java:383)
	at org.junit.jupiter.engine.descriptor.ClassBasedTestDescriptor.lambda$invokeTestInstancePostProcessors$12(ClassBasedTestDescriptor.java:378)
	at java.base/java.util.stream.ForEachOps$ForEachOp$OfRef.accept(ForEachOps.java:183)
	at java.base/java.util.stream.ReferencePipeline$3$1.accept(ReferencePipeline.java:197)
	at java.base/java.util.stream.ReferencePipeline$2$1.accept(ReferencePipeline.java:179)
	at java.base/java.util.stream.ReferencePipeline$3$1.accept(ReferencePipeline.java:197)
	at java.base/java.util.ArrayList$ArrayListSpliterator.forEachRemaining(ArrayList.java:1625)
	at java.base/java.util.stream.AbstractPipeline.copyInto(AbstractPipeline.java:509)
	at java.base/java.util.stream.AbstractPipeline.wrapAndCopyInto(AbstractPipeline.java:499)
	at java.base/java.util.stream.ForEachOps$ForEachOp.evaluateSequential(ForEachOps.java:150)
	at java.base/java.util.stream.ForEachOps$ForEachOp$OfRef.evaluateSequential(ForEachOps.java:173)
	at java.base/java.util.stream.AbstractPipeline.evaluate(AbstractPipeline.java:234)
	at java.base/java.util.stream.ReferencePipeline.forEach(ReferencePipeline.java:596)
	at org.junit.jupiter.engine.descriptor.ClassBasedTestDescriptor.invokeTestInstancePostProcessors(ClassBasedTestDescriptor.java:377)
	at org.junit.jupiter.engine.descriptor.ClassBasedTestDescriptor.lambda$instantiateAndPostProcessTestInstance$7(ClassBasedTestDescriptor.java:290)
	at org.junit.platform.engine.support.hierarchical.ThrowableCollector.execute(ThrowableCollector.java:73)
	at org.junit.jupiter.engine.descriptor.ClassBasedTestDescriptor.instantiateAndPostProcessTestInstance(ClassBasedTestDescriptor.java:289)
	at org.junit.jupiter.engine.descriptor.ClassBasedTestDescriptor.lambda$testInstancesProvider$5(ClassBasedTestDescriptor.java:279)
	at java.base/java.util.Optional.orElseGet(Optional.java:364)
	at org.junit.jupiter.engine.descriptor.ClassBasedTestDescriptor.lambda$testInstancesProvider$6(ClassBasedTestDescriptor.java:278)
	at org.junit.jupiter.engine.execution.TestInstancesProvider.getTestInstances(TestInstancesProvider.java:31)
	at org.junit.jupiter.engine.descriptor.TestMethodTestDescriptor.lambda$prepare$1(TestMethodTestDescriptor.java:105)
	at org.junit.platform.engine.support.hierarchical.ThrowableCollector.execute(ThrowableCollector.java:73)
	at org.junit.jupiter.engine.descriptor.TestMethodTestDescriptor.prepare(TestMethodTestDescriptor.java:104)
	at org.junit.jupiter.engine.descriptor.TestMethodTestDescriptor.prepare(TestMethodTestDescriptor.java:68)
	at org.junit.platform.engine.support.hierarchical.NodeTestTask.lambda$prepare$2(NodeTestTask.java:128)
	at org.junit.platform.engine.support.hierarchical.ThrowableCollector.execute(ThrowableCollector.java:73)
	at org.junit.platform.engine.support.hierarchical.NodeTestTask.prepare(NodeTestTask.java:128)
	at org.junit.platform.engine.support.hierarchical.NodeTestTask.execute(NodeTestTask.java:95)
	at java.base/java.util.ArrayList.forEach(ArrayList.java:1511)
	at org.junit.platform.engine.support.hierarchical.SameThreadHierarchicalTestExecutorService.invokeAll(SameThreadHierarchicalTestExecutorService.java:41)
	at org.junit.platform.engine.support.hierarchical.NodeTestTask.lambda$executeRecursively$6(NodeTestTask.java:160)
	at org.junit.platform.engine.support.hierarchical.ThrowableCollector.execute(ThrowableCollector.java:73)
	at org.junit.platform.engine.support.hierarchical.NodeTestTask.lambda$executeRecursively$8(NodeTestTask.java:146)
	at org.junit.platform.engine.support.hierarchical.Node.around(Node.java:137)
	at org.junit.platform.engine.support.hierarchical.NodeTestTask.lambda$executeRecursively$9(NodeTestTask.java:144)
	at org.junit.platform.engine.support.hierarchical.ThrowableCollector.execute(ThrowableCollector.java:73)
	at org.junit.platform.engine.support.hierarchical.NodeTestTask.executeRecursively(NodeTestTask.java:143)
	at org.junit.platform.engine.support.hierarchical.NodeTestTask.execute(NodeTestTask.java:100)
	at java.base/java.util.ArrayList.forEach(ArrayList.java:1511)
	at org.junit.platform.engine.support.hierarchical.SameThreadHierarchicalTestExecutorService.invokeAll(SameThreadHierarchicalTestExecutorService.java:41)
	at org.junit.platform.engine.support.hierarchical.NodeTestTask.lambda$executeRecursively$6(NodeTestTask.java:160)
	at org.junit.platform.engine.support.hierarchical.ThrowableCollector.execute(ThrowableCollector.java:73)
	at org.junit.platform.engine.support.hierarchical.NodeTestTask.lambda$executeRecursively$8(NodeTestTask.java:146)
	at org.junit.platform.engine.support.hierarchical.Node.around(Node.java:137)
	at org.junit.platform.engine.support.hierarchical.NodeTestTask.lambda$executeRecursively$9(NodeTestTask.java:144)
	at org.junit.platform.engine.support.hierarchical.ThrowableCollector.execute(ThrowableCollector.java:73)
	at org.junit.platform.engine.support.hierarchical.NodeTestTask.executeRecursively(NodeTestTask.java:143)
	at org.junit.platform.engine.support.hierarchical.NodeTestTask.execute(NodeTestTask.java:100)
	at org.junit.platform.engine.support.hierarchical.SameThreadHierarchicalTestExecutorService.submit(SameThreadHierarchicalTestExecutorService.java:35)
	at org.junit.platform.engine.support.hierarchical.HierarchicalTestExecutor.execute(HierarchicalTestExecutor.java:57)
	at org.junit.platform.engine.support.hierarchical.HierarchicalTestEngine.execute(HierarchicalTestEngine.java:54)
	at org.junit.platform.launcher.core.EngineExecutionOrchestrator.execute(EngineExecutionOrchestrator.java:198)
	at org.junit.platform.launcher.core.EngineExecutionOrchestrator.execute(EngineExecutionOrchestrator.java:169)
	at org.junit.platform.launcher.core.EngineExecutionOrchestrator.execute(EngineExecutionOrchestrator.java:93)
	at org.junit.platform.launcher.core.EngineExecutionOrchestrator.lambda$execute$0(EngineExecutionOrchestrator.java:58)
	at org.junit.platform.launcher.core.EngineExecutionOrchestrator.withInterceptedStreams(EngineExecutionOrchestrator.java:141)
	at org.junit.platform.launcher.core.EngineExecutionOrchestrator.execute(EngineExecutionOrchestrator.java:57)
	at org.junit.platform.launcher.core.DefaultLauncher.execute(DefaultLauncher.java:103)
	at org.junit.platform.launcher.core.DefaultLauncher.execute(DefaultLauncher.java:85)
	at org.junit.platform.launcher.core.DelegatingLauncher.execute(DelegatingLauncher.java:47)
	at org.gradle.api.internal.tasks.testing.junitplatform.JUnitPlatformTestClassProcessor$CollectAllTestClassesExecutor.processAllTestClasses(JUnitPlatformTestClassProcessor.java:124)
	at org.gradle.api.internal.tasks.testing.junitplatform.JUnitPlatformTestClassProcessor$CollectAllTestClassesExecutor.access$000(JUnitPlatformTestClassProcessor.java:99)
	at org.gradle.api.internal.tasks.testing.junitplatform.JUnitPlatformTestClassProcessor.stop(JUnitPlatformTestClassProcessor.java:94)
	at org.gradle.api.internal.tasks.testing.SuiteTestClassProcessor.stop(SuiteTestClassProcessor.java:63)
	at java.base/jdk.internal.reflect.NativeMethodAccessorImpl.invoke0(Native Method)
	at java.base/jdk.internal.reflect.NativeMethodAccessorImpl.invoke(NativeMethodAccessorImpl.java:77)
	at java.base/jdk.internal.reflect.DelegatingMethodAccessorImpl.invoke(DelegatingMethodAccessorImpl.java:43)
	at java.base/java.lang.reflect.Method.invoke(Method.java:569)
	at org.gradle.internal.dispatch.ReflectionDispatch.dispatch(ReflectionDispatch.java:36)
	at org.gradle.internal.dispatch.ReflectionDispatch.dispatch(ReflectionDispatch.java:24)
	at org.gradle.internal.dispatch.ContextClassLoaderDispatch.dispatch(ContextClassLoaderDispatch.java:33)
	at org.gradle.internal.dispatch.ProxyDispatchAdapter$DispatchingInvocationHandler.invoke(ProxyDispatchAdapter.java:92)
	at jdk.proxy1/jdk.proxy1.$Proxy4.stop(Unknown Source)
	at org.gradle.api.internal.tasks.testing.worker.TestWorker$3.run(TestWorker.java:200)
	at org.gradle.api.internal.tasks.testing.worker.TestWorker.executeAndMaintainThreadName(TestWorker.java:132)
	at org.gradle.api.internal.tasks.testing.worker.TestWorker.execute(TestWorker.java:103)
	at org.gradle.api.internal.tasks.testing.worker.TestWorker.execute(TestWorker.java:63)
	at org.gradle.process.internal.worker.child.ActionExecutionWorker.execute(ActionExecutionWorker.java:56)
	at org.gradle.process.internal.worker.child.SystemApplicationClassLoaderWorker.call(SystemApplicationClassLoaderWorker.java:122)
	at org.gradle.process.internal.worker.child.SystemApplicationClassLoaderWorker.call(SystemApplicationClassLoaderWorker.java:72)
	at worker.org.gradle.process.internal.worker.GradleWorkerMain.run(GradleWorkerMain.java:69)
	at worker.org.gradle.process.internal.worker.GradleWorkerMain.main(GradleWorkerMain.java:74)
26-08-01 17:20:46.999 [background-preinit] INFO  o.h.validator.internal.util.Version - HV000001: Hibernate Validator 8.0.1.Final
26-08-01 17:20:47.030 [Test worker] INFO  c.s.m.d.r.UserRepositoryTest - Starting UserRepositoryTest using Java 17.0.19 with PID 85823 (started by jangjunseo in /Users/jangjunseo/Desktop/codei_13th_develop/13-sprint-mission)
26-08-01 17:20:47.031 [Test worker] INFO  c.s.m.d.r.UserRepositoryTest - The following 1 profile is active: "test"
26-08-01 17:20:47.272 [Test worker] INFO  o.s.d.r.c.RepositoryConfigurationDelegate - Bootstrapping Spring Data JPA repositories in DEFAULT mode.
26-08-01 17:20:47.313 [Test worker] INFO  o.s.d.r.c.RepositoryConfigurationDelegate - Finished Spring Data repository scanning in 35 ms. Found 6 JPA repository interfaces.
26-08-01 17:20:47.346 [Test worker] INFO  o.s.b.t.a.j.TestDatabaseAutoConfiguration$EmbeddedDataSourceBeanFactoryPostProcessor - Replacing 'dataSource' DataSource bean with embedded version
26-08-01 17:20:47.414 [Test worker] INFO  o.s.j.d.e.EmbeddedDatabaseFactory - Starting embedded database: url='jdbc:h2:mem:0e73af95-b5e3-4e60-93e7-309d732797f3;DB_CLOSE_DELAY=-1;DB_CLOSE_ON_EXIT=false', username='sa'
26-08-01 17:20:47.626 [Test worker] INFO  o.h.jpa.internal.util.LogHelper - HHH000204: Processing PersistenceUnitInfo [name: default]
26-08-01 17:20:47.665 [Test worker] INFO  org.hibernate.Version - HHH000412: Hibernate ORM core version 6.6.2.Final
26-08-01 17:20:47.688 [Test worker] INFO  o.h.c.i.RegionFactoryInitiator - HHH000026: Second-level cache disabled
26-08-01 17:20:47.823 [Test worker] INFO  o.s.o.j.p.SpringPersistenceUnitInfo - No LoadTimeWeaver setup: ignoring JPA class transformer
26-08-01 17:20:47.877 [Test worker] INFO  o.hibernate.orm.connections.pooling - HHH10001005: Database info:
	Database JDBC URL [Connecting through datasource 'org.springframework.jdbc.datasource.embedded.EmbeddedDatabaseFactory$EmbeddedDataSourceProxy@580ffea']
	Database driver: undefined/unknown
	Database version: 2.3.232
	Autocommit mode: undefined/unknown
	Isolation level: undefined/unknown
	Minimum pool size: undefined/unknown
	Maximum pool size: undefined/unknown
26-08-01 17:20:48.381 [Test worker] INFO  o.h.e.t.j.p.i.JtaPlatformInitiator - HHH000489: No JTA platform available (set 'hibernate.transaction.jta.platform' to enable JTA platform integration)
26-08-01 17:20:48.389 [Test worker] DEBUG org.hibernate.SQL - 
    drop table if exists binary_contents cascade 
26-08-01 17:20:48.392 [Test worker] DEBUG org.hibernate.SQL - 
    drop table if exists channels cascade 
26-08-01 17:20:48.393 [Test worker] DEBUG org.hibernate.SQL - 
    drop table if exists message_attachments cascade 
26-08-01 17:20:48.393 [Test worker] DEBUG org.hibernate.SQL - 
    drop table if exists messages cascade 
26-08-01 17:20:48.393 [Test worker] DEBUG org.hibernate.SQL - 
    drop table if exists read_statuses cascade 
26-08-01 17:20:48.393 [Test worker] DEBUG org.hibernate.SQL - 
    drop table if exists user_statuses cascade 
26-08-01 17:20:48.393 [Test worker] DEBUG org.hibernate.SQL - 
    drop table if exists users cascade 
26-08-01 17:20:48.397 [Test worker] DEBUG org.hibernate.SQL - 
    create table binary_contents (
        created_at timestamp(6) with time zone,
        size bigint not null,
        id uuid not null,
        content_type varchar(255),
        file_name varchar(255),
        primary key (id)
    )
26-08-01 17:20:48.401 [Test worker] DEBUG org.hibernate.SQL - 
    create table channels (
        created_at timestamp(6) with time zone,
        id uuid not null,
        description varchar(255),
        name varchar(255),
        type enum ('PRIVATE','PUBLIC'),
        primary key (id)
    )
26-08-01 17:20:48.403 [Test worker] DEBUG org.hibernate.SQL - 
    create table message_attachments (
        attachment_id uuid not null,
        message_id uuid not null
    )
26-08-01 17:20:48.403 [Test worker] DEBUG org.hibernate.SQL - 
    create table messages (
        created_at timestamp(6) with time zone,
        author_id uuid,
        channel_id uuid,
        id uuid not null,
        content varchar(255),
        primary key (id)
    )
26-08-01 17:20:48.405 [Test worker] DEBUG org.hibernate.SQL - 
    create table read_statuses (
        created_at timestamp(6) with time zone,
        last_read_at timestamp(6) with time zone,
        channel_id uuid,
        id uuid not null,
        user_id uuid,
        primary key (id)
    )
26-08-01 17:20:48.407 [Test worker] DEBUG org.hibernate.SQL - 
    create table user_statuses (
        created_at timestamp(6) with time zone,
        last_active_at timestamp(6) with time zone,
        id uuid not null,
        user_id uuid unique,
        primary key (id)
    )
26-08-01 17:20:48.409 [Test worker] DEBUG org.hibernate.SQL - 
    create table users (
        created_at timestamp(6) with time zone,
        id uuid not null,
        profile_id uuid unique,
        email varchar(255),
        password varchar(255),
        username varchar(255),
        primary key (id)
    )
26-08-01 17:20:48.411 [Test worker] DEBUG org.hibernate.SQL - 
    alter table if exists message_attachments 
       add constraint FKsd1m8rb8jcpbcnb7rpdue7ctc 
       foreign key (attachment_id) 
       references binary_contents
26-08-01 17:20:48.418 [Test worker] DEBUG org.hibernate.SQL - 
    alter table if exists message_attachments 
       add constraint FKj7twd218e2gqw9cmlhwvo1rth 
       foreign key (message_id) 
       references messages
26-08-01 17:20:48.419 [Test worker] DEBUG org.hibernate.SQL - 
    alter table if exists messages 
       add constraint FKowtlim26svclkatusptbgi7u1 
       foreign key (author_id) 
       references users
26-08-01 17:20:48.420 [Test worker] DEBUG org.hibernate.SQL - 
    alter table if exists messages 
       add constraint FK3u3ckbhwq9se1cmopk2pq05b2 
       foreign key (channel_id) 
       references channels
26-08-01 17:20:48.421 [Test worker] DEBUG org.hibernate.SQL - 
    alter table if exists read_statuses 
       add constraint FKa38ri44ml4gfdpklx4ahqr8gd 
       foreign key (channel_id) 
       references channels
26-08-01 17:20:48.422 [Test worker] DEBUG org.hibernate.SQL - 
    alter table if exists read_statuses 
       add constraint FKml3k4wr9sj5yxrmj6d0aoib2e 
       foreign key (user_id) 
       references users
26-08-01 17:20:48.423 [Test worker] DEBUG org.hibernate.SQL - 
    alter table if exists user_statuses 
       add constraint FK4lfl3ei2ubchgcxrrpo3pw4mm 
       foreign key (user_id) 
       references users
26-08-01 17:20:48.423 [Test worker] DEBUG org.hibernate.SQL - 
    alter table if exists users 
       add constraint FKtbudycgrip49xdptogmhfqnso 
       foreign key (profile_id) 
       references binary_contents
26-08-01 17:20:48.426 [Test worker] INFO  o.s.o.j.LocalContainerEntityManagerFactoryBean - Initialized JPA EntityManagerFactory for persistence unit 'default'
26-08-01 17:20:48.680 [Test worker] INFO  c.s.m.d.r.UserRepositoryTest - Started UserRepositoryTest in 1.867 seconds (process running for 2.392)
26-08-01 17:20:49.098 [Test worker] DEBUG org.hibernate.SQL - 
    /* <criteria> */ select
        u1_0.id,
        u1_0.created_at,
        u1_0.email,
        u1_0.password,
        u1_0.profile_id,
        u1_0.username 
    from
        users u1_0 
    where
        u1_0.email=?
26-08-01 17:20:49.102 [Test worker] TRACE org.hibernate.orm.jdbc.bind - binding parameter (1:VARCHAR) <- [nobody@example.com]
26-08-01 17:20:49.179 [Test worker] DEBUG org.hibernate.SQL - 
    /* insert for
        com.sprint.mission.discodeit.entity.User */insert 
    into
        users (created_at, email, password, profile_id, username, id) 
    values
        (?, ?, ?, ?, ?, ?)
26-08-01 17:20:49.180 [Test worker] TRACE org.hibernate.orm.jdbc.bind - binding parameter (1:TIMESTAMP_UTC) <- [2026-08-01T08:20:49.159734Z]
26-08-01 17:20:49.184 [Test worker] TRACE org.hibernate.orm.jdbc.bind - binding parameter (2:VARCHAR) <- [email@example.com]
26-08-01 17:20:49.187 [Test worker] TRACE org.hibernate.orm.jdbc.bind - binding parameter (3:VARCHAR) <- [password123!]
26-08-01 17:20:49.187 [Test worker] TRACE org.hibernate.orm.jdbc.bind - binding parameter (4:UUID) <- [null]
26-08-01 17:20:49.187 [Test worker] TRACE org.hibernate.orm.jdbc.bind - binding parameter (5:VARCHAR) <- [emailuser]
26-08-01 17:20:49.187 [Test worker] TRACE org.hibernate.orm.jdbc.bind - binding parameter (6:UUID) <- [9417913c-4d24-478e-a46b-3eb666cc94fd]
26-08-01 17:20:49.192 [Test worker] DEBUG org.hibernate.SQL - 
    /* <criteria> */ select
        u1_0.id,
        u1_0.created_at,
        u1_0.email,
        u1_0.password,
        u1_0.profile_id,
        u1_0.username 
    from
        users u1_0 
    where
        u1_0.email=?
26-08-01 17:20:49.193 [Test worker] TRACE org.hibernate.orm.jdbc.bind - binding parameter (1:VARCHAR) <- [email@example.com]
26-08-01 17:20:49.203 [Test worker] DEBUG org.hibernate.SQL - 
    /* insert for
        com.sprint.mission.discodeit.entity.User */insert 
    into
        users (created_at, email, password, profile_id, username, id) 
    values
        (?, ?, ?, ?, ?, ?)
26-08-01 17:20:49.203 [Test worker] TRACE org.hibernate.orm.jdbc.bind - binding parameter (1:TIMESTAMP_UTC) <- [2026-08-01T08:20:49.202751Z]
26-08-01 17:20:49.203 [Test worker] TRACE org.hibernate.orm.jdbc.bind - binding parameter (2:VARCHAR) <- [test@example.com]
26-08-01 17:20:49.204 [Test worker] TRACE org.hibernate.orm.jdbc.bind - binding parameter (3:VARCHAR) <- [password123!]
26-08-01 17:20:49.204 [Test worker] TRACE org.hibernate.orm.jdbc.bind - binding parameter (4:UUID) <- [null]
26-08-01 17:20:49.204 [Test worker] TRACE org.hibernate.orm.jdbc.bind - binding parameter (5:VARCHAR) <- [testuser]
26-08-01 17:20:49.204 [Test worker] TRACE org.hibernate.orm.jdbc.bind - binding parameter (6:UUID) <- [34605826-60f9-455c-8ea8-46ab18145708]
26-08-01 17:20:49.206 [Test worker] DEBUG org.hibernate.SQL - 
    /* <criteria> */ select
        u1_0.id,
        u1_0.created_at,
        u1_0.email,
        u1_0.password,
        u1_0.profile_id,
        u1_0.username 
    from
        users u1_0 
    where
        u1_0.username=?
26-08-01 17:20:49.207 [Test worker] TRACE org.hibernate.orm.jdbc.bind - binding parameter (1:VARCHAR) <- [testuser]
26-08-01 17:20:49.214 [Test worker] DEBUG org.hibernate.SQL - 
    /* <criteria> */ select
        u1_0.id,
        u1_0.created_at,
        u1_0.email,
        u1_0.password,
        u1_0.profile_id,
        u1_0.username 
    from
        users u1_0 
    where
        u1_0.username=?
26-08-01 17:20:49.215 [Test worker] TRACE org.hibernate.orm.jdbc.bind - binding parameter (1:VARCHAR) <- [nonexistent]
26-08-01 17:20:49.224 [SpringApplicationShutdownHook] INFO  o.s.o.j.LocalContainerEntityManagerFactoryBean - Closing JPA EntityManagerFactory for persistence unit 'default'
26-08-01 17:20:49.224 [SpringApplicationShutdownHook] DEBUG org.hibernate.SQL - 
    drop table if exists binary_contents cascade 
26-08-01 17:20:49.225 [SpringApplicationShutdownHook] DEBUG org.hibernate.SQL - 
    drop table if exists channels cascade 
26-08-01 17:20:49.226 [SpringApplicationShutdownHook] DEBUG org.hibernate.SQL - 
    drop table if exists message_attachments cascade 
26-08-01 17:20:49.226 [SpringApplicationShutdownHook] DEBUG org.hibernate.SQL - 
    drop table if exists messages cascade 
26-08-01 17:20:49.226 [SpringApplicationShutdownHook] DEBUG org.hibernate.SQL - 
    drop table if exists read_statuses cascade 
26-08-01 17:20:49.227 [SpringApplicationShutdownHook] DEBUG org.hibernate.SQL - 
    drop table if exists user_statuses cascade 
26-08-01 17:20:49.227 [SpringApplicationShutdownHook] DEBUG org.hibernate.SQL - 
    drop table if exists users cascade 
26-08-01 17:22:03.269 [background-preinit] INFO  o.h.validator.internal.util.Version - HV000001: Hibernate Validator 8.0.1.Final
26-08-01 17:22:03.299 [Test worker] INFO  c.s.m.d.r.MessageRepositoryTest - Starting MessageRepositoryTest using Java 17.0.19 with PID 85864 (started by jangjunseo in /Users/jangjunseo/Desktop/codei_13th_develop/13-sprint-mission)
26-08-01 17:22:03.300 [Test worker] INFO  c.s.m.d.r.MessageRepositoryTest - The following 1 profile is active: "test"
26-08-01 17:22:03.547 [Test worker] INFO  o.s.d.r.c.RepositoryConfigurationDelegate - Bootstrapping Spring Data JPA repositories in DEFAULT mode.
26-08-01 17:22:03.591 [Test worker] INFO  o.s.d.r.c.RepositoryConfigurationDelegate - Finished Spring Data repository scanning in 37 ms. Found 6 JPA repository interfaces.
26-08-01 17:22:03.626 [Test worker] INFO  o.s.b.t.a.j.TestDatabaseAutoConfiguration$EmbeddedDataSourceBeanFactoryPostProcessor - Replacing 'dataSource' DataSource bean with embedded version
26-08-01 17:22:03.699 [Test worker] INFO  o.s.j.d.e.EmbeddedDatabaseFactory - Starting embedded database: url='jdbc:h2:mem:98f95aca-2500-4800-9443-ef1036c8fdde;DB_CLOSE_DELAY=-1;DB_CLOSE_ON_EXIT=false', username='sa'
26-08-01 17:22:03.920 [Test worker] INFO  o.h.jpa.internal.util.LogHelper - HHH000204: Processing PersistenceUnitInfo [name: default]
26-08-01 17:22:03.961 [Test worker] INFO  org.hibernate.Version - HHH000412: Hibernate ORM core version 6.6.2.Final
26-08-01 17:22:03.982 [Test worker] INFO  o.h.c.i.RegionFactoryInitiator - HHH000026: Second-level cache disabled
26-08-01 17:22:04.117 [Test worker] INFO  o.s.o.j.p.SpringPersistenceUnitInfo - No LoadTimeWeaver setup: ignoring JPA class transformer
26-08-01 17:22:04.171 [Test worker] INFO  o.hibernate.orm.connections.pooling - HHH10001005: Database info:
	Database JDBC URL [Connecting through datasource 'org.springframework.jdbc.datasource.embedded.EmbeddedDatabaseFactory$EmbeddedDataSourceProxy@6141647f']
	Database driver: undefined/unknown
	Database version: 2.3.232
	Autocommit mode: undefined/unknown
	Isolation level: undefined/unknown
	Minimum pool size: undefined/unknown
	Maximum pool size: undefined/unknown
26-08-01 17:22:04.675 [Test worker] INFO  o.h.e.t.j.p.i.JtaPlatformInitiator - HHH000489: No JTA platform available (set 'hibernate.transaction.jta.platform' to enable JTA platform integration)
26-08-01 17:22:04.685 [Test worker] DEBUG org.hibernate.SQL - 
    drop table if exists binary_contents cascade 
26-08-01 17:22:04.687 [Test worker] DEBUG org.hibernate.SQL - 
    drop table if exists channels cascade 
26-08-01 17:22:04.687 [Test worker] DEBUG org.hibernate.SQL - 
    drop table if exists message_attachments cascade 
26-08-01 17:22:04.687 [Test worker] DEBUG org.hibernate.SQL - 
    drop table if exists messages cascade 
26-08-01 17:22:04.687 [Test worker] DEBUG org.hibernate.SQL - 
    drop table if exists read_statuses cascade 
26-08-01 17:22:04.688 [Test worker] DEBUG org.hibernate.SQL - 
    drop table if exists user_statuses cascade 
26-08-01 17:22:04.688 [Test worker] DEBUG org.hibernate.SQL - 
    drop table if exists users cascade 
26-08-01 17:22:04.693 [Test worker] DEBUG org.hibernate.SQL - 
    create table binary_contents (
        created_at timestamp(6) with time zone,
        size bigint not null,
        id uuid not null,
        content_type varchar(255),
        file_name varchar(255),
        primary key (id)
    )
26-08-01 17:22:04.699 [Test worker] DEBUG org.hibernate.SQL - 
    create table channels (
        created_at timestamp(6) with time zone,
        id uuid not null,
        description varchar(255),
        name varchar(255),
        type enum ('PRIVATE','PUBLIC'),
        primary key (id)
    )
26-08-01 17:22:04.702 [Test worker] DEBUG org.hibernate.SQL - 
    create table message_attachments (
        attachment_id uuid not null,
        message_id uuid not null
    )
26-08-01 17:22:04.703 [Test worker] DEBUG org.hibernate.SQL - 
    create table messages (
        created_at timestamp(6) with time zone,
        author_id uuid,
        channel_id uuid,
        id uuid not null,
        content varchar(255),
        primary key (id)
    )
26-08-01 17:22:04.705 [Test worker] DEBUG org.hibernate.SQL - 
    create table read_statuses (
        created_at timestamp(6) with time zone,
        last_read_at timestamp(6) with time zone,
        channel_id uuid,
        id uuid not null,
        user_id uuid,
        primary key (id)
    )
26-08-01 17:22:04.706 [Test worker] DEBUG org.hibernate.SQL - 
    create table user_statuses (
        created_at timestamp(6) with time zone,
        last_active_at timestamp(6) with time zone,
        id uuid not null,
        user_id uuid unique,
        primary key (id)
    )
26-08-01 17:22:04.708 [Test worker] DEBUG org.hibernate.SQL - 
    create table users (
        created_at timestamp(6) with time zone,
        id uuid not null,
        profile_id uuid unique,
        email varchar(255),
        password varchar(255),
        username varchar(255),
        primary key (id)
    )
26-08-01 17:22:04.710 [Test worker] DEBUG org.hibernate.SQL - 
    alter table if exists message_attachments 
       add constraint FKsd1m8rb8jcpbcnb7rpdue7ctc 
       foreign key (attachment_id) 
       references binary_contents
26-08-01 17:22:04.717 [Test worker] DEBUG org.hibernate.SQL - 
    alter table if exists message_attachments 
       add constraint FKj7twd218e2gqw9cmlhwvo1rth 
       foreign key (message_id) 
       references messages
26-08-01 17:22:04.718 [Test worker] DEBUG org.hibernate.SQL - 
    alter table if exists messages 
       add constraint FKowtlim26svclkatusptbgi7u1 
       foreign key (author_id) 
       references users
26-08-01 17:22:04.720 [Test worker] DEBUG org.hibernate.SQL - 
    alter table if exists messages 
       add constraint FK3u3ckbhwq9se1cmopk2pq05b2 
       foreign key (channel_id) 
       references channels
26-08-01 17:22:04.721 [Test worker] DEBUG org.hibernate.SQL - 
    alter table if exists read_statuses 
       add constraint FKa38ri44ml4gfdpklx4ahqr8gd 
       foreign key (channel_id) 
       references channels
26-08-01 17:22:04.722 [Test worker] DEBUG org.hibernate.SQL - 
    alter table if exists read_statuses 
       add constraint FKml3k4wr9sj5yxrmj6d0aoib2e 
       foreign key (user_id) 
       references users
26-08-01 17:22:04.724 [Test worker] DEBUG org.hibernate.SQL - 
    alter table if exists user_statuses 
       add constraint FK4lfl3ei2ubchgcxrrpo3pw4mm 
       foreign key (user_id) 
       references users
26-08-01 17:22:04.725 [Test worker] DEBUG org.hibernate.SQL - 
    alter table if exists users 
       add constraint FKtbudycgrip49xdptogmhfqnso 
       foreign key (profile_id) 
       references binary_contents
26-08-01 17:22:04.728 [Test worker] INFO  o.s.o.j.LocalContainerEntityManagerFactoryBean - Initialized JPA EntityManagerFactory for persistence unit 'default'
26-08-01 17:22:04.999 [Test worker] INFO  c.s.m.d.r.MessageRepositoryTest - Started MessageRepositoryTest in 1.924 seconds (process running for 2.562)
26-08-01 17:22:05.357 [Test worker] DEBUG org.hibernate.SQL - 
    /* insert for
        com.sprint.mission.discodeit.entity.User */insert 
    into
        users (created_at, email, password, profile_id, username, id) 
    values
        (?, ?, ?, ?, ?, ?)
26-08-01 17:22:05.363 [Test worker] TRACE org.hibernate.orm.jdbc.bind - binding parameter (1:TIMESTAMP_UTC) <- [2026-08-01T08:22:05.326943Z]
26-08-01 17:22:05.371 [Test worker] TRACE org.hibernate.orm.jdbc.bind - binding parameter (2:VARCHAR) <- [writer2@example.com]
26-08-01 17:22:05.372 [Test worker] TRACE org.hibernate.orm.jdbc.bind - binding parameter (3:VARCHAR) <- [pw123456789!]
26-08-01 17:22:05.372 [Test worker] TRACE org.hibernate.orm.jdbc.bind - binding parameter (4:UUID) <- [null]
26-08-01 17:22:05.372 [Test worker] TRACE org.hibernate.orm.jdbc.bind - binding parameter (5:VARCHAR) <- [writer2]
26-08-01 17:22:05.372 [Test worker] TRACE org.hibernate.orm.jdbc.bind - binding parameter (6:UUID) <- [1f335cc7-8917-4f67-b69d-309ed6331909]
26-08-01 17:22:05.385 [Test worker] DEBUG org.hibernate.SQL - 
    /* insert for
        com.sprint.mission.discodeit.entity.Channel */insert 
    into
        channels (created_at, description, name, type, id) 
    values
        (?, ?, ?, ?, ?)
26-08-01 17:22:05.386 [Test worker] TRACE org.hibernate.orm.jdbc.bind - binding parameter (1:TIMESTAMP_UTC) <- [2026-08-01T08:22:05.339501Z]
26-08-01 17:22:05.386 [Test worker] TRACE org.hibernate.orm.jdbc.bind - binding parameter (2:VARCHAR) <- [설명]
26-08-01 17:22:05.386 [Test worker] TRACE org.hibernate.orm.jdbc.bind - binding parameter (3:VARCHAR) <- [공지2]
26-08-01 17:22:05.386 [Test worker] TRACE org.hibernate.orm.jdbc.bind - binding parameter (4:ENUM) <- [PUBLIC]
26-08-01 17:22:05.386 [Test worker] TRACE org.hibernate.orm.jdbc.bind - binding parameter (5:UUID) <- [401530ee-8889-4111-8a88-d1e351bbbfea]
26-08-01 17:22:05.387 [Test worker] DEBUG org.hibernate.SQL - 
    /* insert for
        com.sprint.mission.discodeit.entity.Message */insert 
    into
        messages (author_id, channel_id, content, created_at, id) 
    values
        (?, ?, ?, ?, ?)
26-08-01 17:22:05.388 [Test worker] TRACE org.hibernate.orm.jdbc.bind - binding parameter (1:UUID) <- [1f335cc7-8917-4f67-b69d-309ed6331909]
26-08-01 17:22:05.388 [Test worker] TRACE org.hibernate.orm.jdbc.bind - binding parameter (2:UUID) <- [401530ee-8889-4111-8a88-d1e351bbbfea]
26-08-01 17:22:05.388 [Test worker] TRACE org.hibernate.orm.jdbc.bind - binding parameter (3:VARCHAR) <- [첫번째]
26-08-01 17:22:05.388 [Test worker] TRACE org.hibernate.orm.jdbc.bind - binding parameter (4:TIMESTAMP_UTC) <- [2026-08-01T08:22:05.341976Z]
26-08-01 17:22:05.388 [Test worker] TRACE org.hibernate.orm.jdbc.bind - binding parameter (5:UUID) <- [588175c5-6635-471b-90ea-636bf3920c48]
26-08-01 17:22:05.424 [Test worker] DEBUG org.hibernate.SQL - 
    /* insert for
        com.sprint.mission.discodeit.entity.Message */insert 
    into
        messages (author_id, channel_id, content, created_at, id) 
    values
        (?, ?, ?, ?, ?)
26-08-01 17:22:05.425 [Test worker] TRACE org.hibernate.orm.jdbc.bind - binding parameter (1:UUID) <- [1f335cc7-8917-4f67-b69d-309ed6331909]
26-08-01 17:22:05.425 [Test worker] TRACE org.hibernate.orm.jdbc.bind - binding parameter (2:UUID) <- [401530ee-8889-4111-8a88-d1e351bbbfea]
26-08-01 17:22:05.425 [Test worker] TRACE org.hibernate.orm.jdbc.bind - binding parameter (3:VARCHAR) <- [두번째]
26-08-01 17:22:05.425 [Test worker] TRACE org.hibernate.orm.jdbc.bind - binding parameter (4:TIMESTAMP_UTC) <- [2026-08-01T08:22:05.422616Z]
26-08-01 17:22:05.426 [Test worker] TRACE org.hibernate.orm.jdbc.bind - binding parameter (5:UUID) <- [e4a78079-9d6e-4a40-87ab-5dde75d9955d]
26-08-01 17:22:05.503 [Test worker] DEBUG org.hibernate.SQL - 
    /* <criteria> */ select
        m1_0.id,
        a1_0.id,
        a1_0.created_at,
        a1_0.email,
        a1_0.password,
        p1_0.id,
        p1_0.content_type,
        p1_0.created_at,
        p1_0.file_name,
        p1_0.size,
        a1_0.username,
        us1_0.id,
        us1_0.created_at,
        us1_0.last_active_at,
        c2_0.id,
        c2_0.created_at,
        c2_0.description,
        c2_0.name,
        c2_0.type,
        m1_0.content,
        m1_0.created_at 
    from
        messages m1_0 
    left join
        users a1_0 
            on a1_0.id=m1_0.author_id 
    left join
        binary_contents p1_0 
            on p1_0.id=a1_0.profile_id 
    left join
        user_statuses us1_0 
            on a1_0.id=us1_0.user_id 
    left join
        channels c2_0 
            on c2_0.id=m1_0.channel_id 
    where
        m1_0.channel_id=? 
        and m1_0.created_at<? 
    order by
        m1_0.created_at desc 
    fetch
        first ? rows only
26-08-01 17:22:05.505 [Test worker] TRACE org.hibernate.orm.jdbc.bind - binding parameter (1:UUID) <- [401530ee-8889-4111-8a88-d1e351bbbfea]
26-08-01 17:22:05.506 [Test worker] TRACE org.hibernate.orm.jdbc.bind - binding parameter (2:TIMESTAMP_UTC) <- [2026-08-01T08:22:05.409612Z]
26-08-01 17:22:05.506 [Test worker] TRACE org.hibernate.orm.jdbc.bind - binding parameter (3:INTEGER) <- [11]
26-08-01 17:22:05.566 [Test worker] DEBUG org.hibernate.SQL - 
    /* insert for
        com.sprint.mission.discodeit.entity.User */insert 
    into
        users (created_at, email, password, profile_id, username, id) 
    values
        (?, ?, ?, ?, ?, ?)
26-08-01 17:22:05.567 [Test worker] TRACE org.hibernate.orm.jdbc.bind - binding parameter (1:TIMESTAMP_UTC) <- [2026-08-01T08:22:05.566100Z]
26-08-01 17:22:05.567 [Test worker] TRACE org.hibernate.orm.jdbc.bind - binding parameter (2:VARCHAR) <- [writer3@example.com]
26-08-01 17:22:05.567 [Test worker] TRACE org.hibernate.orm.jdbc.bind - binding parameter (3:VARCHAR) <- [pw123456789!]
26-08-01 17:22:05.567 [Test worker] TRACE org.hibernate.orm.jdbc.bind - binding parameter (4:UUID) <- [null]
26-08-01 17:22:05.567 [Test worker] TRACE org.hibernate.orm.jdbc.bind - binding parameter (5:VARCHAR) <- [writer3]
26-08-01 17:22:05.567 [Test worker] TRACE org.hibernate.orm.jdbc.bind - binding parameter (6:UUID) <- [87c1aed9-6854-466a-a185-a92b9f6877c9]
26-08-01 17:22:05.569 [Test worker] DEBUG org.hibernate.SQL - 
    /* insert for
        com.sprint.mission.discodeit.entity.Channel */insert 
    into
        channels (created_at, description, name, type, id) 
    values
        (?, ?, ?, ?, ?)
26-08-01 17:22:05.569 [Test worker] TRACE org.hibernate.orm.jdbc.bind - binding parameter (1:TIMESTAMP_UTC) <- [2026-08-01T08:22:05.566359Z]
26-08-01 17:22:05.570 [Test worker] TRACE org.hibernate.orm.jdbc.bind - binding parameter (2:VARCHAR) <- [설명]
26-08-01 17:22:05.570 [Test worker] TRACE org.hibernate.orm.jdbc.bind - binding parameter (3:VARCHAR) <- [공지3]
26-08-01 17:22:05.570 [Test worker] TRACE org.hibernate.orm.jdbc.bind - binding parameter (4:ENUM) <- [PUBLIC]
26-08-01 17:22:05.570 [Test worker] TRACE org.hibernate.orm.jdbc.bind - binding parameter (5:UUID) <- [d24c959a-f6c1-48d7-ba9c-c94ae007c06a]
26-08-01 17:22:05.573 [Test worker] DEBUG org.hibernate.SQL - 
    /* <criteria> */ select
        m1_0.id,
        a1_0.id,
        a1_0.created_at,
        a1_0.email,
        a1_0.password,
        p1_0.id,
        p1_0.content_type,
        p1_0.created_at,
        p1_0.file_name,
        p1_0.size,
        a1_0.username,
        us1_0.id,
        us1_0.created_at,
        us1_0.last_active_at,
        c2_0.id,
        c2_0.created_at,
        c2_0.description,
        c2_0.name,
        c2_0.type,
        m1_0.content,
        m1_0.created_at 
    from
        messages m1_0 
    left join
        users a1_0 
            on a1_0.id=m1_0.author_id 
    left join
        binary_contents p1_0 
            on p1_0.id=a1_0.profile_id 
    left join
        user_statuses us1_0 
            on a1_0.id=us1_0.user_id 
    left join
        channels c2_0 
            on c2_0.id=m1_0.channel_id 
    where
        m1_0.channel_id=? 
        and m1_0.created_at<? 
    fetch
        first ? rows only
26-08-01 17:22:05.574 [Test worker] TRACE org.hibernate.orm.jdbc.bind - binding parameter (1:UUID) <- [d24c959a-f6c1-48d7-ba9c-c94ae007c06a]
26-08-01 17:22:05.575 [Test worker] TRACE org.hibernate.orm.jdbc.bind - binding parameter (2:TIMESTAMP_UTC) <- [2026-08-01T07:22:05.571098Z]
26-08-01 17:22:05.575 [Test worker] TRACE org.hibernate.orm.jdbc.bind - binding parameter (3:INTEGER) <- [11]
26-08-01 17:22:05.595 [Test worker] DEBUG org.hibernate.SQL - 
    /* insert for
        com.sprint.mission.discodeit.entity.User */insert 
    into
        users (created_at, email, password, profile_id, username, id) 
    values
        (?, ?, ?, ?, ?, ?)
26-08-01 17:22:05.596 [Test worker] TRACE org.hibernate.orm.jdbc.bind - binding parameter (1:TIMESTAMP_UTC) <- [2026-08-01T08:22:05.592775Z]
26-08-01 17:22:05.596 [Test worker] TRACE org.hibernate.orm.jdbc.bind - binding parameter (2:VARCHAR) <- [writer@example.com]
26-08-01 17:22:05.596 [Test worker] TRACE org.hibernate.orm.jdbc.bind - binding parameter (3:VARCHAR) <- [pw123456789!]
26-08-01 17:22:05.596 [Test worker] TRACE org.hibernate.orm.jdbc.bind - binding parameter (4:UUID) <- [null]
26-08-01 17:22:05.596 [Test worker] TRACE org.hibernate.orm.jdbc.bind - binding parameter (5:VARCHAR) <- [writer]
26-08-01 17:22:05.596 [Test worker] TRACE org.hibernate.orm.jdbc.bind - binding parameter (6:UUID) <- [4a5aad6b-0d6b-4dc2-84df-e8f13fb921c5]
26-08-01 17:22:05.599 [Test worker] DEBUG org.hibernate.SQL - 
    /* insert for
        com.sprint.mission.discodeit.entity.Channel */insert 
    into
        channels (created_at, description, name, type, id) 
    values
        (?, ?, ?, ?, ?)
26-08-01 17:22:05.599 [Test worker] TRACE org.hibernate.orm.jdbc.bind - binding parameter (1:TIMESTAMP_UTC) <- [2026-08-01T08:22:05.593471Z]
26-08-01 17:22:05.599 [Test worker] TRACE org.hibernate.orm.jdbc.bind - binding parameter (2:VARCHAR) <- [설명]
26-08-01 17:22:05.599 [Test worker] TRACE org.hibernate.orm.jdbc.bind - binding parameter (3:VARCHAR) <- [공지]
26-08-01 17:22:05.599 [Test worker] TRACE org.hibernate.orm.jdbc.bind - binding parameter (4:ENUM) <- [PUBLIC]
26-08-01 17:22:05.599 [Test worker] TRACE org.hibernate.orm.jdbc.bind - binding parameter (5:UUID) <- [362d7c9d-c2e9-4511-bd0b-8c414611dc21]
26-08-01 17:22:05.600 [Test worker] DEBUG org.hibernate.SQL - 
    /* insert for
        com.sprint.mission.discodeit.entity.Message */insert 
    into
        messages (author_id, channel_id, content, created_at, id) 
    values
        (?, ?, ?, ?, ?)
26-08-01 17:22:05.600 [Test worker] TRACE org.hibernate.orm.jdbc.bind - binding parameter (1:UUID) <- [4a5aad6b-0d6b-4dc2-84df-e8f13fb921c5]
26-08-01 17:22:05.600 [Test worker] TRACE org.hibernate.orm.jdbc.bind - binding parameter (2:UUID) <- [362d7c9d-c2e9-4511-bd0b-8c414611dc21]
26-08-01 17:22:05.600 [Test worker] TRACE org.hibernate.orm.jdbc.bind - binding parameter (3:VARCHAR) <- [내용0]
26-08-01 17:22:05.600 [Test worker] TRACE org.hibernate.orm.jdbc.bind - binding parameter (4:TIMESTAMP_UTC) <- [2026-08-01T08:22:05.594446Z]
26-08-01 17:22:05.600 [Test worker] TRACE org.hibernate.orm.jdbc.bind - binding parameter (5:UUID) <- [5c1d3488-c858-4604-bf9b-e68ac19c6b7e]
26-08-01 17:22:05.602 [Test worker] DEBUG org.hibernate.SQL - 
    /* insert for
        com.sprint.mission.discodeit.entity.Message */insert 
    into
        messages (author_id, channel_id, content, created_at, id) 
    values
        (?, ?, ?, ?, ?)
26-08-01 17:22:05.602 [Test worker] TRACE org.hibernate.orm.jdbc.bind - binding parameter (1:UUID) <- [4a5aad6b-0d6b-4dc2-84df-e8f13fb921c5]
26-08-01 17:22:05.603 [Test worker] TRACE org.hibernate.orm.jdbc.bind - binding parameter (2:UUID) <- [362d7c9d-c2e9-4511-bd0b-8c414611dc21]
26-08-01 17:22:05.603 [Test worker] TRACE org.hibernate.orm.jdbc.bind - binding parameter (3:VARCHAR) <- [내용1]
26-08-01 17:22:05.603 [Test worker] TRACE org.hibernate.orm.jdbc.bind - binding parameter (4:TIMESTAMP_UTC) <- [2026-08-01T08:22:05.595006Z]
26-08-01 17:22:05.603 [Test worker] TRACE org.hibernate.orm.jdbc.bind - binding parameter (5:UUID) <- [a2b98131-8168-45f8-a2fa-9c0862c55d7c]
26-08-01 17:22:05.604 [Test worker] DEBUG org.hibernate.SQL - 
    /* insert for
        com.sprint.mission.discodeit.entity.Message */insert 
    into
        messages (author_id, channel_id, content, created_at, id) 
    values
        (?, ?, ?, ?, ?)
26-08-01 17:22:05.604 [Test worker] TRACE org.hibernate.orm.jdbc.bind - binding parameter (1:UUID) <- [4a5aad6b-0d6b-4dc2-84df-e8f13fb921c5]
26-08-01 17:22:05.604 [Test worker] TRACE org.hibernate.orm.jdbc.bind - binding parameter (2:UUID) <- [362d7c9d-c2e9-4511-bd0b-8c414611dc21]
26-08-01 17:22:05.604 [Test worker] TRACE org.hibernate.orm.jdbc.bind - binding parameter (3:VARCHAR) <- [내용2]
26-08-01 17:22:05.605 [Test worker] TRACE org.hibernate.orm.jdbc.bind - binding parameter (4:TIMESTAMP_UTC) <- [2026-08-01T08:22:05.595162Z]
26-08-01 17:22:05.605 [Test worker] TRACE org.hibernate.orm.jdbc.bind - binding parameter (5:UUID) <- [2feec873-67fa-4ab2-b374-d97c0969d81c]
26-08-01 17:22:05.607 [Test worker] DEBUG org.hibernate.SQL - 
    /* <criteria> */ select
        m1_0.id,
        a1_0.id,
        a1_0.created_at,
        a1_0.email,
        a1_0.password,
        p1_0.id,
        p1_0.content_type,
        p1_0.created_at,
        p1_0.file_name,
        p1_0.size,
        a1_0.username,
        us1_0.id,
        us1_0.created_at,
        us1_0.last_active_at,
        c2_0.id,
        c2_0.created_at,
        c2_0.description,
        c2_0.name,
        c2_0.type,
        m1_0.content,
        m1_0.created_at 
    from
        messages m1_0 
    left join
        users a1_0 
            on a1_0.id=m1_0.author_id 
    left join
        binary_contents p1_0 
            on p1_0.id=a1_0.profile_id 
    left join
        user_statuses us1_0 
            on a1_0.id=us1_0.user_id 
    left join
        channels c2_0 
            on c2_0.id=m1_0.channel_id 
    where
        m1_0.channel_id=? 
    order by
        m1_0.created_at desc 
    fetch
        first ? rows only
26-08-01 17:22:05.609 [Test worker] TRACE org.hibernate.orm.jdbc.bind - binding parameter (1:UUID) <- [362d7c9d-c2e9-4511-bd0b-8c414611dc21]
26-08-01 17:22:05.610 [Test worker] TRACE org.hibernate.orm.jdbc.bind - binding parameter (2:INTEGER) <- [11]
26-08-01 17:22:05.618 [Test worker] DEBUG org.hibernate.SQL - 
    /* <criteria> */ select
        m1_0.id,
        a1_0.id,
        a1_0.created_at,
        a1_0.email,
        a1_0.password,
        p1_0.id,
        p1_0.content_type,
        p1_0.created_at,
        p1_0.file_name,
        p1_0.size,
        a1_0.username,
        us1_0.id,
        us1_0.created_at,
        us1_0.last_active_at,
        c2_0.id,
        c2_0.created_at,
        c2_0.description,
        c2_0.name,
        c2_0.type,
        m1_0.content,
        m1_0.created_at 
    from
        messages m1_0 
    left join
        users a1_0 
            on a1_0.id=m1_0.author_id 
    left join
        binary_contents p1_0 
            on p1_0.id=a1_0.profile_id 
    left join
        user_statuses us1_0 
            on a1_0.id=us1_0.user_id 
    left join
        channels c2_0 
            on c2_0.id=m1_0.channel_id 
    where
        m1_0.channel_id=? 
    fetch
        first ? rows only
26-08-01 17:22:05.619 [Test worker] TRACE org.hibernate.orm.jdbc.bind - binding parameter (1:UUID) <- [74f2bea5-41c6-4526-98c1-e6390d511560]
26-08-01 17:22:05.619 [Test worker] TRACE org.hibernate.orm.jdbc.bind - binding parameter (2:INTEGER) <- [11]
26-08-01 17:22:05.637 [SpringApplicationShutdownHook] INFO  o.s.o.j.LocalContainerEntityManagerFactoryBean - Closing JPA EntityManagerFactory for persistence unit 'default'
26-08-01 17:22:05.638 [SpringApplicationShutdownHook] DEBUG org.hibernate.SQL - 
    drop table if exists binary_contents cascade 
26-08-01 17:22:05.640 [SpringApplicationShutdownHook] DEBUG org.hibernate.SQL - 
    drop table if exists channels cascade 
26-08-01 17:22:05.641 [SpringApplicationShutdownHook] DEBUG org.hibernate.SQL - 
    drop table if exists message_attachments cascade 
26-08-01 17:22:05.641 [SpringApplicationShutdownHook] DEBUG org.hibernate.SQL - 
    drop table if exists messages cascade 
26-08-01 17:22:05.641 [SpringApplicationShutdownHook] DEBUG org.hibernate.SQL - 
    drop table if exists read_statuses cascade 
26-08-01 17:22:05.641 [SpringApplicationShutdownHook] DEBUG org.hibernate.SQL - 
    drop table if exists user_statuses cascade 
26-08-01 17:22:05.642 [SpringApplicationShutdownHook] DEBUG org.hibernate.SQL - 
    drop table if exists users cascade 
26-08-01 17:25:16.253 [background-preinit] INFO  o.h.validator.internal.util.Version - HV000001: Hibernate Validator 8.0.1.Final
26-08-01 17:25:16.286 [Test worker] INFO  c.s.m.d.r.ChannelRepositoryTest - Starting ChannelRepositoryTest using Java 17.0.19 with PID 85957 (started by jangjunseo in /Users/jangjunseo/Desktop/codei_13th_develop/13-sprint-mission)
26-08-01 17:25:16.287 [Test worker] INFO  c.s.m.d.r.ChannelRepositoryTest - The following 1 profile is active: "test"
26-08-01 17:25:16.544 [Test worker] INFO  o.s.d.r.c.RepositoryConfigurationDelegate - Bootstrapping Spring Data JPA repositories in DEFAULT mode.
26-08-01 17:25:16.592 [Test worker] INFO  o.s.d.r.c.RepositoryConfigurationDelegate - Finished Spring Data repository scanning in 41 ms. Found 6 JPA repository interfaces.
26-08-01 17:25:16.627 [Test worker] INFO  o.s.b.t.a.j.TestDatabaseAutoConfiguration$EmbeddedDataSourceBeanFactoryPostProcessor - Replacing 'dataSource' DataSource bean with embedded version
26-08-01 17:25:16.703 [Test worker] INFO  o.s.j.d.e.EmbeddedDatabaseFactory - Starting embedded database: url='jdbc:h2:mem:6adb06f2-e431-4046-b68e-3c9b69fd118e;DB_CLOSE_DELAY=-1;DB_CLOSE_ON_EXIT=false', username='sa'
26-08-01 17:25:16.942 [Test worker] INFO  o.h.jpa.internal.util.LogHelper - HHH000204: Processing PersistenceUnitInfo [name: default]
26-08-01 17:25:16.987 [Test worker] INFO  org.hibernate.Version - HHH000412: Hibernate ORM core version 6.6.2.Final
26-08-01 17:25:17.010 [Test worker] INFO  o.h.c.i.RegionFactoryInitiator - HHH000026: Second-level cache disabled
26-08-01 17:25:17.153 [Test worker] INFO  o.s.o.j.p.SpringPersistenceUnitInfo - No LoadTimeWeaver setup: ignoring JPA class transformer
26-08-01 17:25:17.208 [Test worker] INFO  o.hibernate.orm.connections.pooling - HHH10001005: Database info:
	Database JDBC URL [Connecting through datasource 'org.springframework.jdbc.datasource.embedded.EmbeddedDatabaseFactory$EmbeddedDataSourceProxy@191e654']
	Database driver: undefined/unknown
	Database version: 2.3.232
	Autocommit mode: undefined/unknown
	Isolation level: undefined/unknown
	Minimum pool size: undefined/unknown
	Maximum pool size: undefined/unknown
26-08-01 17:25:17.783 [Test worker] INFO  o.h.e.t.j.p.i.JtaPlatformInitiator - HHH000489: No JTA platform available (set 'hibernate.transaction.jta.platform' to enable JTA platform integration)
26-08-01 17:25:17.796 [Test worker] DEBUG org.hibernate.SQL - 
    drop table if exists binary_contents cascade 
26-08-01 17:25:17.800 [Test worker] DEBUG org.hibernate.SQL - 
    drop table if exists channels cascade 
26-08-01 17:25:17.800 [Test worker] DEBUG org.hibernate.SQL - 
    drop table if exists message_attachments cascade 
26-08-01 17:25:17.800 [Test worker] DEBUG org.hibernate.SQL - 
    drop table if exists messages cascade 
26-08-01 17:25:17.801 [Test worker] DEBUG org.hibernate.SQL - 
    drop table if exists read_statuses cascade 
26-08-01 17:25:17.802 [Test worker] DEBUG org.hibernate.SQL - 
    drop table if exists user_statuses cascade 
26-08-01 17:25:17.802 [Test worker] DEBUG org.hibernate.SQL - 
    drop table if exists users cascade 
26-08-01 17:25:17.805 [Test worker] DEBUG org.hibernate.SQL - 
    create table binary_contents (
        created_at timestamp(6) with time zone,
        size bigint not null,
        id uuid not null,
        content_type varchar(255),
        file_name varchar(255),
        primary key (id)
    )
26-08-01 17:25:17.813 [Test worker] DEBUG org.hibernate.SQL - 
    create table channels (
        created_at timestamp(6) with time zone,
        id uuid not null,
        description varchar(255),
        name varchar(255),
        type enum ('PRIVATE','PUBLIC'),
        primary key (id)
    )
26-08-01 17:25:17.815 [Test worker] DEBUG org.hibernate.SQL - 
    create table message_attachments (
        attachment_id uuid not null,
        message_id uuid not null
    )
26-08-01 17:25:17.817 [Test worker] DEBUG org.hibernate.SQL - 
    create table messages (
        created_at timestamp(6) with time zone,
        author_id uuid,
        channel_id uuid,
        id uuid not null,
        content varchar(255),
        primary key (id)
    )
26-08-01 17:25:17.820 [Test worker] DEBUG org.hibernate.SQL - 
    create table read_statuses (
        created_at timestamp(6) with time zone,
        last_read_at timestamp(6) with time zone,
        channel_id uuid,
        id uuid not null,
        user_id uuid,
        primary key (id)
    )
26-08-01 17:25:17.822 [Test worker] DEBUG org.hibernate.SQL - 
    create table user_statuses (
        created_at timestamp(6) with time zone,
        last_active_at timestamp(6) with time zone,
        id uuid not null,
        user_id uuid unique,
        primary key (id)
    )
26-08-01 17:25:17.824 [Test worker] DEBUG org.hibernate.SQL - 
    create table users (
        created_at timestamp(6) with time zone,
        id uuid not null,
        profile_id uuid unique,
        email varchar(255),
        password varchar(255),
        username varchar(255),
        primary key (id)
    )
26-08-01 17:25:17.827 [Test worker] DEBUG org.hibernate.SQL - 
    alter table if exists message_attachments 
       add constraint FKsd1m8rb8jcpbcnb7rpdue7ctc 
       foreign key (attachment_id) 
       references binary_contents
26-08-01 17:25:17.842 [Test worker] DEBUG org.hibernate.SQL - 
    alter table if exists message_attachments 
       add constraint FKj7twd218e2gqw9cmlhwvo1rth 
       foreign key (message_id) 
       references messages
26-08-01 17:25:17.844 [Test worker] DEBUG org.hibernate.SQL - 
    alter table if exists messages 
       add constraint FKowtlim26svclkatusptbgi7u1 
       foreign key (author_id) 
       references users
26-08-01 17:25:17.845 [Test worker] DEBUG org.hibernate.SQL - 
    alter table if exists messages 
       add constraint FK3u3ckbhwq9se1cmopk2pq05b2 
       foreign key (channel_id) 
       references channels
26-08-01 17:25:17.846 [Test worker] DEBUG org.hibernate.SQL - 
    alter table if exists read_statuses 
       add constraint FKa38ri44ml4gfdpklx4ahqr8gd 
       foreign key (channel_id) 
       references channels
26-08-01 17:25:17.847 [Test worker] DEBUG org.hibernate.SQL - 
    alter table if exists read_statuses 
       add constraint FKml3k4wr9sj5yxrmj6d0aoib2e 
       foreign key (user_id) 
       references users
26-08-01 17:25:17.848 [Test worker] DEBUG org.hibernate.SQL - 
    alter table if exists user_statuses 
       add constraint FK4lfl3ei2ubchgcxrrpo3pw4mm 
       foreign key (user_id) 
       references users
26-08-01 17:25:17.849 [Test worker] DEBUG org.hibernate.SQL - 
    alter table if exists users 
       add constraint FKtbudycgrip49xdptogmhfqnso 
       foreign key (profile_id) 
       references binary_contents
26-08-01 17:25:17.852 [Test worker] INFO  o.s.o.j.LocalContainerEntityManagerFactoryBean - Initialized JPA EntityManagerFactory for persistence unit 'default'
26-08-01 17:25:18.206 [Test worker] INFO  c.s.m.d.r.ChannelRepositoryTest - Started ChannelRepositoryTest in 2.176 seconds (process running for 3.454)
26-08-01 17:25:18.597 [Test worker] DEBUG org.hibernate.SQL - 
    /* insert for
        com.sprint.mission.discodeit.entity.Channel */insert 
    into
        channels (created_at, description, name, type, id) 
    values
        (?, ?, ?, ?, ?)
26-08-01 17:25:18.603 [Test worker] TRACE org.hibernate.orm.jdbc.bind - binding parameter (1:TIMESTAMP_UTC) <- [2026-08-01T08:25:18.575722Z]
26-08-01 17:25:18.606 [Test worker] TRACE org.hibernate.orm.jdbc.bind - binding parameter (2:VARCHAR) <- [설명]
26-08-01 17:25:18.606 [Test worker] TRACE org.hibernate.orm.jdbc.bind - binding parameter (3:VARCHAR) <- [공지]
26-08-01 17:25:18.606 [Test worker] TRACE org.hibernate.orm.jdbc.bind - binding parameter (4:ENUM) <- [PUBLIC]
26-08-01 17:25:18.607 [Test worker] TRACE org.hibernate.orm.jdbc.bind - binding parameter (5:UUID) <- [30b40b70-2f69-4316-8018-d2f790535abb]
26-08-01 17:25:18.689 [Test worker] DEBUG org.hibernate.SQL - 
    select
        c1_0.id,
        c1_0.created_at,
        c1_0.description,
        c1_0.name,
        c1_0.type 
    from
        channels c1_0 
    where
        c1_0.id=?
26-08-01 17:25:18.690 [Test worker] TRACE org.hibernate.orm.jdbc.bind - binding parameter (1:UUID) <- [cbf7fa41-0cc5-416d-9691-6fed3e3b3412]
26-08-01 17:25:18.713 [SpringApplicationShutdownHook] INFO  o.s.o.j.LocalContainerEntityManagerFactoryBean - Closing JPA EntityManagerFactory for persistence unit 'default'
26-08-01 17:25:18.713 [SpringApplicationShutdownHook] DEBUG org.hibernate.SQL - 
    drop table if exists binary_contents cascade 
26-08-01 17:25:18.714 [SpringApplicationShutdownHook] DEBUG org.hibernate.SQL - 
    drop table if exists channels cascade 
26-08-01 17:25:18.715 [SpringApplicationShutdownHook] DEBUG org.hibernate.SQL - 
    drop table if exists message_attachments cascade 
26-08-01 17:25:18.715 [SpringApplicationShutdownHook] DEBUG org.hibernate.SQL - 
    drop table if exists messages cascade 
26-08-01 17:25:18.715 [SpringApplicationShutdownHook] DEBUG org.hibernate.SQL - 
    drop table if exists read_statuses cascade 
26-08-01 17:25:18.716 [SpringApplicationShutdownHook] DEBUG org.hibernate.SQL - 
    drop table if exists user_statuses cascade 
26-08-01 17:25:18.716 [SpringApplicationShutdownHook] DEBUG org.hibernate.SQL - 
    drop table if exists users cascade 
26-08-01 17:26:04.828 [background-preinit] INFO  o.h.validator.internal.util.Version - HV000001: Hibernate Validator 8.0.1.Final
26-08-01 17:26:04.862 [Test worker] INFO  c.s.m.d.r.ReadStatusRepositoryTest - Starting ReadStatusRepositoryTest using Java 17.0.19 with PID 86007 (started by jangjunseo in /Users/jangjunseo/Desktop/codei_13th_develop/13-sprint-mission)
26-08-01 17:26:04.863 [Test worker] INFO  c.s.m.d.r.ReadStatusRepositoryTest - The following 1 profile is active: "test"
26-08-01 17:26:05.128 [Test worker] INFO  o.s.d.r.c.RepositoryConfigurationDelegate - Bootstrapping Spring Data JPA repositories in DEFAULT mode.
26-08-01 17:26:05.176 [Test worker] INFO  o.s.d.r.c.RepositoryConfigurationDelegate - Finished Spring Data repository scanning in 41 ms. Found 6 JPA repository interfaces.
26-08-01 17:26:05.213 [Test worker] INFO  o.s.b.t.a.j.TestDatabaseAutoConfiguration$EmbeddedDataSourceBeanFactoryPostProcessor - Replacing 'dataSource' DataSource bean with embedded version
26-08-01 17:26:05.289 [Test worker] INFO  o.s.j.d.e.EmbeddedDatabaseFactory - Starting embedded database: url='jdbc:h2:mem:57d28fcb-4138-4344-8a64-9ab668c10008;DB_CLOSE_DELAY=-1;DB_CLOSE_ON_EXIT=false', username='sa'
26-08-01 17:26:05.513 [Test worker] INFO  o.h.jpa.internal.util.LogHelper - HHH000204: Processing PersistenceUnitInfo [name: default]
26-08-01 17:26:05.553 [Test worker] INFO  org.hibernate.Version - HHH000412: Hibernate ORM core version 6.6.2.Final
26-08-01 17:26:05.574 [Test worker] INFO  o.h.c.i.RegionFactoryInitiator - HHH000026: Second-level cache disabled
26-08-01 17:26:05.710 [Test worker] INFO  o.s.o.j.p.SpringPersistenceUnitInfo - No LoadTimeWeaver setup: ignoring JPA class transformer
26-08-01 17:26:05.763 [Test worker] INFO  o.hibernate.orm.connections.pooling - HHH10001005: Database info:
	Database JDBC URL [Connecting through datasource 'org.springframework.jdbc.datasource.embedded.EmbeddedDatabaseFactory$EmbeddedDataSourceProxy@13dc6649']
	Database driver: undefined/unknown
	Database version: 2.3.232
	Autocommit mode: undefined/unknown
	Isolation level: undefined/unknown
	Minimum pool size: undefined/unknown
	Maximum pool size: undefined/unknown
26-08-01 17:26:06.273 [Test worker] INFO  o.h.e.t.j.p.i.JtaPlatformInitiator - HHH000489: No JTA platform available (set 'hibernate.transaction.jta.platform' to enable JTA platform integration)
26-08-01 17:26:06.280 [Test worker] DEBUG org.hibernate.SQL - 
    drop table if exists binary_contents cascade 
26-08-01 17:26:06.282 [Test worker] DEBUG org.hibernate.SQL - 
    drop table if exists channels cascade 
26-08-01 17:26:06.282 [Test worker] DEBUG org.hibernate.SQL - 
    drop table if exists message_attachments cascade 
26-08-01 17:26:06.282 [Test worker] DEBUG org.hibernate.SQL - 
    drop table if exists messages cascade 
26-08-01 17:26:06.282 [Test worker] DEBUG org.hibernate.SQL - 
    drop table if exists read_statuses cascade 
26-08-01 17:26:06.282 [Test worker] DEBUG org.hibernate.SQL - 
    drop table if exists user_statuses cascade 
26-08-01 17:26:06.283 [Test worker] DEBUG org.hibernate.SQL - 
    drop table if exists users cascade 
26-08-01 17:26:06.286 [Test worker] DEBUG org.hibernate.SQL - 
    create table binary_contents (
        created_at timestamp(6) with time zone,
        size bigint not null,
        id uuid not null,
        content_type varchar(255),
        file_name varchar(255),
        primary key (id)
    )
26-08-01 17:26:06.290 [Test worker] DEBUG org.hibernate.SQL - 
    create table channels (
        created_at timestamp(6) with time zone,
        id uuid not null,
        description varchar(255),
        name varchar(255),
        type enum ('PRIVATE','PUBLIC'),
        primary key (id)
    )
26-08-01 17:26:06.292 [Test worker] DEBUG org.hibernate.SQL - 
    create table message_attachments (
        attachment_id uuid not null,
        message_id uuid not null
    )
26-08-01 17:26:06.293 [Test worker] DEBUG org.hibernate.SQL - 
    create table messages (
        created_at timestamp(6) with time zone,
        author_id uuid,
        channel_id uuid,
        id uuid not null,
        content varchar(255),
        primary key (id)
    )
26-08-01 17:26:06.295 [Test worker] DEBUG org.hibernate.SQL - 
    create table read_statuses (
        created_at timestamp(6) with time zone,
        last_read_at timestamp(6) with time zone,
        channel_id uuid,
        id uuid not null,
        user_id uuid,
        primary key (id)
    )
26-08-01 17:26:06.297 [Test worker] DEBUG org.hibernate.SQL - 
    create table user_statuses (
        created_at timestamp(6) with time zone,
        last_active_at timestamp(6) with time zone,
        id uuid not null,
        user_id uuid unique,
        primary key (id)
    )
26-08-01 17:26:06.300 [Test worker] DEBUG org.hibernate.SQL - 
    create table users (
        created_at timestamp(6) with time zone,
        id uuid not null,
        profile_id uuid unique,
        email varchar(255),
        password varchar(255),
        username varchar(255),
        primary key (id)
    )
26-08-01 17:26:06.301 [Test worker] DEBUG org.hibernate.SQL - 
    alter table if exists message_attachments 
       add constraint FKsd1m8rb8jcpbcnb7rpdue7ctc 
       foreign key (attachment_id) 
       references binary_contents
26-08-01 17:26:06.312 [Test worker] DEBUG org.hibernate.SQL - 
    alter table if exists message_attachments 
       add constraint FKj7twd218e2gqw9cmlhwvo1rth 
       foreign key (message_id) 
       references messages
26-08-01 17:26:06.314 [Test worker] DEBUG org.hibernate.SQL - 
    alter table if exists messages 
       add constraint FKowtlim26svclkatusptbgi7u1 
       foreign key (author_id) 
       references users
26-08-01 17:26:06.316 [Test worker] DEBUG org.hibernate.SQL - 
    alter table if exists messages 
       add constraint FK3u3ckbhwq9se1cmopk2pq05b2 
       foreign key (channel_id) 
       references channels
26-08-01 17:26:06.319 [Test worker] DEBUG org.hibernate.SQL - 
    alter table if exists read_statuses 
       add constraint FKa38ri44ml4gfdpklx4ahqr8gd 
       foreign key (channel_id) 
       references channels
26-08-01 17:26:06.323 [Test worker] DEBUG org.hibernate.SQL - 
    alter table if exists read_statuses 
       add constraint FKml3k4wr9sj5yxrmj6d0aoib2e 
       foreign key (user_id) 
       references users
26-08-01 17:26:06.324 [Test worker] DEBUG org.hibernate.SQL - 
    alter table if exists user_statuses 
       add constraint FK4lfl3ei2ubchgcxrrpo3pw4mm 
       foreign key (user_id) 
       references users
26-08-01 17:26:06.325 [Test worker] DEBUG org.hibernate.SQL - 
    alter table if exists users 
       add constraint FKtbudycgrip49xdptogmhfqnso 
       foreign key (profile_id) 
       references binary_contents
26-08-01 17:26:06.327 [Test worker] INFO  o.s.o.j.LocalContainerEntityManagerFactoryBean - Initialized JPA EntityManagerFactory for persistence unit 'default'
26-08-01 17:26:06.595 [Test worker] INFO  c.s.m.d.r.ReadStatusRepositoryTest - Started ReadStatusRepositoryTest in 1.98 seconds (process running for 2.564)
26-08-01 17:26:06.972 [Test worker] DEBUG org.hibernate.SQL - 
    /* <criteria> */ select
        rs1_0.id,
        rs1_0.channel_id,
        rs1_0.created_at,
        rs1_0.last_read_at,
        rs1_0.user_id 
    from
        read_statuses rs1_0 
    where
        rs1_0.user_id=? 
    order by
        rs1_0.created_at desc 
    fetch
        first ? rows only
26-08-01 17:26:06.979 [Test worker] TRACE org.hibernate.orm.jdbc.bind - binding parameter (1:UUID) <- [d414f541-0409-41a2-8e92-e4f8468074bb]
26-08-01 17:26:06.985 [Test worker] TRACE org.hibernate.orm.jdbc.bind - binding parameter (2:INTEGER) <- [3]
26-08-01 17:26:07.115 [Test worker] DEBUG org.hibernate.SQL - 
    /* insert for
        com.sprint.mission.discodeit.entity.User */insert 
    into
        users (created_at, email, password, profile_id, username, id) 
    values
        (?, ?, ?, ?, ?, ?)
26-08-01 17:26:07.117 [Test worker] TRACE org.hibernate.orm.jdbc.bind - binding parameter (1:TIMESTAMP_UTC) <- [2026-08-01T08:26:07.081915Z]
26-08-01 17:26:07.118 [Test worker] TRACE org.hibernate.orm.jdbc.bind - binding parameter (2:VARCHAR) <- [reader2@example.com]
26-08-01 17:26:07.118 [Test worker] TRACE org.hibernate.orm.jdbc.bind - binding parameter (3:VARCHAR) <- [pw123456789!]
26-08-01 17:26:07.118 [Test worker] TRACE org.hibernate.orm.jdbc.bind - binding parameter (4:UUID) <- [null]
26-08-01 17:26:07.118 [Test worker] TRACE org.hibernate.orm.jdbc.bind - binding parameter (5:VARCHAR) <- [reader2]
26-08-01 17:26:07.118 [Test worker] TRACE org.hibernate.orm.jdbc.bind - binding parameter (6:UUID) <- [60d1a53c-b9ea-45c8-92c5-69376dc7a6c2]
26-08-01 17:26:07.120 [Test worker] DEBUG org.hibernate.SQL - 
    /* insert for
        com.sprint.mission.discodeit.entity.Channel */insert 
    into
        channels (created_at, description, name, type, id) 
    values
        (?, ?, ?, ?, ?)
26-08-01 17:26:07.121 [Test worker] TRACE org.hibernate.orm.jdbc.bind - binding parameter (1:TIMESTAMP_UTC) <- [2026-08-01T08:26:07.100768Z]
26-08-01 17:26:07.121 [Test worker] TRACE org.hibernate.orm.jdbc.bind - binding parameter (2:VARCHAR) <- [설명]
26-08-01 17:26:07.121 [Test worker] TRACE org.hibernate.orm.jdbc.bind - binding parameter (3:VARCHAR) <- [채널0]
26-08-01 17:26:07.121 [Test worker] TRACE org.hibernate.orm.jdbc.bind - binding parameter (4:ENUM) <- [PUBLIC]
26-08-01 17:26:07.122 [Test worker] TRACE org.hibernate.orm.jdbc.bind - binding parameter (5:UUID) <- [62b95812-2326-4fbe-8ce0-88cf4b1215e2]
26-08-01 17:26:07.123 [Test worker] DEBUG org.hibernate.SQL - 
    /* insert for
        com.sprint.mission.discodeit.entity.ReadStatus */insert 
    into
        read_statuses (channel_id, created_at, last_read_at, user_id, id) 
    values
        (?, ?, ?, ?, ?)
26-08-01 17:26:07.124 [Test worker] TRACE org.hibernate.orm.jdbc.bind - binding parameter (1:UUID) <- [62b95812-2326-4fbe-8ce0-88cf4b1215e2]
26-08-01 17:26:07.125 [Test worker] TRACE org.hibernate.orm.jdbc.bind - binding parameter (2:TIMESTAMP_UTC) <- [2026-08-01T08:26:07.102734Z]
26-08-01 17:26:07.125 [Test worker] TRACE org.hibernate.orm.jdbc.bind - binding parameter (3:TIMESTAMP_UTC) <- [2026-08-01T08:26:07.102242Z]
26-08-01 17:26:07.125 [Test worker] TRACE org.hibernate.orm.jdbc.bind - binding parameter (4:UUID) <- [60d1a53c-b9ea-45c8-92c5-69376dc7a6c2]
26-08-01 17:26:07.125 [Test worker] TRACE org.hibernate.orm.jdbc.bind - binding parameter (5:UUID) <- [207986f9-1a44-4fe3-b62c-e585240bb6d5]
26-08-01 17:26:07.126 [Test worker] DEBUG org.hibernate.SQL - 
    /* insert for
        com.sprint.mission.discodeit.entity.Channel */insert 
    into
        channels (created_at, description, name, type, id) 
    values
        (?, ?, ?, ?, ?)
26-08-01 17:26:07.126 [Test worker] TRACE org.hibernate.orm.jdbc.bind - binding parameter (1:TIMESTAMP_UTC) <- [2026-08-01T08:26:07.104518Z]
26-08-01 17:26:07.126 [Test worker] TRACE org.hibernate.orm.jdbc.bind - binding parameter (2:VARCHAR) <- [설명]
26-08-01 17:26:07.126 [Test worker] TRACE org.hibernate.orm.jdbc.bind - binding parameter (3:VARCHAR) <- [채널1]
26-08-01 17:26:07.126 [Test worker] TRACE org.hibernate.orm.jdbc.bind - binding parameter (4:ENUM) <- [PUBLIC]
26-08-01 17:26:07.126 [Test worker] TRACE org.hibernate.orm.jdbc.bind - binding parameter (5:UUID) <- [1461fac9-3af2-4a53-b753-11a5a6508b00]
26-08-01 17:26:07.127 [Test worker] DEBUG org.hibernate.SQL - 
    /* insert for
        com.sprint.mission.discodeit.entity.ReadStatus */insert 
    into
        read_statuses (channel_id, created_at, last_read_at, user_id, id) 
    values
        (?, ?, ?, ?, ?)
26-08-01 17:26:07.127 [Test worker] TRACE org.hibernate.orm.jdbc.bind - binding parameter (1:UUID) <- [1461fac9-3af2-4a53-b753-11a5a6508b00]
26-08-01 17:26:07.127 [Test worker] TRACE org.hibernate.orm.jdbc.bind - binding parameter (2:TIMESTAMP_UTC) <- [2026-08-01T08:26:07.104659Z]
26-08-01 17:26:07.127 [Test worker] TRACE org.hibernate.orm.jdbc.bind - binding parameter (3:TIMESTAMP_UTC) <- [2026-08-01T08:26:07.104605Z]
26-08-01 17:26:07.127 [Test worker] TRACE org.hibernate.orm.jdbc.bind - binding parameter (4:UUID) <- [60d1a53c-b9ea-45c8-92c5-69376dc7a6c2]
26-08-01 17:26:07.127 [Test worker] TRACE org.hibernate.orm.jdbc.bind - binding parameter (5:UUID) <- [fb7cfc01-5ec3-443f-9e23-2cddf27fe21f]
26-08-01 17:26:07.127 [Test worker] DEBUG org.hibernate.SQL - 
    /* insert for
        com.sprint.mission.discodeit.entity.Channel */insert 
    into
        channels (created_at, description, name, type, id) 
    values
        (?, ?, ?, ?, ?)
26-08-01 17:26:07.128 [Test worker] TRACE org.hibernate.orm.jdbc.bind - binding parameter (1:TIMESTAMP_UTC) <- [2026-08-01T08:26:07.104781Z]
26-08-01 17:26:07.128 [Test worker] TRACE org.hibernate.orm.jdbc.bind - binding parameter (2:VARCHAR) <- [설명]
26-08-01 17:26:07.128 [Test worker] TRACE org.hibernate.orm.jdbc.bind - binding parameter (3:VARCHAR) <- [채널2]
26-08-01 17:26:07.128 [Test worker] TRACE org.hibernate.orm.jdbc.bind - binding parameter (4:ENUM) <- [PUBLIC]
26-08-01 17:26:07.128 [Test worker] TRACE org.hibernate.orm.jdbc.bind - binding parameter (5:UUID) <- [5c1879b1-969d-4aa1-b145-2c1159dc5f8c]
26-08-01 17:26:07.129 [Test worker] DEBUG org.hibernate.SQL - 
    /* insert for
        com.sprint.mission.discodeit.entity.ReadStatus */insert 
    into
        read_statuses (channel_id, created_at, last_read_at, user_id, id) 
    values
        (?, ?, ?, ?, ?)
26-08-01 17:26:07.129 [Test worker] TRACE org.hibernate.orm.jdbc.bind - binding parameter (1:UUID) <- [5c1879b1-969d-4aa1-b145-2c1159dc5f8c]
26-08-01 17:26:07.129 [Test worker] TRACE org.hibernate.orm.jdbc.bind - binding parameter (2:TIMESTAMP_UTC) <- [2026-08-01T08:26:07.104879Z]
26-08-01 17:26:07.129 [Test worker] TRACE org.hibernate.orm.jdbc.bind - binding parameter (3:TIMESTAMP_UTC) <- [2026-08-01T08:26:07.104844Z]
26-08-01 17:26:07.130 [Test worker] TRACE org.hibernate.orm.jdbc.bind - binding parameter (4:UUID) <- [60d1a53c-b9ea-45c8-92c5-69376dc7a6c2]
26-08-01 17:26:07.130 [Test worker] TRACE org.hibernate.orm.jdbc.bind - binding parameter (5:UUID) <- [71841363-58e3-430a-bfcb-8289f780b565]
26-08-01 17:26:07.131 [Test worker] DEBUG org.hibernate.SQL - 
    /* insert for
        com.sprint.mission.discodeit.entity.Channel */insert 
    into
        channels (created_at, description, name, type, id) 
    values
        (?, ?, ?, ?, ?)
26-08-01 17:26:07.132 [Test worker] TRACE org.hibernate.orm.jdbc.bind - binding parameter (1:TIMESTAMP_UTC) <- [2026-08-01T08:26:07.105028Z]
26-08-01 17:26:07.132 [Test worker] TRACE org.hibernate.orm.jdbc.bind - binding parameter (2:VARCHAR) <- [설명]
26-08-01 17:26:07.132 [Test worker] TRACE org.hibernate.orm.jdbc.bind - binding parameter (3:VARCHAR) <- [채널3]
26-08-01 17:26:07.132 [Test worker] TRACE org.hibernate.orm.jdbc.bind - binding parameter (4:ENUM) <- [PUBLIC]
26-08-01 17:26:07.132 [Test worker] TRACE org.hibernate.orm.jdbc.bind - binding parameter (5:UUID) <- [837156b5-cd96-49e6-9069-a116d98b530a]
26-08-01 17:26:07.132 [Test worker] DEBUG org.hibernate.SQL - 
    /* insert for
        com.sprint.mission.discodeit.entity.ReadStatus */insert 
    into
        read_statuses (channel_id, created_at, last_read_at, user_id, id) 
    values
        (?, ?, ?, ?, ?)
26-08-01 17:26:07.132 [Test worker] TRACE org.hibernate.orm.jdbc.bind - binding parameter (1:UUID) <- [837156b5-cd96-49e6-9069-a116d98b530a]
26-08-01 17:26:07.132 [Test worker] TRACE org.hibernate.orm.jdbc.bind - binding parameter (2:TIMESTAMP_UTC) <- [2026-08-01T08:26:07.105150Z]
26-08-01 17:26:07.132 [Test worker] TRACE org.hibernate.orm.jdbc.bind - binding parameter (3:TIMESTAMP_UTC) <- [2026-08-01T08:26:07.105093Z]
26-08-01 17:26:07.133 [Test worker] TRACE org.hibernate.orm.jdbc.bind - binding parameter (4:UUID) <- [60d1a53c-b9ea-45c8-92c5-69376dc7a6c2]
26-08-01 17:26:07.133 [Test worker] TRACE org.hibernate.orm.jdbc.bind - binding parameter (5:UUID) <- [f35d5e32-792d-458b-be88-0943ed4f89cb]
26-08-01 17:26:07.133 [Test worker] DEBUG org.hibernate.SQL - 
    /* insert for
        com.sprint.mission.discodeit.entity.Channel */insert 
    into
        channels (created_at, description, name, type, id) 
    values
        (?, ?, ?, ?, ?)
26-08-01 17:26:07.133 [Test worker] TRACE org.hibernate.orm.jdbc.bind - binding parameter (1:TIMESTAMP_UTC) <- [2026-08-01T08:26:07.105328Z]
26-08-01 17:26:07.133 [Test worker] TRACE org.hibernate.orm.jdbc.bind - binding parameter (2:VARCHAR) <- [설명]
26-08-01 17:26:07.133 [Test worker] TRACE org.hibernate.orm.jdbc.bind - binding parameter (3:VARCHAR) <- [채널4]
26-08-01 17:26:07.133 [Test worker] TRACE org.hibernate.orm.jdbc.bind - binding parameter (4:ENUM) <- [PUBLIC]
26-08-01 17:26:07.133 [Test worker] TRACE org.hibernate.orm.jdbc.bind - binding parameter (5:UUID) <- [2dc7e79f-82a8-48bd-af77-ec8026bc7570]
26-08-01 17:26:07.133 [Test worker] DEBUG org.hibernate.SQL - 
    /* insert for
        com.sprint.mission.discodeit.entity.ReadStatus */insert 
    into
        read_statuses (channel_id, created_at, last_read_at, user_id, id) 
    values
        (?, ?, ?, ?, ?)
26-08-01 17:26:07.134 [Test worker] TRACE org.hibernate.orm.jdbc.bind - binding parameter (1:UUID) <- [2dc7e79f-82a8-48bd-af77-ec8026bc7570]
26-08-01 17:26:07.134 [Test worker] TRACE org.hibernate.orm.jdbc.bind - binding parameter (2:TIMESTAMP_UTC) <- [2026-08-01T08:26:07.105460Z]
26-08-01 17:26:07.134 [Test worker] TRACE org.hibernate.orm.jdbc.bind - binding parameter (3:TIMESTAMP_UTC) <- [2026-08-01T08:26:07.105405Z]
26-08-01 17:26:07.134 [Test worker] TRACE org.hibernate.orm.jdbc.bind - binding parameter (4:UUID) <- [60d1a53c-b9ea-45c8-92c5-69376dc7a6c2]
26-08-01 17:26:07.134 [Test worker] TRACE org.hibernate.orm.jdbc.bind - binding parameter (5:UUID) <- [a7cec255-9429-42f7-964e-d31fb509f1b5]
26-08-01 17:26:07.136 [Test worker] DEBUG org.hibernate.SQL - 
    /* <criteria> */ select
        rs1_0.id,
        rs1_0.channel_id,
        rs1_0.created_at,
        rs1_0.last_read_at,
        rs1_0.user_id 
    from
        read_statuses rs1_0 
    where
        rs1_0.user_id=? 
    order by
        rs1_0.created_at desc 
    fetch
        first ? rows only
26-08-01 17:26:07.136 [Test worker] TRACE org.hibernate.orm.jdbc.bind - binding parameter (1:UUID) <- [60d1a53c-b9ea-45c8-92c5-69376dc7a6c2]
26-08-01 17:26:07.136 [Test worker] TRACE org.hibernate.orm.jdbc.bind - binding parameter (2:INTEGER) <- [3]
26-08-01 17:26:07.161 [Test worker] DEBUG org.hibernate.SQL - 
    /* insert for
        com.sprint.mission.discodeit.entity.User */insert 
    into
        users (created_at, email, password, profile_id, username, id) 
    values
        (?, ?, ?, ?, ?, ?)
26-08-01 17:26:07.161 [Test worker] TRACE org.hibernate.orm.jdbc.bind - binding parameter (1:TIMESTAMP_UTC) <- [2026-08-01T08:26:07.159120Z]
26-08-01 17:26:07.161 [Test worker] TRACE org.hibernate.orm.jdbc.bind - binding parameter (2:VARCHAR) <- [reader@example.com]
26-08-01 17:26:07.161 [Test worker] TRACE org.hibernate.orm.jdbc.bind - binding parameter (3:VARCHAR) <- [pw123456789!]
26-08-01 17:26:07.162 [Test worker] TRACE org.hibernate.orm.jdbc.bind - binding parameter (4:UUID) <- [null]
26-08-01 17:26:07.162 [Test worker] TRACE org.hibernate.orm.jdbc.bind - binding parameter (5:VARCHAR) <- [reader]
26-08-01 17:26:07.162 [Test worker] TRACE org.hibernate.orm.jdbc.bind - binding parameter (6:UUID) <- [0302d017-deee-4b8d-abce-f474d827cf58]
26-08-01 17:26:07.163 [Test worker] DEBUG org.hibernate.SQL - 
    /* insert for
        com.sprint.mission.discodeit.entity.Channel */insert 
    into
        channels (created_at, description, name, type, id) 
    values
        (?, ?, ?, ?, ?)
26-08-01 17:26:07.163 [Test worker] TRACE org.hibernate.orm.jdbc.bind - binding parameter (1:TIMESTAMP_UTC) <- [2026-08-01T08:26:07.159875Z]
26-08-01 17:26:07.163 [Test worker] TRACE org.hibernate.orm.jdbc.bind - binding parameter (2:VARCHAR) <- [설명]
26-08-01 17:26:07.163 [Test worker] TRACE org.hibernate.orm.jdbc.bind - binding parameter (3:VARCHAR) <- [공지]
26-08-01 17:26:07.164 [Test worker] TRACE org.hibernate.orm.jdbc.bind - binding parameter (4:ENUM) <- [PUBLIC]
26-08-01 17:26:07.164 [Test worker] TRACE org.hibernate.orm.jdbc.bind - binding parameter (5:UUID) <- [923a834f-5d64-494f-9f83-2293d8f3a740]
26-08-01 17:26:07.164 [Test worker] DEBUG org.hibernate.SQL - 
    /* insert for
        com.sprint.mission.discodeit.entity.ReadStatus */insert 
    into
        read_statuses (channel_id, created_at, last_read_at, user_id, id) 
    values
        (?, ?, ?, ?, ?)
26-08-01 17:26:07.165 [Test worker] TRACE org.hibernate.orm.jdbc.bind - binding parameter (1:UUID) <- [923a834f-5d64-494f-9f83-2293d8f3a740]
26-08-01 17:26:07.165 [Test worker] TRACE org.hibernate.orm.jdbc.bind - binding parameter (2:TIMESTAMP_UTC) <- [2026-08-01T08:26:07.160098Z]
26-08-01 17:26:07.166 [Test worker] TRACE org.hibernate.orm.jdbc.bind - binding parameter (3:TIMESTAMP_UTC) <- [2026-08-01T08:26:07.159994Z]
26-08-01 17:26:07.166 [Test worker] TRACE org.hibernate.orm.jdbc.bind - binding parameter (4:UUID) <- [0302d017-deee-4b8d-abce-f474d827cf58]
26-08-01 17:26:07.167 [Test worker] TRACE org.hibernate.orm.jdbc.bind - binding parameter (5:UUID) <- [67ebc7d0-dfb9-473e-9c50-3682b3a8f011]
26-08-01 17:26:07.174 [Test worker] DEBUG org.hibernate.SQL - 
    /* <criteria> */ select
        rs1_0.id 
    from
        read_statuses rs1_0 
    where
        rs1_0.user_id=? 
        and rs1_0.channel_id=? 
    fetch
        first ? rows only
26-08-01 17:26:07.175 [Test worker] TRACE org.hibernate.orm.jdbc.bind - binding parameter (1:UUID) <- [0302d017-deee-4b8d-abce-f474d827cf58]
26-08-01 17:26:07.176 [Test worker] TRACE org.hibernate.orm.jdbc.bind - binding parameter (2:UUID) <- [923a834f-5d64-494f-9f83-2293d8f3a740]
26-08-01 17:26:07.176 [Test worker] TRACE org.hibernate.orm.jdbc.bind - binding parameter (3:INTEGER) <- [1]
26-08-01 17:26:07.186 [Test worker] DEBUG org.hibernate.SQL - 
    /* <criteria> */ select
        rs1_0.id 
    from
        read_statuses rs1_0 
    where
        rs1_0.user_id=? 
        and rs1_0.channel_id=? 
    fetch
        first ? rows only
26-08-01 17:26:07.187 [Test worker] TRACE org.hibernate.orm.jdbc.bind - binding parameter (1:UUID) <- [6e9b0918-7335-4354-ae6d-f48a2f7c444b]
26-08-01 17:26:07.187 [Test worker] TRACE org.hibernate.orm.jdbc.bind - binding parameter (2:UUID) <- [6b1b3f0a-ae2f-48d0-be92-26935cc98fa2]
26-08-01 17:26:07.187 [Test worker] TRACE org.hibernate.orm.jdbc.bind - binding parameter (3:INTEGER) <- [1]
26-08-01 17:26:07.203 [SpringApplicationShutdownHook] INFO  o.s.o.j.LocalContainerEntityManagerFactoryBean - Closing JPA EntityManagerFactory for persistence unit 'default'
26-08-01 17:26:07.204 [SpringApplicationShutdownHook] DEBUG org.hibernate.SQL - 
    drop table if exists binary_contents cascade 
26-08-01 17:26:07.205 [SpringApplicationShutdownHook] DEBUG org.hibernate.SQL - 
    drop table if exists channels cascade 
26-08-01 17:26:07.207 [SpringApplicationShutdownHook] DEBUG org.hibernate.SQL - 
    drop table if exists message_attachments cascade 
26-08-01 17:26:07.208 [SpringApplicationShutdownHook] DEBUG org.hibernate.SQL - 
    drop table if exists messages cascade 
26-08-01 17:26:07.209 [SpringApplicationShutdownHook] DEBUG org.hibernate.SQL - 
    drop table if exists read_statuses cascade 
26-08-01 17:26:07.209 [SpringApplicationShutdownHook] DEBUG org.hibernate.SQL - 
    drop table if exists user_statuses cascade 
26-08-01 17:26:07.210 [SpringApplicationShutdownHook] DEBUG org.hibernate.SQL - 
    drop table if exists users cascade 
26-08-01 17:33:11.513 [background-preinit] INFO  o.h.validator.internal.util.Version - HV000001: Hibernate Validator 8.0.1.Final
26-08-01 17:33:11.547 [Test worker] INFO  c.s.m.d.c.UserControllerTest - Starting UserControllerTest using Java 17.0.19 with PID 86170 (started by jangjunseo in /Users/jangjunseo/Desktop/codei_13th_develop/13-sprint-mission)
26-08-01 17:33:11.549 [Test worker] INFO  c.s.m.d.c.UserControllerTest - The following 1 profile is active: "dev"
26-08-01 17:33:12.498 [Test worker] WARN  o.s.w.c.s.GenericWebApplicationContext - Exception encountered during context initialization - cancelling refresh attempt: org.springframework.beans.factory.BeanCreationException: Error creating bean with name 'jpaAuditingHandler': Cannot resolve reference to bean 'jpaMappingContext' while setting constructor argument
26-08-01 17:33:12.519 [Test worker] INFO  o.s.b.a.l.ConditionEvaluationReportLogger - 

Error starting ApplicationContext. To display the condition evaluation report re-run your application with 'debug' enabled.
26-08-01 17:33:12.557 [Test worker] ERROR o.s.boot.SpringApplication - Application run failed
org.springframework.beans.factory.BeanCreationException: Error creating bean with name 'jpaAuditingHandler': Cannot resolve reference to bean 'jpaMappingContext' while setting constructor argument
	at org.springframework.beans.factory.support.BeanDefinitionValueResolver.resolveReference(BeanDefinitionValueResolver.java:377)
	at org.springframework.beans.factory.support.BeanDefinitionValueResolver.resolveValueIfNecessary(BeanDefinitionValueResolver.java:135)
	at org.springframework.beans.factory.support.ConstructorResolver.resolveConstructorArguments(ConstructorResolver.java:691)
	at org.springframework.beans.factory.support.ConstructorResolver.instantiateUsingFactoryMethod(ConstructorResolver.java:513)
	at org.springframework.beans.factory.support.AbstractAutowireCapableBeanFactory.instantiateUsingFactoryMethod(AbstractAutowireCapableBeanFactory.java:1351)
	at org.springframework.beans.factory.support.AbstractAutowireCapableBeanFactory.createBeanInstance(AbstractAutowireCapableBeanFactory.java:1181)
	at org.springframework.beans.factory.support.AbstractAutowireCapableBeanFactory.doCreateBean(AbstractAutowireCapableBeanFactory.java:563)
	at org.springframework.beans.factory.support.AbstractAutowireCapableBeanFactory.createBean(AbstractAutowireCapableBeanFactory.java:523)
	at org.springframework.beans.factory.support.AbstractBeanFactory.lambda$doGetBean$0(AbstractBeanFactory.java:336)
	at org.springframework.beans.factory.support.DefaultSingletonBeanRegistry.getSingleton(DefaultSingletonBeanRegistry.java:288)
	at org.springframework.beans.factory.support.AbstractBeanFactory.doGetBean(AbstractBeanFactory.java:334)
	at org.springframework.beans.factory.support.AbstractBeanFactory.getBean(AbstractBeanFactory.java:199)
	at org.springframework.beans.factory.support.DefaultListableBeanFactory.instantiateSingleton(DefaultListableBeanFactory.java:1122)
	at org.springframework.beans.factory.support.DefaultListableBeanFactory.preInstantiateSingleton(DefaultListableBeanFactory.java:1093)
	at org.springframework.beans.factory.support.DefaultListableBeanFactory.preInstantiateSingletons(DefaultListableBeanFactory.java:1030)
	at org.springframework.context.support.AbstractApplicationContext.finishBeanFactoryInitialization(AbstractApplicationContext.java:987)
	at org.springframework.context.support.AbstractApplicationContext.refresh(AbstractApplicationContext.java:627)
	at org.springframework.boot.SpringApplication.refresh(SpringApplication.java:752)
	at org.springframework.boot.SpringApplication.refreshContext(SpringApplication.java:439)
	at org.springframework.boot.SpringApplication.run(SpringApplication.java:318)
	at org.springframework.boot.test.context.SpringBootContextLoader.lambda$loadContext$3(SpringBootContextLoader.java:137)
	at org.springframework.util.function.ThrowingSupplier.get(ThrowingSupplier.java:58)
	at org.springframework.util.function.ThrowingSupplier.get(ThrowingSupplier.java:46)
	at org.springframework.boot.SpringApplication.withHook(SpringApplication.java:1461)
	at org.springframework.boot.test.context.SpringBootContextLoader$ContextLoaderHook.run(SpringBootContextLoader.java:553)
	at org.springframework.boot.test.context.SpringBootContextLoader.loadContext(SpringBootContextLoader.java:137)
	at org.springframework.boot.test.context.SpringBootContextLoader.loadContext(SpringBootContextLoader.java:108)
	at org.springframework.test.context.cache.DefaultCacheAwareContextLoaderDelegate.loadContextInternal(DefaultCacheAwareContextLoaderDelegate.java:225)
	at org.springframework.test.context.cache.DefaultCacheAwareContextLoaderDelegate.loadContext(DefaultCacheAwareContextLoaderDelegate.java:152)
	at org.springframework.test.context.support.DefaultTestContext.getApplicationContext(DefaultTestContext.java:130)
	at org.springframework.test.context.bean.override.BeanOverrideTestExecutionListener.injectFields(BeanOverrideTestExecutionListener.java:87)
	at org.springframework.test.context.bean.override.BeanOverrideTestExecutionListener.prepareTestInstance(BeanOverrideTestExecutionListener.java:58)
	at org.springframework.test.context.TestContextManager.prepareTestInstance(TestContextManager.java:260)
	at org.springframework.test.context.junit.jupiter.SpringExtension.postProcessTestInstance(SpringExtension.java:160)
	at org.junit.jupiter.engine.descriptor.ClassBasedTestDescriptor.lambda$invokeTestInstancePostProcessors$11(ClassBasedTestDescriptor.java:378)
	at org.junit.jupiter.engine.descriptor.ClassBasedTestDescriptor.executeAndMaskThrowable(ClassBasedTestDescriptor.java:383)
	at org.junit.jupiter.engine.descriptor.ClassBasedTestDescriptor.lambda$invokeTestInstancePostProcessors$12(ClassBasedTestDescriptor.java:378)
	at java.base/java.util.stream.ForEachOps$ForEachOp$OfRef.accept(ForEachOps.java:183)
	at java.base/java.util.stream.ReferencePipeline$3$1.accept(ReferencePipeline.java:197)
	at java.base/java.util.stream.ReferencePipeline$2$1.accept(ReferencePipeline.java:179)
	at java.base/java.util.stream.ReferencePipeline$3$1.accept(ReferencePipeline.java:197)
	at java.base/java.util.ArrayList$ArrayListSpliterator.forEachRemaining(ArrayList.java:1625)
	at java.base/java.util.stream.AbstractPipeline.copyInto(AbstractPipeline.java:509)
	at java.base/java.util.stream.AbstractPipeline.wrapAndCopyInto(AbstractPipeline.java:499)
	at java.base/java.util.stream.ForEachOps$ForEachOp.evaluateSequential(ForEachOps.java:150)
	at java.base/java.util.stream.ForEachOps$ForEachOp$OfRef.evaluateSequential(ForEachOps.java:173)
	at java.base/java.util.stream.AbstractPipeline.evaluate(AbstractPipeline.java:234)
	at java.base/java.util.stream.ReferencePipeline.forEach(ReferencePipeline.java:596)
	at org.junit.jupiter.engine.descriptor.ClassBasedTestDescriptor.invokeTestInstancePostProcessors(ClassBasedTestDescriptor.java:377)
	at org.junit.jupiter.engine.descriptor.ClassBasedTestDescriptor.lambda$instantiateAndPostProcessTestInstance$7(ClassBasedTestDescriptor.java:290)
	at org.junit.platform.engine.support.hierarchical.ThrowableCollector.execute(ThrowableCollector.java:73)
	at org.junit.jupiter.engine.descriptor.ClassBasedTestDescriptor.instantiateAndPostProcessTestInstance(ClassBasedTestDescriptor.java:289)
	at org.junit.jupiter.engine.descriptor.ClassBasedTestDescriptor.lambda$testInstancesProvider$5(ClassBasedTestDescriptor.java:279)
	at java.base/java.util.Optional.orElseGet(Optional.java:364)
	at org.junit.jupiter.engine.descriptor.ClassBasedTestDescriptor.lambda$testInstancesProvider$6(ClassBasedTestDescriptor.java:278)
	at org.junit.jupiter.engine.execution.TestInstancesProvider.getTestInstances(TestInstancesProvider.java:31)
	at org.junit.jupiter.engine.descriptor.TestMethodTestDescriptor.lambda$prepare$1(TestMethodTestDescriptor.java:105)
	at org.junit.platform.engine.support.hierarchical.ThrowableCollector.execute(ThrowableCollector.java:73)
	at org.junit.jupiter.engine.descriptor.TestMethodTestDescriptor.prepare(TestMethodTestDescriptor.java:104)
	at org.junit.jupiter.engine.descriptor.TestMethodTestDescriptor.prepare(TestMethodTestDescriptor.java:68)
	at org.junit.platform.engine.support.hierarchical.NodeTestTask.lambda$prepare$2(NodeTestTask.java:128)
	at org.junit.platform.engine.support.hierarchical.ThrowableCollector.execute(ThrowableCollector.java:73)
	at org.junit.platform.engine.support.hierarchical.NodeTestTask.prepare(NodeTestTask.java:128)
	at org.junit.platform.engine.support.hierarchical.NodeTestTask.execute(NodeTestTask.java:95)
	at java.base/java.util.ArrayList.forEach(ArrayList.java:1511)
	at org.junit.platform.engine.support.hierarchical.SameThreadHierarchicalTestExecutorService.invokeAll(SameThreadHierarchicalTestExecutorService.java:41)
	at org.junit.platform.engine.support.hierarchical.NodeTestTask.lambda$executeRecursively$6(NodeTestTask.java:160)
	at org.junit.platform.engine.support.hierarchical.ThrowableCollector.execute(ThrowableCollector.java:73)
	at org.junit.platform.engine.support.hierarchical.NodeTestTask.lambda$executeRecursively$8(NodeTestTask.java:146)
	at org.junit.platform.engine.support.hierarchical.Node.around(Node.java:137)
	at org.junit.platform.engine.support.hierarchical.NodeTestTask.lambda$executeRecursively$9(NodeTestTask.java:144)
	at org.junit.platform.engine.support.hierarchical.ThrowableCollector.execute(ThrowableCollector.java:73)
	at org.junit.platform.engine.support.hierarchical.NodeTestTask.executeRecursively(NodeTestTask.java:143)
	at org.junit.platform.engine.support.hierarchical.NodeTestTask.execute(NodeTestTask.java:100)
	at java.base/java.util.ArrayList.forEach(ArrayList.java:1511)
	at org.junit.platform.engine.support.hierarchical.SameThreadHierarchicalTestExecutorService.invokeAll(SameThreadHierarchicalTestExecutorService.java:41)
	at org.junit.platform.engine.support.hierarchical.NodeTestTask.lambda$executeRecursively$6(NodeTestTask.java:160)
	at org.junit.platform.engine.support.hierarchical.ThrowableCollector.execute(ThrowableCollector.java:73)
	at org.junit.platform.engine.support.hierarchical.NodeTestTask.lambda$executeRecursively$8(NodeTestTask.java:146)
	at org.junit.platform.engine.support.hierarchical.Node.around(Node.java:137)
	at org.junit.platform.engine.support.hierarchical.NodeTestTask.lambda$executeRecursively$9(NodeTestTask.java:144)
	at org.junit.platform.engine.support.hierarchical.ThrowableCollector.execute(ThrowableCollector.java:73)
	at org.junit.platform.engine.support.hierarchical.NodeTestTask.executeRecursively(NodeTestTask.java:143)
	at org.junit.platform.engine.support.hierarchical.NodeTestTask.execute(NodeTestTask.java:100)
	at org.junit.platform.engine.support.hierarchical.SameThreadHierarchicalTestExecutorService.submit(SameThreadHierarchicalTestExecutorService.java:35)
	at org.junit.platform.engine.support.hierarchical.HierarchicalTestExecutor.execute(HierarchicalTestExecutor.java:57)
	at org.junit.platform.engine.support.hierarchical.HierarchicalTestEngine.execute(HierarchicalTestEngine.java:54)
	at org.junit.platform.launcher.core.EngineExecutionOrchestrator.execute(EngineExecutionOrchestrator.java:198)
	at org.junit.platform.launcher.core.EngineExecutionOrchestrator.execute(EngineExecutionOrchestrator.java:169)
	at org.junit.platform.launcher.core.EngineExecutionOrchestrator.execute(EngineExecutionOrchestrator.java:93)
	at org.junit.platform.launcher.core.EngineExecutionOrchestrator.lambda$execute$0(EngineExecutionOrchestrator.java:58)
	at org.junit.platform.launcher.core.EngineExecutionOrchestrator.withInterceptedStreams(EngineExecutionOrchestrator.java:141)
	at org.junit.platform.launcher.core.EngineExecutionOrchestrator.execute(EngineExecutionOrchestrator.java:57)
	at org.junit.platform.launcher.core.DefaultLauncher.execute(DefaultLauncher.java:103)
	at org.junit.platform.launcher.core.DefaultLauncher.execute(DefaultLauncher.java:85)
	at org.junit.platform.launcher.core.DelegatingLauncher.execute(DelegatingLauncher.java:47)
	at org.gradle.api.internal.tasks.testing.junitplatform.JUnitPlatformTestClassProcessor$CollectAllTestClassesExecutor.processAllTestClasses(JUnitPlatformTestClassProcessor.java:124)
	at org.gradle.api.internal.tasks.testing.junitplatform.JUnitPlatformTestClassProcessor$CollectAllTestClassesExecutor.access$000(JUnitPlatformTestClassProcessor.java:99)
	at org.gradle.api.internal.tasks.testing.junitplatform.JUnitPlatformTestClassProcessor.stop(JUnitPlatformTestClassProcessor.java:94)
	at org.gradle.api.internal.tasks.testing.SuiteTestClassProcessor.stop(SuiteTestClassProcessor.java:63)
	at java.base/jdk.internal.reflect.NativeMethodAccessorImpl.invoke0(Native Method)
	at java.base/jdk.internal.reflect.NativeMethodAccessorImpl.invoke(NativeMethodAccessorImpl.java:77)
	at java.base/jdk.internal.reflect.DelegatingMethodAccessorImpl.invoke(DelegatingMethodAccessorImpl.java:43)
	at java.base/java.lang.reflect.Method.invoke(Method.java:569)
	at org.gradle.internal.dispatch.ReflectionDispatch.dispatch(ReflectionDispatch.java:36)
	at org.gradle.internal.dispatch.ReflectionDispatch.dispatch(ReflectionDispatch.java:24)
	at org.gradle.internal.dispatch.ContextClassLoaderDispatch.dispatch(ContextClassLoaderDispatch.java:33)
	at org.gradle.internal.dispatch.ProxyDispatchAdapter$DispatchingInvocationHandler.invoke(ProxyDispatchAdapter.java:92)
	at jdk.proxy1/jdk.proxy1.$Proxy4.stop(Unknown Source)
	at org.gradle.api.internal.tasks.testing.worker.TestWorker$3.run(TestWorker.java:200)
	at org.gradle.api.internal.tasks.testing.worker.TestWorker.executeAndMaintainThreadName(TestWorker.java:132)
	at org.gradle.api.internal.tasks.testing.worker.TestWorker.execute(TestWorker.java:103)
	at org.gradle.api.internal.tasks.testing.worker.TestWorker.execute(TestWorker.java:63)
	at org.gradle.process.internal.worker.child.ActionExecutionWorker.execute(ActionExecutionWorker.java:56)
	at org.gradle.process.internal.worker.child.SystemApplicationClassLoaderWorker.call(SystemApplicationClassLoaderWorker.java:122)
	at org.gradle.process.internal.worker.child.SystemApplicationClassLoaderWorker.call(SystemApplicationClassLoaderWorker.java:72)
	at worker.org.gradle.process.internal.worker.GradleWorkerMain.run(GradleWorkerMain.java:69)
	at worker.org.gradle.process.internal.worker.GradleWorkerMain.main(GradleWorkerMain.java:74)
Caused by: org.springframework.beans.factory.BeanCreationException: Error creating bean with name 'jpaMappingContext': JPA metamodel must not be empty
	at org.springframework.beans.factory.support.AbstractAutowireCapableBeanFactory.initializeBean(AbstractAutowireCapableBeanFactory.java:1802)
	at org.springframework.beans.factory.support.AbstractAutowireCapableBeanFactory.doCreateBean(AbstractAutowireCapableBeanFactory.java:601)
	at org.springframework.beans.factory.support.AbstractAutowireCapableBeanFactory.createBean(AbstractAutowireCapableBeanFactory.java:523)
	at org.springframework.beans.factory.support.AbstractBeanFactory.lambda$doGetBean$0(AbstractBeanFactory.java:336)
	at org.springframework.beans.factory.support.DefaultSingletonBeanRegistry.getSingleton(DefaultSingletonBeanRegistry.java:288)
	at org.springframework.beans.factory.support.AbstractBeanFactory.doGetBean(AbstractBeanFactory.java:334)
	at org.springframework.beans.factory.support.AbstractBeanFactory.getBean(AbstractBeanFactory.java:199)
	at org.springframework.beans.factory.support.BeanDefinitionValueResolver.resolveReference(BeanDefinitionValueResolver.java:365)
	... 117 common frames omitted
Caused by: java.lang.IllegalArgumentException: JPA metamodel must not be empty
	at org.springframework.util.Assert.notEmpty(Assert.java:398)
	at org.springframework.data.jpa.mapping.JpaMetamodelMappingContext.<init>(JpaMetamodelMappingContext.java:57)
	at org.springframework.data.jpa.repository.config.JpaMetamodelMappingContextFactoryBean.createInstance(JpaMetamodelMappingContextFactoryBean.java:68)
	at org.springframework.data.jpa.repository.config.JpaMetamodelMappingContextFactoryBean.createInstance(JpaMetamodelMappingContextFactoryBean.java:1)
	at org.springframework.beans.factory.config.AbstractFactoryBean.afterPropertiesSet(AbstractFactoryBean.java:142)
	at org.springframework.beans.factory.support.AbstractAutowireCapableBeanFactory.invokeInitMethods(AbstractAutowireCapableBeanFactory.java:1849)
	at org.springframework.beans.factory.support.AbstractAutowireCapableBeanFactory.initializeBean(AbstractAutowireCapableBeanFactory.java:1798)
	... 124 common frames omitted
26-08-01 17:33:12.568 [Test worker] WARN  o.s.test.context.TestContextManager - Caught exception while allowing TestExecutionListener [org.springframework.test.context.bean.override.BeanOverrideTestExecutionListener] to prepare test instance [com.sprint.mission.discodeit.controller.UserControllerTest@2c678c7b]
java.lang.IllegalStateException: Failed to load ApplicationContext for [WebMergedContextConfiguration@30d15e4a testClass = com.sprint.mission.discodeit.controller.UserControllerTest, locations = [], classes = [com.sprint.mission.discodeit.DiscodeitApplication], contextInitializerClasses = [], activeProfiles = [], propertySourceDescriptors = [], propertySourceProperties = ["org.springframework.boot.test.autoconfigure.web.servlet.WebMvcTestContextBootstrapper=true"], contextCustomizers = [org.springframework.boot.test.autoconfigure.OnFailureConditionReportContextCustomizerFactory$OnFailureConditionReportContextCustomizer@655ef322, org.springframework.boot.test.autoconfigure.OverrideAutoConfigurationContextCustomizerFactory$DisableAutoConfigurationContextCustomizer@5066d65f, org.springframework.boot.test.autoconfigure.actuate.observability.ObservabilityContextCustomizerFactory$DisableObservabilityContextCustomizer@1f, org.springframework.boot.test.autoconfigure.filter.TypeExcludeFiltersContextCustomizer@acf1b8d9, org.springframework.boot.test.autoconfigure.properties.PropertyMappingContextCustomizer@296572ca, org.springframework.boot.test.autoconfigure.web.servlet.WebDriverContextCustomizer@5d1659ea, [ImportsContextCustomizer@43a7203e key = [org.springframework.boot.autoconfigure.task.TaskExecutionAutoConfiguration, org.springframework.boot.autoconfigure.cache.CacheAutoConfiguration, org.springframework.boot.autoconfigure.web.servlet.HttpEncodingAutoConfiguration, org.springframework.boot.autoconfigure.validation.ValidationAutoConfiguration, org.springframework.boot.autoconfigure.context.MessageSourceAutoConfiguration, org.springframework.boot.autoconfigure.hateoas.HypermediaAutoConfiguration, org.springframework.boot.autoconfigure.jackson.JacksonAutoConfiguration, org.springframework.boot.autoconfigure.data.web.SpringDataWebAutoConfiguration, org.springframework.boot.test.autoconfigure.web.reactive.WebTestClientAutoConfiguration, org.springframework.boot.autoconfigure.web.servlet.error.ErrorMvcAutoConfiguration, org.springframework.boot.test.autoconfigure.web.servlet.MockMvcAutoConfiguration, org.springframework.boot.autoconfigure.security.servlet.SecurityAutoConfiguration, org.springframework.boot.autoconfigure.security.servlet.SecurityFilterAutoConfiguration, org.springframework.boot.autoconfigure.http.HttpMessageConvertersAutoConfiguration, org.springframework.boot.autoconfigure.security.oauth2.client.servlet.OAuth2ClientAutoConfiguration, com.sprint.mission.discodeit.exception.ErrorCodeStatusMapper, org.springframework.boot.test.autoconfigure.web.servlet.MockMvcSecurityConfiguration, org.springframework.boot.test.autoconfigure.web.servlet.MockMvcWebClientAutoConfiguration, org.springframework.boot.test.autoconfigure.web.servlet.MockMvcWebDriverAutoConfiguration, org.springframework.boot.autoconfigure.thymeleaf.ThymeleafAutoConfiguration, org.springframework.boot.autoconfigure.gson.GsonAutoConfiguration, org.springframework.boot.autoconfigure.jsonb.JsonbAutoConfiguration, org.springframework.boot.autoconfigure.freemarker.FreeMarkerAutoConfiguration, org.springframework.boot.autoconfigure.web.servlet.WebMvcAutoConfiguration, org.springframework.boot.autoconfigure.security.servlet.UserDetailsServiceAutoConfiguration, org.springframework.boot.autoconfigure.security.oauth2.resource.servlet.OAuth2ResourceServerAutoConfiguration, org.springframework.boot.autoconfigure.groovy.template.GroovyTemplateAutoConfiguration, org.springframework.boot.autoconfigure.mustache.MustacheAutoConfiguration]], org.springframework.boot.test.context.filter.ExcludeFilterContextCustomizer@1cbf6e72, org.springframework.boot.test.json.DuplicateJsonObjectContextCustomizerFactory$DuplicateJsonObjectContextCustomizer@4da602fc, org.springframework.boot.test.mock.mockito.MockitoContextCustomizer@0, org.springframework.boot.test.web.reactor.netty.DisableReactorResourceFactoryGlobalResourcesContextCustomizerFactory$DisableReactorResourceFactoryGlobalResourcesContextCustomizerCustomizer@57eda880, org.springframework.test.context.bean.override.BeanOverrideContextCustomizer@1993fd6e, org.springframework.test.context.support.DynamicPropertiesContextCustomizer@0, org.springframework.boot.test.context.SpringBootTestAnnotation@a8e2b515], resourceBasePath = "src/main/webapp", contextLoader = org.springframework.boot.test.context.SpringBootContextLoader, parent = null]
	at org.springframework.test.context.cache.DefaultCacheAwareContextLoaderDelegate.loadContext(DefaultCacheAwareContextLoaderDelegate.java:180)
	at org.springframework.test.context.support.DefaultTestContext.getApplicationContext(DefaultTestContext.java:130)
	at org.springframework.test.context.bean.override.BeanOverrideTestExecutionListener.injectFields(BeanOverrideTestExecutionListener.java:87)
	at org.springframework.test.context.bean.override.BeanOverrideTestExecutionListener.prepareTestInstance(BeanOverrideTestExecutionListener.java:58)
	at org.springframework.test.context.TestContextManager.prepareTestInstance(TestContextManager.java:260)
	at org.springframework.test.context.junit.jupiter.SpringExtension.postProcessTestInstance(SpringExtension.java:160)
	at org.junit.jupiter.engine.descriptor.ClassBasedTestDescriptor.lambda$invokeTestInstancePostProcessors$11(ClassBasedTestDescriptor.java:378)
	at org.junit.jupiter.engine.descriptor.ClassBasedTestDescriptor.executeAndMaskThrowable(ClassBasedTestDescriptor.java:383)
	at org.junit.jupiter.engine.descriptor.ClassBasedTestDescriptor.lambda$invokeTestInstancePostProcessors$12(ClassBasedTestDescriptor.java:378)
	at java.base/java.util.stream.ForEachOps$ForEachOp$OfRef.accept(ForEachOps.java:183)
	at java.base/java.util.stream.ReferencePipeline$3$1.accept(ReferencePipeline.java:197)
	at java.base/java.util.stream.ReferencePipeline$2$1.accept(ReferencePipeline.java:179)
	at java.base/java.util.stream.ReferencePipeline$3$1.accept(ReferencePipeline.java:197)
	at java.base/java.util.ArrayList$ArrayListSpliterator.forEachRemaining(ArrayList.java:1625)
	at java.base/java.util.stream.AbstractPipeline.copyInto(AbstractPipeline.java:509)
	at java.base/java.util.stream.AbstractPipeline.wrapAndCopyInto(AbstractPipeline.java:499)
	at java.base/java.util.stream.ForEachOps$ForEachOp.evaluateSequential(ForEachOps.java:150)
	at java.base/java.util.stream.ForEachOps$ForEachOp$OfRef.evaluateSequential(ForEachOps.java:173)
	at java.base/java.util.stream.AbstractPipeline.evaluate(AbstractPipeline.java:234)
	at java.base/java.util.stream.ReferencePipeline.forEach(ReferencePipeline.java:596)
	at org.junit.jupiter.engine.descriptor.ClassBasedTestDescriptor.invokeTestInstancePostProcessors(ClassBasedTestDescriptor.java:377)
	at org.junit.jupiter.engine.descriptor.ClassBasedTestDescriptor.lambda$instantiateAndPostProcessTestInstance$7(ClassBasedTestDescriptor.java:290)
	at org.junit.platform.engine.support.hierarchical.ThrowableCollector.execute(ThrowableCollector.java:73)
	at org.junit.jupiter.engine.descriptor.ClassBasedTestDescriptor.instantiateAndPostProcessTestInstance(ClassBasedTestDescriptor.java:289)
	at org.junit.jupiter.engine.descriptor.ClassBasedTestDescriptor.lambda$testInstancesProvider$5(ClassBasedTestDescriptor.java:279)
	at java.base/java.util.Optional.orElseGet(Optional.java:364)
	at org.junit.jupiter.engine.descriptor.ClassBasedTestDescriptor.lambda$testInstancesProvider$6(ClassBasedTestDescriptor.java:278)
	at org.junit.jupiter.engine.execution.TestInstancesProvider.getTestInstances(TestInstancesProvider.java:31)
	at org.junit.jupiter.engine.descriptor.TestMethodTestDescriptor.lambda$prepare$1(TestMethodTestDescriptor.java:105)
	at org.junit.platform.engine.support.hierarchical.ThrowableCollector.execute(ThrowableCollector.java:73)
	at org.junit.jupiter.engine.descriptor.TestMethodTestDescriptor.prepare(TestMethodTestDescriptor.java:104)
	at org.junit.jupiter.engine.descriptor.TestMethodTestDescriptor.prepare(TestMethodTestDescriptor.java:68)
	at org.junit.platform.engine.support.hierarchical.NodeTestTask.lambda$prepare$2(NodeTestTask.java:128)
	at org.junit.platform.engine.support.hierarchical.ThrowableCollector.execute(ThrowableCollector.java:73)
	at org.junit.platform.engine.support.hierarchical.NodeTestTask.prepare(NodeTestTask.java:128)
	at org.junit.platform.engine.support.hierarchical.NodeTestTask.execute(NodeTestTask.java:95)
	at java.base/java.util.ArrayList.forEach(ArrayList.java:1511)
	at org.junit.platform.engine.support.hierarchical.SameThreadHierarchicalTestExecutorService.invokeAll(SameThreadHierarchicalTestExecutorService.java:41)
	at org.junit.platform.engine.support.hierarchical.NodeTestTask.lambda$executeRecursively$6(NodeTestTask.java:160)
	at org.junit.platform.engine.support.hierarchical.ThrowableCollector.execute(ThrowableCollector.java:73)
	at org.junit.platform.engine.support.hierarchical.NodeTestTask.lambda$executeRecursively$8(NodeTestTask.java:146)
	at org.junit.platform.engine.support.hierarchical.Node.around(Node.java:137)
	at org.junit.platform.engine.support.hierarchical.NodeTestTask.lambda$executeRecursively$9(NodeTestTask.java:144)
	at org.junit.platform.engine.support.hierarchical.ThrowableCollector.execute(ThrowableCollector.java:73)
	at org.junit.platform.engine.support.hierarchical.NodeTestTask.executeRecursively(NodeTestTask.java:143)
	at org.junit.platform.engine.support.hierarchical.NodeTestTask.execute(NodeTestTask.java:100)
	at java.base/java.util.ArrayList.forEach(ArrayList.java:1511)
	at org.junit.platform.engine.support.hierarchical.SameThreadHierarchicalTestExecutorService.invokeAll(SameThreadHierarchicalTestExecutorService.java:41)
	at org.junit.platform.engine.support.hierarchical.NodeTestTask.lambda$executeRecursively$6(NodeTestTask.java:160)
	at org.junit.platform.engine.support.hierarchical.ThrowableCollector.execute(ThrowableCollector.java:73)
	at org.junit.platform.engine.support.hierarchical.NodeTestTask.lambda$executeRecursively$8(NodeTestTask.java:146)
	at org.junit.platform.engine.support.hierarchical.Node.around(Node.java:137)
	at org.junit.platform.engine.support.hierarchical.NodeTestTask.lambda$executeRecursively$9(NodeTestTask.java:144)
	at org.junit.platform.engine.support.hierarchical.ThrowableCollector.execute(ThrowableCollector.java:73)
	at org.junit.platform.engine.support.hierarchical.NodeTestTask.executeRecursively(NodeTestTask.java:143)
	at org.junit.platform.engine.support.hierarchical.NodeTestTask.execute(NodeTestTask.java:100)
	at org.junit.platform.engine.support.hierarchical.SameThreadHierarchicalTestExecutorService.submit(SameThreadHierarchicalTestExecutorService.java:35)
	at org.junit.platform.engine.support.hierarchical.HierarchicalTestExecutor.execute(HierarchicalTestExecutor.java:57)
	at org.junit.platform.engine.support.hierarchical.HierarchicalTestEngine.execute(HierarchicalTestEngine.java:54)
	at org.junit.platform.launcher.core.EngineExecutionOrchestrator.execute(EngineExecutionOrchestrator.java:198)
	at org.junit.platform.launcher.core.EngineExecutionOrchestrator.execute(EngineExecutionOrchestrator.java:169)
	at org.junit.platform.launcher.core.EngineExecutionOrchestrator.execute(EngineExecutionOrchestrator.java:93)
	at org.junit.platform.launcher.core.EngineExecutionOrchestrator.lambda$execute$0(EngineExecutionOrchestrator.java:58)
	at org.junit.platform.launcher.core.EngineExecutionOrchestrator.withInterceptedStreams(EngineExecutionOrchestrator.java:141)
	at org.junit.platform.launcher.core.EngineExecutionOrchestrator.execute(EngineExecutionOrchestrator.java:57)
	at org.junit.platform.launcher.core.DefaultLauncher.execute(DefaultLauncher.java:103)
	at org.junit.platform.launcher.core.DefaultLauncher.execute(DefaultLauncher.java:85)
	at org.junit.platform.launcher.core.DelegatingLauncher.execute(DelegatingLauncher.java:47)
	at org.gradle.api.internal.tasks.testing.junitplatform.JUnitPlatformTestClassProcessor$CollectAllTestClassesExecutor.processAllTestClasses(JUnitPlatformTestClassProcessor.java:124)
	at org.gradle.api.internal.tasks.testing.junitplatform.JUnitPlatformTestClassProcessor$CollectAllTestClassesExecutor.access$000(JUnitPlatformTestClassProcessor.java:99)
	at org.gradle.api.internal.tasks.testing.junitplatform.JUnitPlatformTestClassProcessor.stop(JUnitPlatformTestClassProcessor.java:94)
	at org.gradle.api.internal.tasks.testing.SuiteTestClassProcessor.stop(SuiteTestClassProcessor.java:63)
	at java.base/jdk.internal.reflect.NativeMethodAccessorImpl.invoke0(Native Method)
	at java.base/jdk.internal.reflect.NativeMethodAccessorImpl.invoke(NativeMethodAccessorImpl.java:77)
	at java.base/jdk.internal.reflect.DelegatingMethodAccessorImpl.invoke(DelegatingMethodAccessorImpl.java:43)
	at java.base/java.lang.reflect.Method.invoke(Method.java:569)
	at org.gradle.internal.dispatch.ReflectionDispatch.dispatch(ReflectionDispatch.java:36)
	at org.gradle.internal.dispatch.ReflectionDispatch.dispatch(ReflectionDispatch.java:24)
	at org.gradle.internal.dispatch.ContextClassLoaderDispatch.dispatch(ContextClassLoaderDispatch.java:33)
	at org.gradle.internal.dispatch.ProxyDispatchAdapter$DispatchingInvocationHandler.invoke(ProxyDispatchAdapter.java:92)
	at jdk.proxy1/jdk.proxy1.$Proxy4.stop(Unknown Source)
	at org.gradle.api.internal.tasks.testing.worker.TestWorker$3.run(TestWorker.java:200)
	at org.gradle.api.internal.tasks.testing.worker.TestWorker.executeAndMaintainThreadName(TestWorker.java:132)
	at org.gradle.api.internal.tasks.testing.worker.TestWorker.execute(TestWorker.java:103)
	at org.gradle.api.internal.tasks.testing.worker.TestWorker.execute(TestWorker.java:63)
	at org.gradle.process.internal.worker.child.ActionExecutionWorker.execute(ActionExecutionWorker.java:56)
	at org.gradle.process.internal.worker.child.SystemApplicationClassLoaderWorker.call(SystemApplicationClassLoaderWorker.java:122)
	at org.gradle.process.internal.worker.child.SystemApplicationClassLoaderWorker.call(SystemApplicationClassLoaderWorker.java:72)
	at worker.org.gradle.process.internal.worker.GradleWorkerMain.run(GradleWorkerMain.java:69)
	at worker.org.gradle.process.internal.worker.GradleWorkerMain.main(GradleWorkerMain.java:74)
Caused by: org.springframework.beans.factory.BeanCreationException: Error creating bean with name 'jpaAuditingHandler': Cannot resolve reference to bean 'jpaMappingContext' while setting constructor argument
	at org.springframework.beans.factory.support.BeanDefinitionValueResolver.resolveReference(BeanDefinitionValueResolver.java:377)
	at org.springframework.beans.factory.support.BeanDefinitionValueResolver.resolveValueIfNecessary(BeanDefinitionValueResolver.java:135)
	at org.springframework.beans.factory.support.ConstructorResolver.resolveConstructorArguments(ConstructorResolver.java:691)
	at org.springframework.beans.factory.support.ConstructorResolver.instantiateUsingFactoryMethod(ConstructorResolver.java:513)
	at org.springframework.beans.factory.support.AbstractAutowireCapableBeanFactory.instantiateUsingFactoryMethod(AbstractAutowireCapableBeanFactory.java:1351)
	at org.springframework.beans.factory.support.AbstractAutowireCapableBeanFactory.createBeanInstance(AbstractAutowireCapableBeanFactory.java:1181)
	at org.springframework.beans.factory.support.AbstractAutowireCapableBeanFactory.doCreateBean(AbstractAutowireCapableBeanFactory.java:563)
	at org.springframework.beans.factory.support.AbstractAutowireCapableBeanFactory.createBean(AbstractAutowireCapableBeanFactory.java:523)
	at org.springframework.beans.factory.support.AbstractBeanFactory.lambda$doGetBean$0(AbstractBeanFactory.java:336)
	at org.springframework.beans.factory.support.DefaultSingletonBeanRegistry.getSingleton(DefaultSingletonBeanRegistry.java:288)
	at org.springframework.beans.factory.support.AbstractBeanFactory.doGetBean(AbstractBeanFactory.java:334)
	at org.springframework.beans.factory.support.AbstractBeanFactory.getBean(AbstractBeanFactory.java:199)
	at org.springframework.beans.factory.support.DefaultListableBeanFactory.instantiateSingleton(DefaultListableBeanFactory.java:1122)
	at org.springframework.beans.factory.support.DefaultListableBeanFactory.preInstantiateSingleton(DefaultListableBeanFactory.java:1093)
	at org.springframework.beans.factory.support.DefaultListableBeanFactory.preInstantiateSingletons(DefaultListableBeanFactory.java:1030)
	at org.springframework.context.support.AbstractApplicationContext.finishBeanFactoryInitialization(AbstractApplicationContext.java:987)
	at org.springframework.context.support.AbstractApplicationContext.refresh(AbstractApplicationContext.java:627)
	at org.springframework.boot.SpringApplication.refresh(SpringApplication.java:752)
	at org.springframework.boot.SpringApplication.refreshContext(SpringApplication.java:439)
	at org.springframework.boot.SpringApplication.run(SpringApplication.java:318)
	at org.springframework.boot.test.context.SpringBootContextLoader.lambda$loadContext$3(SpringBootContextLoader.java:137)
	at org.springframework.util.function.ThrowingSupplier.get(ThrowingSupplier.java:58)
	at org.springframework.util.function.ThrowingSupplier.get(ThrowingSupplier.java:46)
	at org.springframework.boot.SpringApplication.withHook(SpringApplication.java:1461)
	at org.springframework.boot.test.context.SpringBootContextLoader$ContextLoaderHook.run(SpringBootContextLoader.java:553)
	at org.springframework.boot.test.context.SpringBootContextLoader.loadContext(SpringBootContextLoader.java:137)
	at org.springframework.boot.test.context.SpringBootContextLoader.loadContext(SpringBootContextLoader.java:108)
	at org.springframework.test.context.cache.DefaultCacheAwareContextLoaderDelegate.loadContextInternal(DefaultCacheAwareContextLoaderDelegate.java:225)
	at org.springframework.test.context.cache.DefaultCacheAwareContextLoaderDelegate.loadContext(DefaultCacheAwareContextLoaderDelegate.java:152)
	... 89 common frames omitted
Caused by: org.springframework.beans.factory.BeanCreationException: Error creating bean with name 'jpaMappingContext': JPA metamodel must not be empty
	at org.springframework.beans.factory.support.AbstractAutowireCapableBeanFactory.initializeBean(AbstractAutowireCapableBeanFactory.java:1802)
	at org.springframework.beans.factory.support.AbstractAutowireCapableBeanFactory.doCreateBean(AbstractAutowireCapableBeanFactory.java:601)
	at org.springframework.beans.factory.support.AbstractAutowireCapableBeanFactory.createBean(AbstractAutowireCapableBeanFactory.java:523)
	at org.springframework.beans.factory.support.AbstractBeanFactory.lambda$doGetBean$0(AbstractBeanFactory.java:336)
	at org.springframework.beans.factory.support.DefaultSingletonBeanRegistry.getSingleton(DefaultSingletonBeanRegistry.java:288)
	at org.springframework.beans.factory.support.AbstractBeanFactory.doGetBean(AbstractBeanFactory.java:334)
	at org.springframework.beans.factory.support.AbstractBeanFactory.getBean(AbstractBeanFactory.java:199)
	at org.springframework.beans.factory.support.BeanDefinitionValueResolver.resolveReference(BeanDefinitionValueResolver.java:365)
	... 117 common frames omitted
Caused by: java.lang.IllegalArgumentException: JPA metamodel must not be empty
	at org.springframework.util.Assert.notEmpty(Assert.java:398)
	at org.springframework.data.jpa.mapping.JpaMetamodelMappingContext.<init>(JpaMetamodelMappingContext.java:57)
	at org.springframework.data.jpa.repository.config.JpaMetamodelMappingContextFactoryBean.createInstance(JpaMetamodelMappingContextFactoryBean.java:68)
	at org.springframework.data.jpa.repository.config.JpaMetamodelMappingContextFactoryBean.createInstance(JpaMetamodelMappingContextFactoryBean.java:1)
	at org.springframework.beans.factory.config.AbstractFactoryBean.afterPropertiesSet(AbstractFactoryBean.java:142)
	at org.springframework.beans.factory.support.AbstractAutowireCapableBeanFactory.invokeInitMethods(AbstractAutowireCapableBeanFactory.java:1849)
	at org.springframework.beans.factory.support.AbstractAutowireCapableBeanFactory.initializeBean(AbstractAutowireCapableBeanFactory.java:1798)
	... 124 common frames omitted
26-08-01 17:33:12.608 [Test worker] WARN  o.s.test.context.TestContextManager - Caught exception while allowing TestExecutionListener [org.springframework.test.context.bean.override.BeanOverrideTestExecutionListener] to prepare test instance [com.sprint.mission.discodeit.controller.UserControllerTest@7df4709e]
java.lang.IllegalStateException: ApplicationContext failure threshold (1) exceeded: skipping repeated attempt to load context for [WebMergedContextConfiguration@30d15e4a testClass = com.sprint.mission.discodeit.controller.UserControllerTest, locations = [], classes = [com.sprint.mission.discodeit.DiscodeitApplication], contextInitializerClasses = [], activeProfiles = [], propertySourceDescriptors = [], propertySourceProperties = ["org.springframework.boot.test.autoconfigure.web.servlet.WebMvcTestContextBootstrapper=true"], contextCustomizers = [org.springframework.boot.test.autoconfigure.OnFailureConditionReportContextCustomizerFactory$OnFailureConditionReportContextCustomizer@655ef322, org.springframework.boot.test.autoconfigure.OverrideAutoConfigurationContextCustomizerFactory$DisableAutoConfigurationContextCustomizer@5066d65f, org.springframework.boot.test.autoconfigure.actuate.observability.ObservabilityContextCustomizerFactory$DisableObservabilityContextCustomizer@1f, org.springframework.boot.test.autoconfigure.filter.TypeExcludeFiltersContextCustomizer@acf1b8d9, org.springframework.boot.test.autoconfigure.properties.PropertyMappingContextCustomizer@296572ca, org.springframework.boot.test.autoconfigure.web.servlet.WebDriverContextCustomizer@5d1659ea, [ImportsContextCustomizer@43a7203e key = [org.springframework.boot.autoconfigure.task.TaskExecutionAutoConfiguration, org.springframework.boot.autoconfigure.cache.CacheAutoConfiguration, org.springframework.boot.autoconfigure.web.servlet.HttpEncodingAutoConfiguration, org.springframework.boot.autoconfigure.validation.ValidationAutoConfiguration, org.springframework.boot.autoconfigure.context.MessageSourceAutoConfiguration, org.springframework.boot.autoconfigure.hateoas.HypermediaAutoConfiguration, org.springframework.boot.autoconfigure.jackson.JacksonAutoConfiguration, org.springframework.boot.autoconfigure.data.web.SpringDataWebAutoConfiguration, org.springframework.boot.test.autoconfigure.web.reactive.WebTestClientAutoConfiguration, org.springframework.boot.autoconfigure.web.servlet.error.ErrorMvcAutoConfiguration, org.springframework.boot.test.autoconfigure.web.servlet.MockMvcAutoConfiguration, org.springframework.boot.autoconfigure.security.servlet.SecurityAutoConfiguration, org.springframework.boot.autoconfigure.security.servlet.SecurityFilterAutoConfiguration, org.springframework.boot.autoconfigure.http.HttpMessageConvertersAutoConfiguration, org.springframework.boot.autoconfigure.security.oauth2.client.servlet.OAuth2ClientAutoConfiguration, com.sprint.mission.discodeit.exception.ErrorCodeStatusMapper, org.springframework.boot.test.autoconfigure.web.servlet.MockMvcSecurityConfiguration, org.springframework.boot.test.autoconfigure.web.servlet.MockMvcWebClientAutoConfiguration, org.springframework.boot.test.autoconfigure.web.servlet.MockMvcWebDriverAutoConfiguration, org.springframework.boot.autoconfigure.thymeleaf.ThymeleafAutoConfiguration, org.springframework.boot.autoconfigure.gson.GsonAutoConfiguration, org.springframework.boot.autoconfigure.jsonb.JsonbAutoConfiguration, org.springframework.boot.autoconfigure.freemarker.FreeMarkerAutoConfiguration, org.springframework.boot.autoconfigure.web.servlet.WebMvcAutoConfiguration, org.springframework.boot.autoconfigure.security.servlet.UserDetailsServiceAutoConfiguration, org.springframework.boot.autoconfigure.security.oauth2.resource.servlet.OAuth2ResourceServerAutoConfiguration, org.springframework.boot.autoconfigure.groovy.template.GroovyTemplateAutoConfiguration, org.springframework.boot.autoconfigure.mustache.MustacheAutoConfiguration]], org.springframework.boot.test.context.filter.ExcludeFilterContextCustomizer@1cbf6e72, org.springframework.boot.test.json.DuplicateJsonObjectContextCustomizerFactory$DuplicateJsonObjectContextCustomizer@4da602fc, org.springframework.boot.test.mock.mockito.MockitoContextCustomizer@0, org.springframework.boot.test.web.reactor.netty.DisableReactorResourceFactoryGlobalResourcesContextCustomizerFactory$DisableReactorResourceFactoryGlobalResourcesContextCustomizerCustomizer@57eda880, org.springframework.test.context.bean.override.BeanOverrideContextCustomizer@1993fd6e, org.springframework.test.context.support.DynamicPropertiesContextCustomizer@0, org.springframework.boot.test.context.SpringBootTestAnnotation@a8e2b515], resourceBasePath = "src/main/webapp", contextLoader = org.springframework.boot.test.context.SpringBootContextLoader, parent = null]
	at org.springframework.test.context.cache.DefaultCacheAwareContextLoaderDelegate.loadContext(DefaultCacheAwareContextLoaderDelegate.java:145)
	at org.springframework.test.context.support.DefaultTestContext.getApplicationContext(DefaultTestContext.java:130)
	at org.springframework.test.context.bean.override.BeanOverrideTestExecutionListener.injectFields(BeanOverrideTestExecutionListener.java:87)
	at org.springframework.test.context.bean.override.BeanOverrideTestExecutionListener.prepareTestInstance(BeanOverrideTestExecutionListener.java:58)
	at org.springframework.test.context.TestContextManager.prepareTestInstance(TestContextManager.java:260)
	at org.springframework.test.context.junit.jupiter.SpringExtension.postProcessTestInstance(SpringExtension.java:160)
	at org.junit.jupiter.engine.descriptor.ClassBasedTestDescriptor.lambda$invokeTestInstancePostProcessors$11(ClassBasedTestDescriptor.java:378)
	at org.junit.jupiter.engine.descriptor.ClassBasedTestDescriptor.executeAndMaskThrowable(ClassBasedTestDescriptor.java:383)
	at org.junit.jupiter.engine.descriptor.ClassBasedTestDescriptor.lambda$invokeTestInstancePostProcessors$12(ClassBasedTestDescriptor.java:378)
	at java.base/java.util.stream.ForEachOps$ForEachOp$OfRef.accept(ForEachOps.java:183)
	at java.base/java.util.stream.ReferencePipeline$3$1.accept(ReferencePipeline.java:197)
	at java.base/java.util.stream.ReferencePipeline$2$1.accept(ReferencePipeline.java:179)
	at java.base/java.util.stream.ReferencePipeline$3$1.accept(ReferencePipeline.java:197)
	at java.base/java.util.ArrayList$ArrayListSpliterator.forEachRemaining(ArrayList.java:1625)
	at java.base/java.util.stream.AbstractPipeline.copyInto(AbstractPipeline.java:509)
	at java.base/java.util.stream.AbstractPipeline.wrapAndCopyInto(AbstractPipeline.java:499)
	at java.base/java.util.stream.ForEachOps$ForEachOp.evaluateSequential(ForEachOps.java:150)
	at java.base/java.util.stream.ForEachOps$ForEachOp$OfRef.evaluateSequential(ForEachOps.java:173)
	at java.base/java.util.stream.AbstractPipeline.evaluate(AbstractPipeline.java:234)
	at java.base/java.util.stream.ReferencePipeline.forEach(ReferencePipeline.java:596)
	at org.junit.jupiter.engine.descriptor.ClassBasedTestDescriptor.invokeTestInstancePostProcessors(ClassBasedTestDescriptor.java:377)
	at org.junit.jupiter.engine.descriptor.ClassBasedTestDescriptor.lambda$instantiateAndPostProcessTestInstance$7(ClassBasedTestDescriptor.java:290)
	at org.junit.platform.engine.support.hierarchical.ThrowableCollector.execute(ThrowableCollector.java:73)
	at org.junit.jupiter.engine.descriptor.ClassBasedTestDescriptor.instantiateAndPostProcessTestInstance(ClassBasedTestDescriptor.java:289)
	at org.junit.jupiter.engine.descriptor.ClassBasedTestDescriptor.lambda$testInstancesProvider$5(ClassBasedTestDescriptor.java:279)
	at java.base/java.util.Optional.orElseGet(Optional.java:364)
	at org.junit.jupiter.engine.descriptor.ClassBasedTestDescriptor.lambda$testInstancesProvider$6(ClassBasedTestDescriptor.java:278)
	at org.junit.jupiter.engine.execution.TestInstancesProvider.getTestInstances(TestInstancesProvider.java:31)
	at org.junit.jupiter.engine.descriptor.TestMethodTestDescriptor.lambda$prepare$1(TestMethodTestDescriptor.java:105)
	at org.junit.platform.engine.support.hierarchical.ThrowableCollector.execute(ThrowableCollector.java:73)
	at org.junit.jupiter.engine.descriptor.TestMethodTestDescriptor.prepare(TestMethodTestDescriptor.java:104)
	at org.junit.jupiter.engine.descriptor.TestMethodTestDescriptor.prepare(TestMethodTestDescriptor.java:68)
	at org.junit.platform.engine.support.hierarchical.NodeTestTask.lambda$prepare$2(NodeTestTask.java:128)
	at org.junit.platform.engine.support.hierarchical.ThrowableCollector.execute(ThrowableCollector.java:73)
	at org.junit.platform.engine.support.hierarchical.NodeTestTask.prepare(NodeTestTask.java:128)
	at org.junit.platform.engine.support.hierarchical.NodeTestTask.execute(NodeTestTask.java:95)
	at java.base/java.util.ArrayList.forEach(ArrayList.java:1511)
	at org.junit.platform.engine.support.hierarchical.SameThreadHierarchicalTestExecutorService.invokeAll(SameThreadHierarchicalTestExecutorService.java:41)
	at org.junit.platform.engine.support.hierarchical.NodeTestTask.lambda$executeRecursively$6(NodeTestTask.java:160)
	at org.junit.platform.engine.support.hierarchical.ThrowableCollector.execute(ThrowableCollector.java:73)
	at org.junit.platform.engine.support.hierarchical.NodeTestTask.lambda$executeRecursively$8(NodeTestTask.java:146)
	at org.junit.platform.engine.support.hierarchical.Node.around(Node.java:137)
	at org.junit.platform.engine.support.hierarchical.NodeTestTask.lambda$executeRecursively$9(NodeTestTask.java:144)
	at org.junit.platform.engine.support.hierarchical.ThrowableCollector.execute(ThrowableCollector.java:73)
	at org.junit.platform.engine.support.hierarchical.NodeTestTask.executeRecursively(NodeTestTask.java:143)
	at org.junit.platform.engine.support.hierarchical.NodeTestTask.execute(NodeTestTask.java:100)
	at java.base/java.util.ArrayList.forEach(ArrayList.java:1511)
	at org.junit.platform.engine.support.hierarchical.SameThreadHierarchicalTestExecutorService.invokeAll(SameThreadHierarchicalTestExecutorService.java:41)
	at org.junit.platform.engine.support.hierarchical.NodeTestTask.lambda$executeRecursively$6(NodeTestTask.java:160)
	at org.junit.platform.engine.support.hierarchical.ThrowableCollector.execute(ThrowableCollector.java:73)
	at org.junit.platform.engine.support.hierarchical.NodeTestTask.lambda$executeRecursively$8(NodeTestTask.java:146)
	at org.junit.platform.engine.support.hierarchical.Node.around(Node.java:137)
	at org.junit.platform.engine.support.hierarchical.NodeTestTask.lambda$executeRecursively$9(NodeTestTask.java:144)
	at org.junit.platform.engine.support.hierarchical.ThrowableCollector.execute(ThrowableCollector.java:73)
	at org.junit.platform.engine.support.hierarchical.NodeTestTask.executeRecursively(NodeTestTask.java:143)
	at org.junit.platform.engine.support.hierarchical.NodeTestTask.execute(NodeTestTask.java:100)
	at org.junit.platform.engine.support.hierarchical.SameThreadHierarchicalTestExecutorService.submit(SameThreadHierarchicalTestExecutorService.java:35)
	at org.junit.platform.engine.support.hierarchical.HierarchicalTestExecutor.execute(HierarchicalTestExecutor.java:57)
	at org.junit.platform.engine.support.hierarchical.HierarchicalTestEngine.execute(HierarchicalTestEngine.java:54)
	at org.junit.platform.launcher.core.EngineExecutionOrchestrator.execute(EngineExecutionOrchestrator.java:198)
	at org.junit.platform.launcher.core.EngineExecutionOrchestrator.execute(EngineExecutionOrchestrator.java:169)
	at org.junit.platform.launcher.core.EngineExecutionOrchestrator.execute(EngineExecutionOrchestrator.java:93)
	at org.junit.platform.launcher.core.EngineExecutionOrchestrator.lambda$execute$0(EngineExecutionOrchestrator.java:58)
	at org.junit.platform.launcher.core.EngineExecutionOrchestrator.withInterceptedStreams(EngineExecutionOrchestrator.java:141)
	at org.junit.platform.launcher.core.EngineExecutionOrchestrator.execute(EngineExecutionOrchestrator.java:57)
	at org.junit.platform.launcher.core.DefaultLauncher.execute(DefaultLauncher.java:103)
	at org.junit.platform.launcher.core.DefaultLauncher.execute(DefaultLauncher.java:85)
	at org.junit.platform.launcher.core.DelegatingLauncher.execute(DelegatingLauncher.java:47)
	at org.gradle.api.internal.tasks.testing.junitplatform.JUnitPlatformTestClassProcessor$CollectAllTestClassesExecutor.processAllTestClasses(JUnitPlatformTestClassProcessor.java:124)
	at org.gradle.api.internal.tasks.testing.junitplatform.JUnitPlatformTestClassProcessor$CollectAllTestClassesExecutor.access$000(JUnitPlatformTestClassProcessor.java:99)
	at org.gradle.api.internal.tasks.testing.junitplatform.JUnitPlatformTestClassProcessor.stop(JUnitPlatformTestClassProcessor.java:94)
	at org.gradle.api.internal.tasks.testing.SuiteTestClassProcessor.stop(SuiteTestClassProcessor.java:63)
	at java.base/jdk.internal.reflect.NativeMethodAccessorImpl.invoke0(Native Method)
	at java.base/jdk.internal.reflect.NativeMethodAccessorImpl.invoke(NativeMethodAccessorImpl.java:77)
	at java.base/jdk.internal.reflect.DelegatingMethodAccessorImpl.invoke(DelegatingMethodAccessorImpl.java:43)
	at java.base/java.lang.reflect.Method.invoke(Method.java:569)
	at org.gradle.internal.dispatch.ReflectionDispatch.dispatch(ReflectionDispatch.java:36)
	at org.gradle.internal.dispatch.ReflectionDispatch.dispatch(ReflectionDispatch.java:24)
	at org.gradle.internal.dispatch.ContextClassLoaderDispatch.dispatch(ContextClassLoaderDispatch.java:33)
	at org.gradle.internal.dispatch.ProxyDispatchAdapter$DispatchingInvocationHandler.invoke(ProxyDispatchAdapter.java:92)
	at jdk.proxy1/jdk.proxy1.$Proxy4.stop(Unknown Source)
	at org.gradle.api.internal.tasks.testing.worker.TestWorker$3.run(TestWorker.java:200)
	at org.gradle.api.internal.tasks.testing.worker.TestWorker.executeAndMaintainThreadName(TestWorker.java:132)
	at org.gradle.api.internal.tasks.testing.worker.TestWorker.execute(TestWorker.java:103)
	at org.gradle.api.internal.tasks.testing.worker.TestWorker.execute(TestWorker.java:63)
	at org.gradle.process.internal.worker.child.ActionExecutionWorker.execute(ActionExecutionWorker.java:56)
	at org.gradle.process.internal.worker.child.SystemApplicationClassLoaderWorker.call(SystemApplicationClassLoaderWorker.java:122)
	at org.gradle.process.internal.worker.child.SystemApplicationClassLoaderWorker.call(SystemApplicationClassLoaderWorker.java:72)
	at worker.org.gradle.process.internal.worker.GradleWorkerMain.run(GradleWorkerMain.java:69)
	at worker.org.gradle.process.internal.worker.GradleWorkerMain.main(GradleWorkerMain.java:74)
26-08-01 17:33:19.804 [background-preinit] INFO  o.h.validator.internal.util.Version - HV000001: Hibernate Validator 8.0.1.Final
26-08-01 17:33:19.834 [Test worker] INFO  c.s.m.d.c.UserControllerTest - Starting UserControllerTest using Java 17.0.19 with PID 86182 (started by jangjunseo in /Users/jangjunseo/Desktop/codei_13th_develop/13-sprint-mission)
26-08-01 17:33:19.835 [Test worker] INFO  c.s.m.d.c.UserControllerTest - The following 1 profile is active: "dev"
26-08-01 17:33:20.686 [Test worker] WARN  o.s.w.c.s.GenericWebApplicationContext - Exception encountered during context initialization - cancelling refresh attempt: org.springframework.beans.factory.BeanCreationException: Error creating bean with name 'jpaAuditingHandler': Cannot resolve reference to bean 'jpaMappingContext' while setting constructor argument
26-08-01 17:33:20.701 [Test worker] INFO  o.s.b.a.l.ConditionEvaluationReportLogger - 

Error starting ApplicationContext. To display the condition evaluation report re-run your application with 'debug' enabled.
26-08-01 17:33:20.723 [Test worker] ERROR o.s.boot.SpringApplication - Application run failed
org.springframework.beans.factory.BeanCreationException: Error creating bean with name 'jpaAuditingHandler': Cannot resolve reference to bean 'jpaMappingContext' while setting constructor argument
	at org.springframework.beans.factory.support.BeanDefinitionValueResolver.resolveReference(BeanDefinitionValueResolver.java:377)
	at org.springframework.beans.factory.support.BeanDefinitionValueResolver.resolveValueIfNecessary(BeanDefinitionValueResolver.java:135)
	at org.springframework.beans.factory.support.ConstructorResolver.resolveConstructorArguments(ConstructorResolver.java:691)
	at org.springframework.beans.factory.support.ConstructorResolver.instantiateUsingFactoryMethod(ConstructorResolver.java:513)
	at org.springframework.beans.factory.support.AbstractAutowireCapableBeanFactory.instantiateUsingFactoryMethod(AbstractAutowireCapableBeanFactory.java:1351)
	at org.springframework.beans.factory.support.AbstractAutowireCapableBeanFactory.createBeanInstance(AbstractAutowireCapableBeanFactory.java:1181)
	at org.springframework.beans.factory.support.AbstractAutowireCapableBeanFactory.doCreateBean(AbstractAutowireCapableBeanFactory.java:563)
	at org.springframework.beans.factory.support.AbstractAutowireCapableBeanFactory.createBean(AbstractAutowireCapableBeanFactory.java:523)
	at org.springframework.beans.factory.support.AbstractBeanFactory.lambda$doGetBean$0(AbstractBeanFactory.java:336)
	at org.springframework.beans.factory.support.DefaultSingletonBeanRegistry.getSingleton(DefaultSingletonBeanRegistry.java:288)
	at org.springframework.beans.factory.support.AbstractBeanFactory.doGetBean(AbstractBeanFactory.java:334)
	at org.springframework.beans.factory.support.AbstractBeanFactory.getBean(AbstractBeanFactory.java:199)
	at org.springframework.beans.factory.support.DefaultListableBeanFactory.instantiateSingleton(DefaultListableBeanFactory.java:1122)
	at org.springframework.beans.factory.support.DefaultListableBeanFactory.preInstantiateSingleton(DefaultListableBeanFactory.java:1093)
	at org.springframework.beans.factory.support.DefaultListableBeanFactory.preInstantiateSingletons(DefaultListableBeanFactory.java:1030)
	at org.springframework.context.support.AbstractApplicationContext.finishBeanFactoryInitialization(AbstractApplicationContext.java:987)
	at org.springframework.context.support.AbstractApplicationContext.refresh(AbstractApplicationContext.java:627)
	at org.springframework.boot.SpringApplication.refresh(SpringApplication.java:752)
	at org.springframework.boot.SpringApplication.refreshContext(SpringApplication.java:439)
	at org.springframework.boot.SpringApplication.run(SpringApplication.java:318)
	at org.springframework.boot.test.context.SpringBootContextLoader.lambda$loadContext$3(SpringBootContextLoader.java:137)
	at org.springframework.util.function.ThrowingSupplier.get(ThrowingSupplier.java:58)
	at org.springframework.util.function.ThrowingSupplier.get(ThrowingSupplier.java:46)
	at org.springframework.boot.SpringApplication.withHook(SpringApplication.java:1461)
	at org.springframework.boot.test.context.SpringBootContextLoader$ContextLoaderHook.run(SpringBootContextLoader.java:553)
	at org.springframework.boot.test.context.SpringBootContextLoader.loadContext(SpringBootContextLoader.java:137)
	at org.springframework.boot.test.context.SpringBootContextLoader.loadContext(SpringBootContextLoader.java:108)
	at org.springframework.test.context.cache.DefaultCacheAwareContextLoaderDelegate.loadContextInternal(DefaultCacheAwareContextLoaderDelegate.java:225)
	at org.springframework.test.context.cache.DefaultCacheAwareContextLoaderDelegate.loadContext(DefaultCacheAwareContextLoaderDelegate.java:152)
	at org.springframework.test.context.support.DefaultTestContext.getApplicationContext(DefaultTestContext.java:130)
	at org.springframework.test.context.bean.override.BeanOverrideTestExecutionListener.injectFields(BeanOverrideTestExecutionListener.java:87)
	at org.springframework.test.context.bean.override.BeanOverrideTestExecutionListener.prepareTestInstance(BeanOverrideTestExecutionListener.java:58)
	at org.springframework.test.context.TestContextManager.prepareTestInstance(TestContextManager.java:260)
	at org.springframework.test.context.junit.jupiter.SpringExtension.postProcessTestInstance(SpringExtension.java:160)
	at org.junit.jupiter.engine.descriptor.ClassBasedTestDescriptor.lambda$invokeTestInstancePostProcessors$11(ClassBasedTestDescriptor.java:378)
	at org.junit.jupiter.engine.descriptor.ClassBasedTestDescriptor.executeAndMaskThrowable(ClassBasedTestDescriptor.java:383)
	at org.junit.jupiter.engine.descriptor.ClassBasedTestDescriptor.lambda$invokeTestInstancePostProcessors$12(ClassBasedTestDescriptor.java:378)
	at java.base/java.util.stream.ForEachOps$ForEachOp$OfRef.accept(ForEachOps.java:183)
	at java.base/java.util.stream.ReferencePipeline$3$1.accept(ReferencePipeline.java:197)
	at java.base/java.util.stream.ReferencePipeline$2$1.accept(ReferencePipeline.java:179)
	at java.base/java.util.stream.ReferencePipeline$3$1.accept(ReferencePipeline.java:197)
	at java.base/java.util.ArrayList$ArrayListSpliterator.forEachRemaining(ArrayList.java:1625)
	at java.base/java.util.stream.AbstractPipeline.copyInto(AbstractPipeline.java:509)
	at java.base/java.util.stream.AbstractPipeline.wrapAndCopyInto(AbstractPipeline.java:499)
	at java.base/java.util.stream.ForEachOps$ForEachOp.evaluateSequential(ForEachOps.java:150)
	at java.base/java.util.stream.ForEachOps$ForEachOp$OfRef.evaluateSequential(ForEachOps.java:173)
	at java.base/java.util.stream.AbstractPipeline.evaluate(AbstractPipeline.java:234)
	at java.base/java.util.stream.ReferencePipeline.forEach(ReferencePipeline.java:596)
	at org.junit.jupiter.engine.descriptor.ClassBasedTestDescriptor.invokeTestInstancePostProcessors(ClassBasedTestDescriptor.java:377)
	at org.junit.jupiter.engine.descriptor.ClassBasedTestDescriptor.lambda$instantiateAndPostProcessTestInstance$7(ClassBasedTestDescriptor.java:290)
	at org.junit.platform.engine.support.hierarchical.ThrowableCollector.execute(ThrowableCollector.java:73)
	at org.junit.jupiter.engine.descriptor.ClassBasedTestDescriptor.instantiateAndPostProcessTestInstance(ClassBasedTestDescriptor.java:289)
	at org.junit.jupiter.engine.descriptor.ClassBasedTestDescriptor.lambda$testInstancesProvider$5(ClassBasedTestDescriptor.java:279)
	at java.base/java.util.Optional.orElseGet(Optional.java:364)
	at org.junit.jupiter.engine.descriptor.ClassBasedTestDescriptor.lambda$testInstancesProvider$6(ClassBasedTestDescriptor.java:278)
	at org.junit.jupiter.engine.execution.TestInstancesProvider.getTestInstances(TestInstancesProvider.java:31)
	at org.junit.jupiter.engine.descriptor.TestMethodTestDescriptor.lambda$prepare$1(TestMethodTestDescriptor.java:105)
	at org.junit.platform.engine.support.hierarchical.ThrowableCollector.execute(ThrowableCollector.java:73)
	at org.junit.jupiter.engine.descriptor.TestMethodTestDescriptor.prepare(TestMethodTestDescriptor.java:104)
	at org.junit.jupiter.engine.descriptor.TestMethodTestDescriptor.prepare(TestMethodTestDescriptor.java:68)
	at org.junit.platform.engine.support.hierarchical.NodeTestTask.lambda$prepare$2(NodeTestTask.java:128)
	at org.junit.platform.engine.support.hierarchical.ThrowableCollector.execute(ThrowableCollector.java:73)
	at org.junit.platform.engine.support.hierarchical.NodeTestTask.prepare(NodeTestTask.java:128)
	at org.junit.platform.engine.support.hierarchical.NodeTestTask.execute(NodeTestTask.java:95)
	at java.base/java.util.ArrayList.forEach(ArrayList.java:1511)
	at org.junit.platform.engine.support.hierarchical.SameThreadHierarchicalTestExecutorService.invokeAll(SameThreadHierarchicalTestExecutorService.java:41)
	at org.junit.platform.engine.support.hierarchical.NodeTestTask.lambda$executeRecursively$6(NodeTestTask.java:160)
	at org.junit.platform.engine.support.hierarchical.ThrowableCollector.execute(ThrowableCollector.java:73)
	at org.junit.platform.engine.support.hierarchical.NodeTestTask.lambda$executeRecursively$8(NodeTestTask.java:146)
	at org.junit.platform.engine.support.hierarchical.Node.around(Node.java:137)
	at org.junit.platform.engine.support.hierarchical.NodeTestTask.lambda$executeRecursively$9(NodeTestTask.java:144)
	at org.junit.platform.engine.support.hierarchical.ThrowableCollector.execute(ThrowableCollector.java:73)
	at org.junit.platform.engine.support.hierarchical.NodeTestTask.executeRecursively(NodeTestTask.java:143)
	at org.junit.platform.engine.support.hierarchical.NodeTestTask.execute(NodeTestTask.java:100)
	at java.base/java.util.ArrayList.forEach(ArrayList.java:1511)
	at org.junit.platform.engine.support.hierarchical.SameThreadHierarchicalTestExecutorService.invokeAll(SameThreadHierarchicalTestExecutorService.java:41)
	at org.junit.platform.engine.support.hierarchical.NodeTestTask.lambda$executeRecursively$6(NodeTestTask.java:160)
	at org.junit.platform.engine.support.hierarchical.ThrowableCollector.execute(ThrowableCollector.java:73)
	at org.junit.platform.engine.support.hierarchical.NodeTestTask.lambda$executeRecursively$8(NodeTestTask.java:146)
	at org.junit.platform.engine.support.hierarchical.Node.around(Node.java:137)
	at org.junit.platform.engine.support.hierarchical.NodeTestTask.lambda$executeRecursively$9(NodeTestTask.java:144)
	at org.junit.platform.engine.support.hierarchical.ThrowableCollector.execute(ThrowableCollector.java:73)
	at org.junit.platform.engine.support.hierarchical.NodeTestTask.executeRecursively(NodeTestTask.java:143)
	at org.junit.platform.engine.support.hierarchical.NodeTestTask.execute(NodeTestTask.java:100)
	at org.junit.platform.engine.support.hierarchical.SameThreadHierarchicalTestExecutorService.submit(SameThreadHierarchicalTestExecutorService.java:35)
	at org.junit.platform.engine.support.hierarchical.HierarchicalTestExecutor.execute(HierarchicalTestExecutor.java:57)
	at org.junit.platform.engine.support.hierarchical.HierarchicalTestEngine.execute(HierarchicalTestEngine.java:54)
	at org.junit.platform.launcher.core.EngineExecutionOrchestrator.execute(EngineExecutionOrchestrator.java:198)
	at org.junit.platform.launcher.core.EngineExecutionOrchestrator.execute(EngineExecutionOrchestrator.java:169)
	at org.junit.platform.launcher.core.EngineExecutionOrchestrator.execute(EngineExecutionOrchestrator.java:93)
	at org.junit.platform.launcher.core.EngineExecutionOrchestrator.lambda$execute$0(EngineExecutionOrchestrator.java:58)
	at org.junit.platform.launcher.core.EngineExecutionOrchestrator.withInterceptedStreams(EngineExecutionOrchestrator.java:141)
	at org.junit.platform.launcher.core.EngineExecutionOrchestrator.execute(EngineExecutionOrchestrator.java:57)
	at org.junit.platform.launcher.core.DefaultLauncher.execute(DefaultLauncher.java:103)
	at org.junit.platform.launcher.core.DefaultLauncher.execute(DefaultLauncher.java:85)
	at org.junit.platform.launcher.core.DelegatingLauncher.execute(DelegatingLauncher.java:47)
	at org.gradle.api.internal.tasks.testing.junitplatform.JUnitPlatformTestClassProcessor$CollectAllTestClassesExecutor.processAllTestClasses(JUnitPlatformTestClassProcessor.java:124)
	at org.gradle.api.internal.tasks.testing.junitplatform.JUnitPlatformTestClassProcessor$CollectAllTestClassesExecutor.access$000(JUnitPlatformTestClassProcessor.java:99)
	at org.gradle.api.internal.tasks.testing.junitplatform.JUnitPlatformTestClassProcessor.stop(JUnitPlatformTestClassProcessor.java:94)
	at org.gradle.api.internal.tasks.testing.SuiteTestClassProcessor.stop(SuiteTestClassProcessor.java:63)
	at java.base/jdk.internal.reflect.NativeMethodAccessorImpl.invoke0(Native Method)
	at java.base/jdk.internal.reflect.NativeMethodAccessorImpl.invoke(NativeMethodAccessorImpl.java:77)
	at java.base/jdk.internal.reflect.DelegatingMethodAccessorImpl.invoke(DelegatingMethodAccessorImpl.java:43)
	at java.base/java.lang.reflect.Method.invoke(Method.java:569)
	at org.gradle.internal.dispatch.ReflectionDispatch.dispatch(ReflectionDispatch.java:36)
	at org.gradle.internal.dispatch.ReflectionDispatch.dispatch(ReflectionDispatch.java:24)
	at org.gradle.internal.dispatch.ContextClassLoaderDispatch.dispatch(ContextClassLoaderDispatch.java:33)
	at org.gradle.internal.dispatch.ProxyDispatchAdapter$DispatchingInvocationHandler.invoke(ProxyDispatchAdapter.java:92)
	at jdk.proxy1/jdk.proxy1.$Proxy4.stop(Unknown Source)
	at org.gradle.api.internal.tasks.testing.worker.TestWorker$3.run(TestWorker.java:200)
	at org.gradle.api.internal.tasks.testing.worker.TestWorker.executeAndMaintainThreadName(TestWorker.java:132)
	at org.gradle.api.internal.tasks.testing.worker.TestWorker.execute(TestWorker.java:103)
	at org.gradle.api.internal.tasks.testing.worker.TestWorker.execute(TestWorker.java:63)
	at org.gradle.process.internal.worker.child.ActionExecutionWorker.execute(ActionExecutionWorker.java:56)
	at org.gradle.process.internal.worker.child.SystemApplicationClassLoaderWorker.call(SystemApplicationClassLoaderWorker.java:122)
	at org.gradle.process.internal.worker.child.SystemApplicationClassLoaderWorker.call(SystemApplicationClassLoaderWorker.java:72)
	at worker.org.gradle.process.internal.worker.GradleWorkerMain.run(GradleWorkerMain.java:69)
	at worker.org.gradle.process.internal.worker.GradleWorkerMain.main(GradleWorkerMain.java:74)
Caused by: org.springframework.beans.factory.BeanCreationException: Error creating bean with name 'jpaMappingContext': JPA metamodel must not be empty
	at org.springframework.beans.factory.support.AbstractAutowireCapableBeanFactory.initializeBean(AbstractAutowireCapableBeanFactory.java:1802)
	at org.springframework.beans.factory.support.AbstractAutowireCapableBeanFactory.doCreateBean(AbstractAutowireCapableBeanFactory.java:601)
	at org.springframework.beans.factory.support.AbstractAutowireCapableBeanFactory.createBean(AbstractAutowireCapableBeanFactory.java:523)
	at org.springframework.beans.factory.support.AbstractBeanFactory.lambda$doGetBean$0(AbstractBeanFactory.java:336)
	at org.springframework.beans.factory.support.DefaultSingletonBeanRegistry.getSingleton(DefaultSingletonBeanRegistry.java:288)
	at org.springframework.beans.factory.support.AbstractBeanFactory.doGetBean(AbstractBeanFactory.java:334)
	at org.springframework.beans.factory.support.AbstractBeanFactory.getBean(AbstractBeanFactory.java:199)
	at org.springframework.beans.factory.support.BeanDefinitionValueResolver.resolveReference(BeanDefinitionValueResolver.java:365)
	... 117 common frames omitted
Caused by: java.lang.IllegalArgumentException: JPA metamodel must not be empty
	at org.springframework.util.Assert.notEmpty(Assert.java:398)
	at org.springframework.data.jpa.mapping.JpaMetamodelMappingContext.<init>(JpaMetamodelMappingContext.java:57)
	at org.springframework.data.jpa.repository.config.JpaMetamodelMappingContextFactoryBean.createInstance(JpaMetamodelMappingContextFactoryBean.java:68)
	at org.springframework.data.jpa.repository.config.JpaMetamodelMappingContextFactoryBean.createInstance(JpaMetamodelMappingContextFactoryBean.java:1)
	at org.springframework.beans.factory.config.AbstractFactoryBean.afterPropertiesSet(AbstractFactoryBean.java:142)
	at org.springframework.beans.factory.support.AbstractAutowireCapableBeanFactory.invokeInitMethods(AbstractAutowireCapableBeanFactory.java:1849)
	at org.springframework.beans.factory.support.AbstractAutowireCapableBeanFactory.initializeBean(AbstractAutowireCapableBeanFactory.java:1798)
	... 124 common frames omitted
26-08-01 17:33:20.732 [Test worker] WARN  o.s.test.context.TestContextManager - Caught exception while allowing TestExecutionListener [org.springframework.test.context.bean.override.BeanOverrideTestExecutionListener] to prepare test instance [com.sprint.mission.discodeit.controller.UserControllerTest@2c678c7b]
java.lang.IllegalStateException: Failed to load ApplicationContext for [WebMergedContextConfiguration@30d15e4a testClass = com.sprint.mission.discodeit.controller.UserControllerTest, locations = [], classes = [com.sprint.mission.discodeit.DiscodeitApplication], contextInitializerClasses = [], activeProfiles = [], propertySourceDescriptors = [], propertySourceProperties = ["org.springframework.boot.test.autoconfigure.web.servlet.WebMvcTestContextBootstrapper=true"], contextCustomizers = [org.springframework.boot.test.autoconfigure.OnFailureConditionReportContextCustomizerFactory$OnFailureConditionReportContextCustomizer@655ef322, org.springframework.boot.test.autoconfigure.OverrideAutoConfigurationContextCustomizerFactory$DisableAutoConfigurationContextCustomizer@5066d65f, org.springframework.boot.test.autoconfigure.actuate.observability.ObservabilityContextCustomizerFactory$DisableObservabilityContextCustomizer@1f, org.springframework.boot.test.autoconfigure.filter.TypeExcludeFiltersContextCustomizer@acf1b8d9, org.springframework.boot.test.autoconfigure.properties.PropertyMappingContextCustomizer@296572ca, org.springframework.boot.test.autoconfigure.web.servlet.WebDriverContextCustomizer@5d1659ea, [ImportsContextCustomizer@43a7203e key = [org.springframework.boot.autoconfigure.task.TaskExecutionAutoConfiguration, org.springframework.boot.autoconfigure.cache.CacheAutoConfiguration, org.springframework.boot.autoconfigure.web.servlet.HttpEncodingAutoConfiguration, org.springframework.boot.autoconfigure.validation.ValidationAutoConfiguration, org.springframework.boot.autoconfigure.context.MessageSourceAutoConfiguration, org.springframework.boot.autoconfigure.hateoas.HypermediaAutoConfiguration, org.springframework.boot.autoconfigure.jackson.JacksonAutoConfiguration, org.springframework.boot.autoconfigure.data.web.SpringDataWebAutoConfiguration, org.springframework.boot.test.autoconfigure.web.reactive.WebTestClientAutoConfiguration, org.springframework.boot.autoconfigure.web.servlet.error.ErrorMvcAutoConfiguration, org.springframework.boot.test.autoconfigure.web.servlet.MockMvcAutoConfiguration, org.springframework.boot.autoconfigure.security.servlet.SecurityAutoConfiguration, org.springframework.boot.autoconfigure.security.servlet.SecurityFilterAutoConfiguration, org.springframework.boot.autoconfigure.http.HttpMessageConvertersAutoConfiguration, org.springframework.boot.autoconfigure.security.oauth2.client.servlet.OAuth2ClientAutoConfiguration, com.sprint.mission.discodeit.exception.ErrorCodeStatusMapper, org.springframework.boot.test.autoconfigure.web.servlet.MockMvcSecurityConfiguration, org.springframework.boot.test.autoconfigure.web.servlet.MockMvcWebClientAutoConfiguration, org.springframework.boot.test.autoconfigure.web.servlet.MockMvcWebDriverAutoConfiguration, org.springframework.boot.autoconfigure.thymeleaf.ThymeleafAutoConfiguration, org.springframework.boot.autoconfigure.gson.GsonAutoConfiguration, org.springframework.boot.autoconfigure.jsonb.JsonbAutoConfiguration, org.springframework.boot.autoconfigure.freemarker.FreeMarkerAutoConfiguration, org.springframework.boot.autoconfigure.web.servlet.WebMvcAutoConfiguration, org.springframework.boot.autoconfigure.security.servlet.UserDetailsServiceAutoConfiguration, org.springframework.boot.autoconfigure.security.oauth2.resource.servlet.OAuth2ResourceServerAutoConfiguration, org.springframework.boot.autoconfigure.groovy.template.GroovyTemplateAutoConfiguration, org.springframework.boot.autoconfigure.mustache.MustacheAutoConfiguration]], org.springframework.boot.test.context.filter.ExcludeFilterContextCustomizer@1cbf6e72, org.springframework.boot.test.json.DuplicateJsonObjectContextCustomizerFactory$DuplicateJsonObjectContextCustomizer@4da602fc, org.springframework.boot.test.mock.mockito.MockitoContextCustomizer@0, org.springframework.boot.test.web.reactor.netty.DisableReactorResourceFactoryGlobalResourcesContextCustomizerFactory$DisableReactorResourceFactoryGlobalResourcesContextCustomizerCustomizer@57eda880, org.springframework.test.context.bean.override.BeanOverrideContextCustomizer@1993fd6e, org.springframework.test.context.support.DynamicPropertiesContextCustomizer@0, org.springframework.boot.test.context.SpringBootTestAnnotation@a8e2b515], resourceBasePath = "src/main/webapp", contextLoader = org.springframework.boot.test.context.SpringBootContextLoader, parent = null]
	at org.springframework.test.context.cache.DefaultCacheAwareContextLoaderDelegate.loadContext(DefaultCacheAwareContextLoaderDelegate.java:180)
	at org.springframework.test.context.support.DefaultTestContext.getApplicationContext(DefaultTestContext.java:130)
	at org.springframework.test.context.bean.override.BeanOverrideTestExecutionListener.injectFields(BeanOverrideTestExecutionListener.java:87)
	at org.springframework.test.context.bean.override.BeanOverrideTestExecutionListener.prepareTestInstance(BeanOverrideTestExecutionListener.java:58)
	at org.springframework.test.context.TestContextManager.prepareTestInstance(TestContextManager.java:260)
	at org.springframework.test.context.junit.jupiter.SpringExtension.postProcessTestInstance(SpringExtension.java:160)
	at org.junit.jupiter.engine.descriptor.ClassBasedTestDescriptor.lambda$invokeTestInstancePostProcessors$11(ClassBasedTestDescriptor.java:378)
	at org.junit.jupiter.engine.descriptor.ClassBasedTestDescriptor.executeAndMaskThrowable(ClassBasedTestDescriptor.java:383)
	at org.junit.jupiter.engine.descriptor.ClassBasedTestDescriptor.lambda$invokeTestInstancePostProcessors$12(ClassBasedTestDescriptor.java:378)
	at java.base/java.util.stream.ForEachOps$ForEachOp$OfRef.accept(ForEachOps.java:183)
	at java.base/java.util.stream.ReferencePipeline$3$1.accept(ReferencePipeline.java:197)
	at java.base/java.util.stream.ReferencePipeline$2$1.accept(ReferencePipeline.java:179)
	at java.base/java.util.stream.ReferencePipeline$3$1.accept(ReferencePipeline.java:197)
	at java.base/java.util.ArrayList$ArrayListSpliterator.forEachRemaining(ArrayList.java:1625)
	at java.base/java.util.stream.AbstractPipeline.copyInto(AbstractPipeline.java:509)
	at java.base/java.util.stream.AbstractPipeline.wrapAndCopyInto(AbstractPipeline.java:499)
	at java.base/java.util.stream.ForEachOps$ForEachOp.evaluateSequential(ForEachOps.java:150)
	at java.base/java.util.stream.ForEachOps$ForEachOp$OfRef.evaluateSequential(ForEachOps.java:173)
	at java.base/java.util.stream.AbstractPipeline.evaluate(AbstractPipeline.java:234)
	at java.base/java.util.stream.ReferencePipeline.forEach(ReferencePipeline.java:596)
	at org.junit.jupiter.engine.descriptor.ClassBasedTestDescriptor.invokeTestInstancePostProcessors(ClassBasedTestDescriptor.java:377)
	at org.junit.jupiter.engine.descriptor.ClassBasedTestDescriptor.lambda$instantiateAndPostProcessTestInstance$7(ClassBasedTestDescriptor.java:290)
	at org.junit.platform.engine.support.hierarchical.ThrowableCollector.execute(ThrowableCollector.java:73)
	at org.junit.jupiter.engine.descriptor.ClassBasedTestDescriptor.instantiateAndPostProcessTestInstance(ClassBasedTestDescriptor.java:289)
	at org.junit.jupiter.engine.descriptor.ClassBasedTestDescriptor.lambda$testInstancesProvider$5(ClassBasedTestDescriptor.java:279)
	at java.base/java.util.Optional.orElseGet(Optional.java:364)
	at org.junit.jupiter.engine.descriptor.ClassBasedTestDescriptor.lambda$testInstancesProvider$6(ClassBasedTestDescriptor.java:278)
	at org.junit.jupiter.engine.execution.TestInstancesProvider.getTestInstances(TestInstancesProvider.java:31)
	at org.junit.jupiter.engine.descriptor.TestMethodTestDescriptor.lambda$prepare$1(TestMethodTestDescriptor.java:105)
	at org.junit.platform.engine.support.hierarchical.ThrowableCollector.execute(ThrowableCollector.java:73)
	at org.junit.jupiter.engine.descriptor.TestMethodTestDescriptor.prepare(TestMethodTestDescriptor.java:104)
	at org.junit.jupiter.engine.descriptor.TestMethodTestDescriptor.prepare(TestMethodTestDescriptor.java:68)
	at org.junit.platform.engine.support.hierarchical.NodeTestTask.lambda$prepare$2(NodeTestTask.java:128)
	at org.junit.platform.engine.support.hierarchical.ThrowableCollector.execute(ThrowableCollector.java:73)
	at org.junit.platform.engine.support.hierarchical.NodeTestTask.prepare(NodeTestTask.java:128)
	at org.junit.platform.engine.support.hierarchical.NodeTestTask.execute(NodeTestTask.java:95)
	at java.base/java.util.ArrayList.forEach(ArrayList.java:1511)
	at org.junit.platform.engine.support.hierarchical.SameThreadHierarchicalTestExecutorService.invokeAll(SameThreadHierarchicalTestExecutorService.java:41)
	at org.junit.platform.engine.support.hierarchical.NodeTestTask.lambda$executeRecursively$6(NodeTestTask.java:160)
	at org.junit.platform.engine.support.hierarchical.ThrowableCollector.execute(ThrowableCollector.java:73)
	at org.junit.platform.engine.support.hierarchical.NodeTestTask.lambda$executeRecursively$8(NodeTestTask.java:146)
	at org.junit.platform.engine.support.hierarchical.Node.around(Node.java:137)
	at org.junit.platform.engine.support.hierarchical.NodeTestTask.lambda$executeRecursively$9(NodeTestTask.java:144)
	at org.junit.platform.engine.support.hierarchical.ThrowableCollector.execute(ThrowableCollector.java:73)
	at org.junit.platform.engine.support.hierarchical.NodeTestTask.executeRecursively(NodeTestTask.java:143)
	at org.junit.platform.engine.support.hierarchical.NodeTestTask.execute(NodeTestTask.java:100)
	at java.base/java.util.ArrayList.forEach(ArrayList.java:1511)
	at org.junit.platform.engine.support.hierarchical.SameThreadHierarchicalTestExecutorService.invokeAll(SameThreadHierarchicalTestExecutorService.java:41)
	at org.junit.platform.engine.support.hierarchical.NodeTestTask.lambda$executeRecursively$6(NodeTestTask.java:160)
	at org.junit.platform.engine.support.hierarchical.ThrowableCollector.execute(ThrowableCollector.java:73)
	at org.junit.platform.engine.support.hierarchical.NodeTestTask.lambda$executeRecursively$8(NodeTestTask.java:146)
	at org.junit.platform.engine.support.hierarchical.Node.around(Node.java:137)
	at org.junit.platform.engine.support.hierarchical.NodeTestTask.lambda$executeRecursively$9(NodeTestTask.java:144)
	at org.junit.platform.engine.support.hierarchical.ThrowableCollector.execute(ThrowableCollector.java:73)
	at org.junit.platform.engine.support.hierarchical.NodeTestTask.executeRecursively(NodeTestTask.java:143)
	at org.junit.platform.engine.support.hierarchical.NodeTestTask.execute(NodeTestTask.java:100)
	at org.junit.platform.engine.support.hierarchical.SameThreadHierarchicalTestExecutorService.submit(SameThreadHierarchicalTestExecutorService.java:35)
	at org.junit.platform.engine.support.hierarchical.HierarchicalTestExecutor.execute(HierarchicalTestExecutor.java:57)
	at org.junit.platform.engine.support.hierarchical.HierarchicalTestEngine.execute(HierarchicalTestEngine.java:54)
	at org.junit.platform.launcher.core.EngineExecutionOrchestrator.execute(EngineExecutionOrchestrator.java:198)
	at org.junit.platform.launcher.core.EngineExecutionOrchestrator.execute(EngineExecutionOrchestrator.java:169)
	at org.junit.platform.launcher.core.EngineExecutionOrchestrator.execute(EngineExecutionOrchestrator.java:93)
	at org.junit.platform.launcher.core.EngineExecutionOrchestrator.lambda$execute$0(EngineExecutionOrchestrator.java:58)
	at org.junit.platform.launcher.core.EngineExecutionOrchestrator.withInterceptedStreams(EngineExecutionOrchestrator.java:141)
	at org.junit.platform.launcher.core.EngineExecutionOrchestrator.execute(EngineExecutionOrchestrator.java:57)
	at org.junit.platform.launcher.core.DefaultLauncher.execute(DefaultLauncher.java:103)
	at org.junit.platform.launcher.core.DefaultLauncher.execute(DefaultLauncher.java:85)
	at org.junit.platform.launcher.core.DelegatingLauncher.execute(DelegatingLauncher.java:47)
	at org.gradle.api.internal.tasks.testing.junitplatform.JUnitPlatformTestClassProcessor$CollectAllTestClassesExecutor.processAllTestClasses(JUnitPlatformTestClassProcessor.java:124)
	at org.gradle.api.internal.tasks.testing.junitplatform.JUnitPlatformTestClassProcessor$CollectAllTestClassesExecutor.access$000(JUnitPlatformTestClassProcessor.java:99)
	at org.gradle.api.internal.tasks.testing.junitplatform.JUnitPlatformTestClassProcessor.stop(JUnitPlatformTestClassProcessor.java:94)
	at org.gradle.api.internal.tasks.testing.SuiteTestClassProcessor.stop(SuiteTestClassProcessor.java:63)
	at java.base/jdk.internal.reflect.NativeMethodAccessorImpl.invoke0(Native Method)
	at java.base/jdk.internal.reflect.NativeMethodAccessorImpl.invoke(NativeMethodAccessorImpl.java:77)
	at java.base/jdk.internal.reflect.DelegatingMethodAccessorImpl.invoke(DelegatingMethodAccessorImpl.java:43)
	at java.base/java.lang.reflect.Method.invoke(Method.java:569)
	at org.gradle.internal.dispatch.ReflectionDispatch.dispatch(ReflectionDispatch.java:36)
	at org.gradle.internal.dispatch.ReflectionDispatch.dispatch(ReflectionDispatch.java:24)
	at org.gradle.internal.dispatch.ContextClassLoaderDispatch.dispatch(ContextClassLoaderDispatch.java:33)
	at org.gradle.internal.dispatch.ProxyDispatchAdapter$DispatchingInvocationHandler.invoke(ProxyDispatchAdapter.java:92)
	at jdk.proxy1/jdk.proxy1.$Proxy4.stop(Unknown Source)
	at org.gradle.api.internal.tasks.testing.worker.TestWorker$3.run(TestWorker.java:200)
	at org.gradle.api.internal.tasks.testing.worker.TestWorker.executeAndMaintainThreadName(TestWorker.java:132)
	at org.gradle.api.internal.tasks.testing.worker.TestWorker.execute(TestWorker.java:103)
	at org.gradle.api.internal.tasks.testing.worker.TestWorker.execute(TestWorker.java:63)
	at org.gradle.process.internal.worker.child.ActionExecutionWorker.execute(ActionExecutionWorker.java:56)
	at org.gradle.process.internal.worker.child.SystemApplicationClassLoaderWorker.call(SystemApplicationClassLoaderWorker.java:122)
	at org.gradle.process.internal.worker.child.SystemApplicationClassLoaderWorker.call(SystemApplicationClassLoaderWorker.java:72)
	at worker.org.gradle.process.internal.worker.GradleWorkerMain.run(GradleWorkerMain.java:69)
	at worker.org.gradle.process.internal.worker.GradleWorkerMain.main(GradleWorkerMain.java:74)
Caused by: org.springframework.beans.factory.BeanCreationException: Error creating bean with name 'jpaAuditingHandler': Cannot resolve reference to bean 'jpaMappingContext' while setting constructor argument
	at org.springframework.beans.factory.support.BeanDefinitionValueResolver.resolveReference(BeanDefinitionValueResolver.java:377)
	at org.springframework.beans.factory.support.BeanDefinitionValueResolver.resolveValueIfNecessary(BeanDefinitionValueResolver.java:135)
	at org.springframework.beans.factory.support.ConstructorResolver.resolveConstructorArguments(ConstructorResolver.java:691)
	at org.springframework.beans.factory.support.ConstructorResolver.instantiateUsingFactoryMethod(ConstructorResolver.java:513)
	at org.springframework.beans.factory.support.AbstractAutowireCapableBeanFactory.instantiateUsingFactoryMethod(AbstractAutowireCapableBeanFactory.java:1351)
	at org.springframework.beans.factory.support.AbstractAutowireCapableBeanFactory.createBeanInstance(AbstractAutowireCapableBeanFactory.java:1181)
	at org.springframework.beans.factory.support.AbstractAutowireCapableBeanFactory.doCreateBean(AbstractAutowireCapableBeanFactory.java:563)
	at org.springframework.beans.factory.support.AbstractAutowireCapableBeanFactory.createBean(AbstractAutowireCapableBeanFactory.java:523)
	at org.springframework.beans.factory.support.AbstractBeanFactory.lambda$doGetBean$0(AbstractBeanFactory.java:336)
	at org.springframework.beans.factory.support.DefaultSingletonBeanRegistry.getSingleton(DefaultSingletonBeanRegistry.java:288)
	at org.springframework.beans.factory.support.AbstractBeanFactory.doGetBean(AbstractBeanFactory.java:334)
	at org.springframework.beans.factory.support.AbstractBeanFactory.getBean(AbstractBeanFactory.java:199)
	at org.springframework.beans.factory.support.DefaultListableBeanFactory.instantiateSingleton(DefaultListableBeanFactory.java:1122)
	at org.springframework.beans.factory.support.DefaultListableBeanFactory.preInstantiateSingleton(DefaultListableBeanFactory.java:1093)
	at org.springframework.beans.factory.support.DefaultListableBeanFactory.preInstantiateSingletons(DefaultListableBeanFactory.java:1030)
	at org.springframework.context.support.AbstractApplicationContext.finishBeanFactoryInitialization(AbstractApplicationContext.java:987)
	at org.springframework.context.support.AbstractApplicationContext.refresh(AbstractApplicationContext.java:627)
	at org.springframework.boot.SpringApplication.refresh(SpringApplication.java:752)
	at org.springframework.boot.SpringApplication.refreshContext(SpringApplication.java:439)
	at org.springframework.boot.SpringApplication.run(SpringApplication.java:318)
	at org.springframework.boot.test.context.SpringBootContextLoader.lambda$loadContext$3(SpringBootContextLoader.java:137)
	at org.springframework.util.function.ThrowingSupplier.get(ThrowingSupplier.java:58)
	at org.springframework.util.function.ThrowingSupplier.get(ThrowingSupplier.java:46)
	at org.springframework.boot.SpringApplication.withHook(SpringApplication.java:1461)
	at org.springframework.boot.test.context.SpringBootContextLoader$ContextLoaderHook.run(SpringBootContextLoader.java:553)
	at org.springframework.boot.test.context.SpringBootContextLoader.loadContext(SpringBootContextLoader.java:137)
	at org.springframework.boot.test.context.SpringBootContextLoader.loadContext(SpringBootContextLoader.java:108)
	at org.springframework.test.context.cache.DefaultCacheAwareContextLoaderDelegate.loadContextInternal(DefaultCacheAwareContextLoaderDelegate.java:225)
	at org.springframework.test.context.cache.DefaultCacheAwareContextLoaderDelegate.loadContext(DefaultCacheAwareContextLoaderDelegate.java:152)
	... 89 common frames omitted
Caused by: org.springframework.beans.factory.BeanCreationException: Error creating bean with name 'jpaMappingContext': JPA metamodel must not be empty
	at org.springframework.beans.factory.support.AbstractAutowireCapableBeanFactory.initializeBean(AbstractAutowireCapableBeanFactory.java:1802)
	at org.springframework.beans.factory.support.AbstractAutowireCapableBeanFactory.doCreateBean(AbstractAutowireCapableBeanFactory.java:601)
	at org.springframework.beans.factory.support.AbstractAutowireCapableBeanFactory.createBean(AbstractAutowireCapableBeanFactory.java:523)
	at org.springframework.beans.factory.support.AbstractBeanFactory.lambda$doGetBean$0(AbstractBeanFactory.java:336)
	at org.springframework.beans.factory.support.DefaultSingletonBeanRegistry.getSingleton(DefaultSingletonBeanRegistry.java:288)
	at org.springframework.beans.factory.support.AbstractBeanFactory.doGetBean(AbstractBeanFactory.java:334)
	at org.springframework.beans.factory.support.AbstractBeanFactory.getBean(AbstractBeanFactory.java:199)
	at org.springframework.beans.factory.support.BeanDefinitionValueResolver.resolveReference(BeanDefinitionValueResolver.java:365)
	... 117 common frames omitted
Caused by: java.lang.IllegalArgumentException: JPA metamodel must not be empty
	at org.springframework.util.Assert.notEmpty(Assert.java:398)
	at org.springframework.data.jpa.mapping.JpaMetamodelMappingContext.<init>(JpaMetamodelMappingContext.java:57)
	at org.springframework.data.jpa.repository.config.JpaMetamodelMappingContextFactoryBean.createInstance(JpaMetamodelMappingContextFactoryBean.java:68)
	at org.springframework.data.jpa.repository.config.JpaMetamodelMappingContextFactoryBean.createInstance(JpaMetamodelMappingContextFactoryBean.java:1)
	at org.springframework.beans.factory.config.AbstractFactoryBean.afterPropertiesSet(AbstractFactoryBean.java:142)
	at org.springframework.beans.factory.support.AbstractAutowireCapableBeanFactory.invokeInitMethods(AbstractAutowireCapableBeanFactory.java:1849)
	at org.springframework.beans.factory.support.AbstractAutowireCapableBeanFactory.initializeBean(AbstractAutowireCapableBeanFactory.java:1798)
	... 124 common frames omitted
26-08-01 17:33:20.752 [Test worker] WARN  o.s.test.context.TestContextManager - Caught exception while allowing TestExecutionListener [org.springframework.test.context.bean.override.BeanOverrideTestExecutionListener] to prepare test instance [com.sprint.mission.discodeit.controller.UserControllerTest@7df4709e]
java.lang.IllegalStateException: ApplicationContext failure threshold (1) exceeded: skipping repeated attempt to load context for [WebMergedContextConfiguration@30d15e4a testClass = com.sprint.mission.discodeit.controller.UserControllerTest, locations = [], classes = [com.sprint.mission.discodeit.DiscodeitApplication], contextInitializerClasses = [], activeProfiles = [], propertySourceDescriptors = [], propertySourceProperties = ["org.springframework.boot.test.autoconfigure.web.servlet.WebMvcTestContextBootstrapper=true"], contextCustomizers = [org.springframework.boot.test.autoconfigure.OnFailureConditionReportContextCustomizerFactory$OnFailureConditionReportContextCustomizer@655ef322, org.springframework.boot.test.autoconfigure.OverrideAutoConfigurationContextCustomizerFactory$DisableAutoConfigurationContextCustomizer@5066d65f, org.springframework.boot.test.autoconfigure.actuate.observability.ObservabilityContextCustomizerFactory$DisableObservabilityContextCustomizer@1f, org.springframework.boot.test.autoconfigure.filter.TypeExcludeFiltersContextCustomizer@acf1b8d9, org.springframework.boot.test.autoconfigure.properties.PropertyMappingContextCustomizer@296572ca, org.springframework.boot.test.autoconfigure.web.servlet.WebDriverContextCustomizer@5d1659ea, [ImportsContextCustomizer@43a7203e key = [org.springframework.boot.autoconfigure.task.TaskExecutionAutoConfiguration, org.springframework.boot.autoconfigure.cache.CacheAutoConfiguration, org.springframework.boot.autoconfigure.web.servlet.HttpEncodingAutoConfiguration, org.springframework.boot.autoconfigure.validation.ValidationAutoConfiguration, org.springframework.boot.autoconfigure.context.MessageSourceAutoConfiguration, org.springframework.boot.autoconfigure.hateoas.HypermediaAutoConfiguration, org.springframework.boot.autoconfigure.jackson.JacksonAutoConfiguration, org.springframework.boot.autoconfigure.data.web.SpringDataWebAutoConfiguration, org.springframework.boot.test.autoconfigure.web.reactive.WebTestClientAutoConfiguration, org.springframework.boot.autoconfigure.web.servlet.error.ErrorMvcAutoConfiguration, org.springframework.boot.test.autoconfigure.web.servlet.MockMvcAutoConfiguration, org.springframework.boot.autoconfigure.security.servlet.SecurityAutoConfiguration, org.springframework.boot.autoconfigure.security.servlet.SecurityFilterAutoConfiguration, org.springframework.boot.autoconfigure.http.HttpMessageConvertersAutoConfiguration, org.springframework.boot.autoconfigure.security.oauth2.client.servlet.OAuth2ClientAutoConfiguration, com.sprint.mission.discodeit.exception.ErrorCodeStatusMapper, org.springframework.boot.test.autoconfigure.web.servlet.MockMvcSecurityConfiguration, org.springframework.boot.test.autoconfigure.web.servlet.MockMvcWebClientAutoConfiguration, org.springframework.boot.test.autoconfigure.web.servlet.MockMvcWebDriverAutoConfiguration, org.springframework.boot.autoconfigure.thymeleaf.ThymeleafAutoConfiguration, org.springframework.boot.autoconfigure.gson.GsonAutoConfiguration, org.springframework.boot.autoconfigure.jsonb.JsonbAutoConfiguration, org.springframework.boot.autoconfigure.freemarker.FreeMarkerAutoConfiguration, org.springframework.boot.autoconfigure.web.servlet.WebMvcAutoConfiguration, org.springframework.boot.autoconfigure.security.servlet.UserDetailsServiceAutoConfiguration, org.springframework.boot.autoconfigure.security.oauth2.resource.servlet.OAuth2ResourceServerAutoConfiguration, org.springframework.boot.autoconfigure.groovy.template.GroovyTemplateAutoConfiguration, org.springframework.boot.autoconfigure.mustache.MustacheAutoConfiguration]], org.springframework.boot.test.context.filter.ExcludeFilterContextCustomizer@1cbf6e72, org.springframework.boot.test.json.DuplicateJsonObjectContextCustomizerFactory$DuplicateJsonObjectContextCustomizer@4da602fc, org.springframework.boot.test.mock.mockito.MockitoContextCustomizer@0, org.springframework.boot.test.web.reactor.netty.DisableReactorResourceFactoryGlobalResourcesContextCustomizerFactory$DisableReactorResourceFactoryGlobalResourcesContextCustomizerCustomizer@57eda880, org.springframework.test.context.bean.override.BeanOverrideContextCustomizer@1993fd6e, org.springframework.test.context.support.DynamicPropertiesContextCustomizer@0, org.springframework.boot.test.context.SpringBootTestAnnotation@a8e2b515], resourceBasePath = "src/main/webapp", contextLoader = org.springframework.boot.test.context.SpringBootContextLoader, parent = null]
	at org.springframework.test.context.cache.DefaultCacheAwareContextLoaderDelegate.loadContext(DefaultCacheAwareContextLoaderDelegate.java:145)
	at org.springframework.test.context.support.DefaultTestContext.getApplicationContext(DefaultTestContext.java:130)
	at org.springframework.test.context.bean.override.BeanOverrideTestExecutionListener.injectFields(BeanOverrideTestExecutionListener.java:87)
	at org.springframework.test.context.bean.override.BeanOverrideTestExecutionListener.prepareTestInstance(BeanOverrideTestExecutionListener.java:58)
	at org.springframework.test.context.TestContextManager.prepareTestInstance(TestContextManager.java:260)
	at org.springframework.test.context.junit.jupiter.SpringExtension.postProcessTestInstance(SpringExtension.java:160)
	at org.junit.jupiter.engine.descriptor.ClassBasedTestDescriptor.lambda$invokeTestInstancePostProcessors$11(ClassBasedTestDescriptor.java:378)
	at org.junit.jupiter.engine.descriptor.ClassBasedTestDescriptor.executeAndMaskThrowable(ClassBasedTestDescriptor.java:383)
	at org.junit.jupiter.engine.descriptor.ClassBasedTestDescriptor.lambda$invokeTestInstancePostProcessors$12(ClassBasedTestDescriptor.java:378)
	at java.base/java.util.stream.ForEachOps$ForEachOp$OfRef.accept(ForEachOps.java:183)
	at java.base/java.util.stream.ReferencePipeline$3$1.accept(ReferencePipeline.java:197)
	at java.base/java.util.stream.ReferencePipeline$2$1.accept(ReferencePipeline.java:179)
	at java.base/java.util.stream.ReferencePipeline$3$1.accept(ReferencePipeline.java:197)
	at java.base/java.util.ArrayList$ArrayListSpliterator.forEachRemaining(ArrayList.java:1625)
	at java.base/java.util.stream.AbstractPipeline.copyInto(AbstractPipeline.java:509)
	at java.base/java.util.stream.AbstractPipeline.wrapAndCopyInto(AbstractPipeline.java:499)
	at java.base/java.util.stream.ForEachOps$ForEachOp.evaluateSequential(ForEachOps.java:150)
	at java.base/java.util.stream.ForEachOps$ForEachOp$OfRef.evaluateSequential(ForEachOps.java:173)
	at java.base/java.util.stream.AbstractPipeline.evaluate(AbstractPipeline.java:234)
	at java.base/java.util.stream.ReferencePipeline.forEach(ReferencePipeline.java:596)
	at org.junit.jupiter.engine.descriptor.ClassBasedTestDescriptor.invokeTestInstancePostProcessors(ClassBasedTestDescriptor.java:377)
	at org.junit.jupiter.engine.descriptor.ClassBasedTestDescriptor.lambda$instantiateAndPostProcessTestInstance$7(ClassBasedTestDescriptor.java:290)
	at org.junit.platform.engine.support.hierarchical.ThrowableCollector.execute(ThrowableCollector.java:73)
	at org.junit.jupiter.engine.descriptor.ClassBasedTestDescriptor.instantiateAndPostProcessTestInstance(ClassBasedTestDescriptor.java:289)
	at org.junit.jupiter.engine.descriptor.ClassBasedTestDescriptor.lambda$testInstancesProvider$5(ClassBasedTestDescriptor.java:279)
	at java.base/java.util.Optional.orElseGet(Optional.java:364)
	at org.junit.jupiter.engine.descriptor.ClassBasedTestDescriptor.lambda$testInstancesProvider$6(ClassBasedTestDescriptor.java:278)
	at org.junit.jupiter.engine.execution.TestInstancesProvider.getTestInstances(TestInstancesProvider.java:31)
	at org.junit.jupiter.engine.descriptor.TestMethodTestDescriptor.lambda$prepare$1(TestMethodTestDescriptor.java:105)
	at org.junit.platform.engine.support.hierarchical.ThrowableCollector.execute(ThrowableCollector.java:73)
	at org.junit.jupiter.engine.descriptor.TestMethodTestDescriptor.prepare(TestMethodTestDescriptor.java:104)
	at org.junit.jupiter.engine.descriptor.TestMethodTestDescriptor.prepare(TestMethodTestDescriptor.java:68)
	at org.junit.platform.engine.support.hierarchical.NodeTestTask.lambda$prepare$2(NodeTestTask.java:128)
	at org.junit.platform.engine.support.hierarchical.ThrowableCollector.execute(ThrowableCollector.java:73)
	at org.junit.platform.engine.support.hierarchical.NodeTestTask.prepare(NodeTestTask.java:128)
	at org.junit.platform.engine.support.hierarchical.NodeTestTask.execute(NodeTestTask.java:95)
	at java.base/java.util.ArrayList.forEach(ArrayList.java:1511)
	at org.junit.platform.engine.support.hierarchical.SameThreadHierarchicalTestExecutorService.invokeAll(SameThreadHierarchicalTestExecutorService.java:41)
	at org.junit.platform.engine.support.hierarchical.NodeTestTask.lambda$executeRecursively$6(NodeTestTask.java:160)
	at org.junit.platform.engine.support.hierarchical.ThrowableCollector.execute(ThrowableCollector.java:73)
	at org.junit.platform.engine.support.hierarchical.NodeTestTask.lambda$executeRecursively$8(NodeTestTask.java:146)
	at org.junit.platform.engine.support.hierarchical.Node.around(Node.java:137)
	at org.junit.platform.engine.support.hierarchical.NodeTestTask.lambda$executeRecursively$9(NodeTestTask.java:144)
	at org.junit.platform.engine.support.hierarchical.ThrowableCollector.execute(ThrowableCollector.java:73)
	at org.junit.platform.engine.support.hierarchical.NodeTestTask.executeRecursively(NodeTestTask.java:143)
	at org.junit.platform.engine.support.hierarchical.NodeTestTask.execute(NodeTestTask.java:100)
	at java.base/java.util.ArrayList.forEach(ArrayList.java:1511)
	at org.junit.platform.engine.support.hierarchical.SameThreadHierarchicalTestExecutorService.invokeAll(SameThreadHierarchicalTestExecutorService.java:41)
	at org.junit.platform.engine.support.hierarchical.NodeTestTask.lambda$executeRecursively$6(NodeTestTask.java:160)
	at org.junit.platform.engine.support.hierarchical.ThrowableCollector.execute(ThrowableCollector.java:73)
	at org.junit.platform.engine.support.hierarchical.NodeTestTask.lambda$executeRecursively$8(NodeTestTask.java:146)
	at org.junit.platform.engine.support.hierarchical.Node.around(Node.java:137)
	at org.junit.platform.engine.support.hierarchical.NodeTestTask.lambda$executeRecursively$9(NodeTestTask.java:144)
	at org.junit.platform.engine.support.hierarchical.ThrowableCollector.execute(ThrowableCollector.java:73)
	at org.junit.platform.engine.support.hierarchical.NodeTestTask.executeRecursively(NodeTestTask.java:143)
	at org.junit.platform.engine.support.hierarchical.NodeTestTask.execute(NodeTestTask.java:100)
	at org.junit.platform.engine.support.hierarchical.SameThreadHierarchicalTestExecutorService.submit(SameThreadHierarchicalTestExecutorService.java:35)
	at org.junit.platform.engine.support.hierarchical.HierarchicalTestExecutor.execute(HierarchicalTestExecutor.java:57)
	at org.junit.platform.engine.support.hierarchical.HierarchicalTestEngine.execute(HierarchicalTestEngine.java:54)
	at org.junit.platform.launcher.core.EngineExecutionOrchestrator.execute(EngineExecutionOrchestrator.java:198)
	at org.junit.platform.launcher.core.EngineExecutionOrchestrator.execute(EngineExecutionOrchestrator.java:169)
	at org.junit.platform.launcher.core.EngineExecutionOrchestrator.execute(EngineExecutionOrchestrator.java:93)
	at org.junit.platform.launcher.core.EngineExecutionOrchestrator.lambda$execute$0(EngineExecutionOrchestrator.java:58)
	at org.junit.platform.launcher.core.EngineExecutionOrchestrator.withInterceptedStreams(EngineExecutionOrchestrator.java:141)
	at org.junit.platform.launcher.core.EngineExecutionOrchestrator.execute(EngineExecutionOrchestrator.java:57)
	at org.junit.platform.launcher.core.DefaultLauncher.execute(DefaultLauncher.java:103)
	at org.junit.platform.launcher.core.DefaultLauncher.execute(DefaultLauncher.java:85)
	at org.junit.platform.launcher.core.DelegatingLauncher.execute(DelegatingLauncher.java:47)
	at org.gradle.api.internal.tasks.testing.junitplatform.JUnitPlatformTestClassProcessor$CollectAllTestClassesExecutor.processAllTestClasses(JUnitPlatformTestClassProcessor.java:124)
	at org.gradle.api.internal.tasks.testing.junitplatform.JUnitPlatformTestClassProcessor$CollectAllTestClassesExecutor.access$000(JUnitPlatformTestClassProcessor.java:99)
	at org.gradle.api.internal.tasks.testing.junitplatform.JUnitPlatformTestClassProcessor.stop(JUnitPlatformTestClassProcessor.java:94)
	at org.gradle.api.internal.tasks.testing.SuiteTestClassProcessor.stop(SuiteTestClassProcessor.java:63)
	at java.base/jdk.internal.reflect.NativeMethodAccessorImpl.invoke0(Native Method)
	at java.base/jdk.internal.reflect.NativeMethodAccessorImpl.invoke(NativeMethodAccessorImpl.java:77)
	at java.base/jdk.internal.reflect.DelegatingMethodAccessorImpl.invoke(DelegatingMethodAccessorImpl.java:43)
	at java.base/java.lang.reflect.Method.invoke(Method.java:569)
	at org.gradle.internal.dispatch.ReflectionDispatch.dispatch(ReflectionDispatch.java:36)
	at org.gradle.internal.dispatch.ReflectionDispatch.dispatch(ReflectionDispatch.java:24)
	at org.gradle.internal.dispatch.ContextClassLoaderDispatch.dispatch(ContextClassLoaderDispatch.java:33)
	at org.gradle.internal.dispatch.ProxyDispatchAdapter$DispatchingInvocationHandler.invoke(ProxyDispatchAdapter.java:92)
	at jdk.proxy1/jdk.proxy1.$Proxy4.stop(Unknown Source)
	at org.gradle.api.internal.tasks.testing.worker.TestWorker$3.run(TestWorker.java:200)
	at org.gradle.api.internal.tasks.testing.worker.TestWorker.executeAndMaintainThreadName(TestWorker.java:132)
	at org.gradle.api.internal.tasks.testing.worker.TestWorker.execute(TestWorker.java:103)
	at org.gradle.api.internal.tasks.testing.worker.TestWorker.execute(TestWorker.java:63)
	at org.gradle.process.internal.worker.child.ActionExecutionWorker.execute(ActionExecutionWorker.java:56)
	at org.gradle.process.internal.worker.child.SystemApplicationClassLoaderWorker.call(SystemApplicationClassLoaderWorker.java:122)
	at org.gradle.process.internal.worker.child.SystemApplicationClassLoaderWorker.call(SystemApplicationClassLoaderWorker.java:72)
	at worker.org.gradle.process.internal.worker.GradleWorkerMain.run(GradleWorkerMain.java:69)
	at worker.org.gradle.process.internal.worker.GradleWorkerMain.main(GradleWorkerMain.java:74)
26-08-01 19:30:53.957 [background-preinit] INFO  o.h.validator.internal.util.Version - HV000001: Hibernate Validator 8.0.1.Final
26-08-01 19:30:54.022 [Test worker] INFO  c.s.m.d.r.ChannelRepositoryTest - Starting ChannelRepositoryTest using Java 17.0.19 with PID 88222 (started by jangjunseo in /Users/jangjunseo/Desktop/codei_13th_develop/13-sprint-mission)
26-08-01 19:30:54.023 [Test worker] INFO  c.s.m.d.r.ChannelRepositoryTest - The following 1 profile is active: "test"
26-08-01 19:30:54.685 [Test worker] INFO  o.s.d.r.c.RepositoryConfigurationDelegate - Bootstrapping Spring Data JPA repositories in DEFAULT mode.
26-08-01 19:30:54.889 [Test worker] INFO  o.s.d.r.c.RepositoryConfigurationDelegate - Finished Spring Data repository scanning in 180 ms. Found 6 JPA repository interfaces.
26-08-01 19:30:55.153 [Test worker] INFO  o.s.b.t.a.j.TestDatabaseAutoConfiguration$EmbeddedDataSourceBeanFactoryPostProcessor - Replacing 'dataSource' DataSource bean with embedded version
26-08-01 19:30:55.464 [Test worker] INFO  o.s.j.d.e.EmbeddedDatabaseFactory - Starting embedded database: url='jdbc:h2:mem:34719bef-d056-45f5-a0bd-224d473472a2;DB_CLOSE_DELAY=-1;DB_CLOSE_ON_EXIT=false', username='sa'
26-08-01 19:30:55.988 [Test worker] INFO  o.h.jpa.internal.util.LogHelper - HHH000204: Processing PersistenceUnitInfo [name: default]
26-08-01 19:30:56.079 [Test worker] INFO  org.hibernate.Version - HHH000412: Hibernate ORM core version 6.6.2.Final
26-08-01 19:30:56.131 [Test worker] INFO  o.h.c.i.RegionFactoryInitiator - HHH000026: Second-level cache disabled
26-08-01 19:30:56.782 [Test worker] INFO  o.s.o.j.p.SpringPersistenceUnitInfo - No LoadTimeWeaver setup: ignoring JPA class transformer
26-08-01 19:30:56.977 [Test worker] INFO  o.hibernate.orm.connections.pooling - HHH10001005: Database info:
	Database JDBC URL [Connecting through datasource 'org.springframework.jdbc.datasource.embedded.EmbeddedDatabaseFactory$EmbeddedDataSourceProxy@4e2109fe']
	Database driver: undefined/unknown
	Database version: 2.3.232
	Autocommit mode: undefined/unknown
	Isolation level: undefined/unknown
	Minimum pool size: undefined/unknown
	Maximum pool size: undefined/unknown
26-08-01 19:30:58.439 [Test worker] INFO  o.h.e.t.j.p.i.JtaPlatformInitiator - HHH000489: No JTA platform available (set 'hibernate.transaction.jta.platform' to enable JTA platform integration)
26-08-01 19:30:58.454 [Test worker] DEBUG org.hibernate.SQL - 
    drop table if exists binary_contents cascade 
26-08-01 19:30:58.461 [Test worker] DEBUG org.hibernate.SQL - 
    drop table if exists channels cascade 
26-08-01 19:30:58.463 [Test worker] DEBUG org.hibernate.SQL - 
    drop table if exists message_attachments cascade 
26-08-01 19:30:58.464 [Test worker] DEBUG org.hibernate.SQL - 
    drop table if exists messages cascade 
26-08-01 19:30:58.465 [Test worker] DEBUG org.hibernate.SQL - 
    drop table if exists read_statuses cascade 
26-08-01 19:30:58.466 [Test worker] DEBUG org.hibernate.SQL - 
    drop table if exists user_statuses cascade 
26-08-01 19:30:58.466 [Test worker] DEBUG org.hibernate.SQL - 
    drop table if exists users cascade 
26-08-01 19:30:58.472 [Test worker] DEBUG org.hibernate.SQL - 
    create table binary_contents (
        created_at timestamp(6) with time zone,
        size bigint not null,
        id uuid not null,
        content_type varchar(255),
        file_name varchar(255),
        primary key (id)
    )
26-08-01 19:30:58.487 [Test worker] DEBUG org.hibernate.SQL - 
    create table channels (
        created_at timestamp(6) with time zone,
        id uuid not null,
        description varchar(255),
        name varchar(255),
        type enum ('PRIVATE','PUBLIC'),
        primary key (id)
    )
26-08-01 19:30:58.491 [Test worker] DEBUG org.hibernate.SQL - 
    create table message_attachments (
        attachment_id uuid not null,
        message_id uuid not null
    )
26-08-01 19:30:58.494 [Test worker] DEBUG org.hibernate.SQL - 
    create table messages (
        created_at timestamp(6) with time zone,
        author_id uuid,
        channel_id uuid,
        id uuid not null,
        content varchar(255),
        primary key (id)
    )
26-08-01 19:30:58.496 [Test worker] DEBUG org.hibernate.SQL - 
    create table read_statuses (
        created_at timestamp(6) with time zone,
        last_read_at timestamp(6) with time zone,
        channel_id uuid,
        id uuid not null,
        user_id uuid,
        primary key (id)
    )
26-08-01 19:30:58.499 [Test worker] DEBUG org.hibernate.SQL - 
    create table user_statuses (
        created_at timestamp(6) with time zone,
        last_active_at timestamp(6) with time zone,
        id uuid not null,
        user_id uuid unique,
        primary key (id)
    )
26-08-01 19:30:58.503 [Test worker] DEBUG org.hibernate.SQL - 
    create table users (
        created_at timestamp(6) with time zone,
        id uuid not null,
        profile_id uuid unique,
        email varchar(255),
        password varchar(255),
        username varchar(255),
        primary key (id)
    )
26-08-01 19:30:58.520 [Test worker] DEBUG org.hibernate.SQL - 
    alter table if exists message_attachments 
       add constraint FKsd1m8rb8jcpbcnb7rpdue7ctc 
       foreign key (attachment_id) 
       references binary_contents
26-08-01 19:30:58.544 [Test worker] DEBUG org.hibernate.SQL - 
    alter table if exists message_attachments 
       add constraint FKj7twd218e2gqw9cmlhwvo1rth 
       foreign key (message_id) 
       references messages
26-08-01 19:30:58.548 [Test worker] DEBUG org.hibernate.SQL - 
    alter table if exists messages 
       add constraint FKowtlim26svclkatusptbgi7u1 
       foreign key (author_id) 
       references users
26-08-01 19:30:58.551 [Test worker] DEBUG org.hibernate.SQL - 
    alter table if exists messages 
       add constraint FK3u3ckbhwq9se1cmopk2pq05b2 
       foreign key (channel_id) 
       references channels
26-08-01 19:30:58.554 [Test worker] DEBUG org.hibernate.SQL - 
    alter table if exists read_statuses 
       add constraint FKa38ri44ml4gfdpklx4ahqr8gd 
       foreign key (channel_id) 
       references channels
26-08-01 19:30:58.556 [Test worker] DEBUG org.hibernate.SQL - 
    alter table if exists read_statuses 
       add constraint FKml3k4wr9sj5yxrmj6d0aoib2e 
       foreign key (user_id) 
       references users
26-08-01 19:30:58.558 [Test worker] DEBUG org.hibernate.SQL - 
    alter table if exists user_statuses 
       add constraint FK4lfl3ei2ubchgcxrrpo3pw4mm 
       foreign key (user_id) 
       references users
26-08-01 19:30:58.559 [Test worker] DEBUG org.hibernate.SQL - 
    alter table if exists users 
       add constraint FKtbudycgrip49xdptogmhfqnso 
       foreign key (profile_id) 
       references binary_contents
26-08-01 19:30:58.567 [Test worker] INFO  o.s.o.j.LocalContainerEntityManagerFactoryBean - Initialized JPA EntityManagerFactory for persistence unit 'default'
26-08-01 19:30:59.541 [Test worker] INFO  c.s.m.d.r.ChannelRepositoryTest - Started ChannelRepositoryTest in 5.991 seconds (process running for 7.52)
26-08-01 19:31:00.291 [Test worker] DEBUG org.hibernate.SQL - 
    /* insert for
        com.sprint.mission.discodeit.entity.Channel */insert 
    into
        channels (created_at, description, name, type, id) 
    values
        (?, ?, ?, ?, ?)
26-08-01 19:31:00.303 [Test worker] TRACE org.hibernate.orm.jdbc.bind - binding parameter (1:TIMESTAMP_UTC) <- [null]
26-08-01 19:31:00.304 [Test worker] TRACE org.hibernate.orm.jdbc.bind - binding parameter (2:VARCHAR) <- [설명]
26-08-01 19:31:00.305 [Test worker] TRACE org.hibernate.orm.jdbc.bind - binding parameter (3:VARCHAR) <- [공지]
26-08-01 19:31:00.305 [Test worker] TRACE org.hibernate.orm.jdbc.bind - binding parameter (4:ENUM) <- [PUBLIC]
26-08-01 19:31:00.305 [Test worker] TRACE org.hibernate.orm.jdbc.bind - binding parameter (5:UUID) <- [0d1fe4ad-b6e6-46e4-b03c-ff3cee61b0f0]
26-08-01 19:31:00.437 [Test worker] DEBUG org.hibernate.SQL - 
    select
        c1_0.id,
        c1_0.created_at,
        c1_0.description,
        c1_0.name,
        c1_0.type 
    from
        channels c1_0 
    where
        c1_0.id=?
26-08-01 19:31:00.439 [Test worker] TRACE org.hibernate.orm.jdbc.bind - binding parameter (1:UUID) <- [f9557b7f-10cb-4ac3-bd34-3d81f84b8d80]
26-08-01 19:31:00.479 [SpringApplicationShutdownHook] INFO  o.s.o.j.LocalContainerEntityManagerFactoryBean - Closing JPA EntityManagerFactory for persistence unit 'default'
26-08-01 19:31:00.480 [SpringApplicationShutdownHook] DEBUG org.hibernate.SQL - 
    drop table if exists binary_contents cascade 
26-08-01 19:31:00.483 [SpringApplicationShutdownHook] DEBUG org.hibernate.SQL - 
    drop table if exists channels cascade 
26-08-01 19:31:00.484 [SpringApplicationShutdownHook] DEBUG org.hibernate.SQL - 
    drop table if exists message_attachments cascade 
26-08-01 19:31:00.485 [SpringApplicationShutdownHook] DEBUG org.hibernate.SQL - 
    drop table if exists messages cascade 
26-08-01 19:31:00.486 [SpringApplicationShutdownHook] DEBUG org.hibernate.SQL - 
    drop table if exists read_statuses cascade 
26-08-01 19:31:00.486 [SpringApplicationShutdownHook] DEBUG org.hibernate.SQL - 
    drop table if exists user_statuses cascade 
26-08-01 19:31:00.487 [SpringApplicationShutdownHook] DEBUG org.hibernate.SQL - 
    drop table if exists users cascade 
26-08-01 19:31:29.733 [background-preinit] INFO  o.h.validator.internal.util.Version - HV000001: Hibernate Validator 8.0.1.Final
26-08-01 19:31:29.784 [Test worker] INFO  c.s.m.d.c.UserControllerTest - Starting UserControllerTest using Java 17.0.19 with PID 88239 (started by jangjunseo in /Users/jangjunseo/Desktop/codei_13th_develop/13-sprint-mission)
26-08-01 19:31:29.784 [Test worker] INFO  c.s.m.d.c.UserControllerTest - The following 1 profile is active: "dev"
26-08-01 19:31:31.108 [Test worker] INFO  o.s.b.a.w.s.WelcomePageHandlerMapping - Adding welcome page: class path resource [static/index.html]
26-08-01 19:31:31.386 [Test worker] INFO  o.s.b.t.m.w.SpringBootMockServletContext - Initializing Spring TestDispatcherServlet ''
26-08-01 19:31:31.386 [Test worker] INFO  o.s.t.w.s.TestDispatcherServlet - Initializing Servlet ''
26-08-01 19:31:31.389 [Test worker] INFO  o.s.t.w.s.TestDispatcherServlet - Completed initialization in 1 ms
26-08-01 19:31:31.416 [Test worker] INFO  c.s.m.d.c.UserControllerTest - Started UserControllerTest in 1.98 seconds (process running for 3.368)
26-08-01 19:31:31.652 [Test worker] WARN  c.s.m.d.e.GlobalExceptionHandler - [예외 발생] type=DuplicateUsernameException, code=DUPLICATE_USERNAME, message=이미 사용중인 username입니다., details={username=duplicateUser}
26-08-01 19:31:31.733 [Test worker] INFO  c.s.m.d.controller.UserController - [User 생성 완료] userId: 16a42a43-cd60-4d7a-8cba-cd4f81e6b6e8
26-08-01 19:45:21.159 [background-preinit] INFO  o.h.validator.internal.util.Version - HV000001: Hibernate Validator 8.0.1.Final
26-08-01 19:45:21.218 [Test worker] INFO  c.s.m.d.c.ChannelControllerTest - Starting ChannelControllerTest using Java 17.0.19 with PID 88530 (started by jangjunseo in /Users/jangjunseo/Desktop/codei_13th_develop/13-sprint-mission)
26-08-01 19:45:21.219 [Test worker] INFO  c.s.m.d.c.ChannelControllerTest - The following 1 profile is active: "dev"
26-08-01 19:45:22.584 [Test worker] INFO  o.s.b.a.w.s.WelcomePageHandlerMapping - Adding welcome page: class path resource [static/index.html]
26-08-01 19:45:22.854 [Test worker] INFO  o.s.b.t.m.w.SpringBootMockServletContext - Initializing Spring TestDispatcherServlet ''
26-08-01 19:45:22.855 [Test worker] INFO  o.s.t.w.s.TestDispatcherServlet - Initializing Servlet ''
26-08-01 19:45:22.858 [Test worker] INFO  o.s.t.w.s.TestDispatcherServlet - Completed initialization in 1 ms
26-08-01 19:45:22.892 [Test worker] INFO  c.s.m.d.c.ChannelControllerTest - Started ChannelControllerTest in 2.183 seconds (process running for 3.725)
26-08-01 19:45:23.100 [Test worker] INFO  c.s.m.d.controller.ChannelController - [Public 채널 생성 완료] channelId: 072cf067-e5c2-4fcb-a1ce-414478cdb46d
26-08-01 19:45:23.196 [Test worker] WARN  c.s.m.d.e.GlobalExceptionHandler - [예외 발생] type=ChannelNotFoundException, code=CHANNEL_NOT_FOUND, message=존재하지 않는 채널입니다., details={channelId=c8704b01-9ecd-44ad-840f-efe8e0e32d82}
