26-09-16 09:16:52.184 [background-preinit] INFO  o.h.validator.internal.util.Version - HV000001: Hibernate Validator 8.0.1.Final
26-09-16 09:16:52.260 [main] INFO  c.s.m.discodeit.DiscodeitApplication - Starting DiscodeitApplication using Java 17.0.19 with PID 98459 (/Users/jangjunseo/Desktop/codei_13th_develop/13-sprint-mission/build/classes/java/main started by jangjunseo in /Users/jangjunseo/Desktop/codei_13th_develop/13-sprint-mission)
26-09-16 09:16:52.261 [main] INFO  c.s.m.discodeit.DiscodeitApplication - The following 1 profile is active: "dev"
26-09-16 09:16:53.846 [main] INFO  o.s.d.r.c.RepositoryConfigurationDelegate - Bootstrapping Spring Data JPA repositories in DEFAULT mode.
26-09-16 09:16:53.940 [main] INFO  o.s.d.r.c.RepositoryConfigurationDelegate - Finished Spring Data repository scanning in 65 ms. Found 6 JPA repository interfaces.
26-09-16 09:16:55.023 [main] INFO  o.s.b.w.e.tomcat.TomcatWebServer - Tomcat initialized with port 8080 (http)
26-09-16 09:16:55.050 [main] INFO  o.a.coyote.http11.Http11NioProtocol - Initializing ProtocolHandler ["http-nio-8080"]
26-09-16 09:16:55.054 [main] INFO  o.a.catalina.core.StandardService - Starting service [Tomcat]
26-09-16 09:16:55.055 [main] INFO  o.a.catalina.core.StandardEngine - Starting Servlet engine: [Apache Tomcat/10.1.33]
26-09-16 09:16:55.165 [main] INFO  o.a.c.c.C.[Tomcat].[localhost].[/] - Initializing Spring embedded WebApplicationContext
26-09-16 09:16:55.165 [main] INFO  o.s.b.w.s.c.ServletWebServerApplicationContext - Root WebApplicationContext: initialization completed in 2839 ms
26-09-16 09:16:55.416 [main] INFO  com.zaxxer.hikari.HikariDataSource - HikariPool-1 - Starting...
26-09-16 09:16:55.911 [main] INFO  com.zaxxer.hikari.pool.HikariPool - HikariPool-1 - Added connection org.postgresql.jdbc.PgConnection@312f3050
26-09-16 09:16:55.912 [main] INFO  com.zaxxer.hikari.HikariDataSource - HikariPool-1 - Start completed.
26-09-16 09:16:55.994 [main] INFO  o.h.jpa.internal.util.LogHelper - HHH000204: Processing PersistenceUnitInfo [name: default]
26-09-16 09:16:56.055 [main] INFO  org.hibernate.Version - HHH000412: Hibernate ORM core version 6.6.2.Final
26-09-16 09:16:56.085 [main] INFO  o.h.c.i.RegionFactoryInitiator - HHH000026: Second-level cache disabled
26-09-16 09:16:56.346 [main] INFO  o.s.o.j.p.SpringPersistenceUnitInfo - No LoadTimeWeaver setup: ignoring JPA class transformer
26-09-16 09:16:56.560 [main] INFO  o.hibernate.orm.connections.pooling - HHH10001005: Database info:
	Database JDBC URL [Connecting through datasource 'HikariDataSource (HikariPool-1)']
	Database driver: undefined/unknown
	Database version: 17.10
	Autocommit mode: undefined/unknown
	Isolation level: undefined/unknown
	Minimum pool size: undefined/unknown
	Maximum pool size: undefined/unknown
26-09-16 09:16:57.383 [main] INFO  o.h.e.t.j.p.i.JtaPlatformInitiator - HHH000489: No JTA platform available (set 'hibernate.transaction.jta.platform' to enable JTA platform integration)
26-09-16 09:16:58.280 [main] INFO  o.s.o.j.LocalContainerEntityManagerFactoryBean - Initialized JPA EntityManagerFactory for persistence unit 'default'
26-09-16 09:16:58.911 [main] TRACE o.s.s.c.a.a.c.AuthenticationConfiguration$EnableGlobalAuthenticationAutowiredConfigurer - Eagerly initializing {securityConfig=com.sprint.mission.discodeit.config.SecurityConfig$$SpringCGLIB$$0@515b7335}
26-09-16 09:16:58.917 [main] INFO  o.s.s.c.a.a.c.InitializeUserDetailsBeanManagerConfigurer$InitializeUserDetailsManagerConfigurer - Global AuthenticationManager configured with UserDetailsService bean with name discodeitUserDetailsService
26-09-16 09:16:58.992 [main] INFO  o.s.b.a.w.s.WelcomePageHandlerMapping - Adding welcome page: class path resource [static/index.html]
26-09-16 09:16:59.247 [main] INFO  o.s.b.a.e.web.EndpointLinksResolver - Exposing 4 endpoints beneath base path '/actuator'
26-09-16 09:16:59.306 [main] DEBUG o.s.s.web.DefaultSecurityFilterChain - Will secure any request with filters: DisableEncodeUrlFilter, WebAsyncManagerIntegrationFilter, SecurityContextHolderFilter, HeaderWriterFilter, CsrfFilter, LogoutFilter, UsernamePasswordAuthenticationFilter, DefaultResourcesFilter, DefaultLoginPageGeneratingFilter, DefaultLogoutPageGeneratingFilter, RequestCacheAwareFilter, SecurityContextHolderAwareRequestFilter, AnonymousAuthenticationFilter, ExceptionTranslationFilter
26-09-16 09:16:59.707 [main] INFO  o.a.coyote.http11.Http11NioProtocol - Starting ProtocolHandler ["http-nio-8080"]
26-09-16 09:16:59.721 [main] INFO  o.s.b.w.e.tomcat.TomcatWebServer - Tomcat started on port 8080 (http) with context path '/'
26-09-16 09:16:59.733 [main] INFO  c.s.m.discodeit.DiscodeitApplication - Started DiscodeitApplication in 8.298 seconds (process running for 9.74)
26-09-16 09:17:00.395 [RMI TCP Connection(2)-127.0.0.1] INFO  o.a.c.c.C.[Tomcat].[localhost].[/] - Initializing Spring DispatcherServlet 'dispatcherServlet'
26-09-16 09:17:00.396 [RMI TCP Connection(2)-127.0.0.1] INFO  o.s.web.servlet.DispatcherServlet - Initializing Servlet 'dispatcherServlet'
26-09-16 09:17:00.398 [RMI TCP Connection(2)-127.0.0.1] INFO  o.s.web.servlet.DispatcherServlet - Completed initialization in 1 ms
26-09-16 09:17:45.314 [http-nio-8080-exec-1] TRACE o.s.security.web.FilterChainProxy - Trying to match request against DefaultSecurityFilterChain defined as 'filterChain' in [class path resource [com/sprint/mission/discodeit/config/SecurityConfig.class]] matching [any request] and having filters [DisableEncodeUrl, WebAsyncManagerIntegration, SecurityContextHolder, HeaderWriter, Csrf, Logout, UsernamePasswordAuthentication, DefaultResources, DefaultLoginPageGenerating, DefaultLogoutPageGenerating, RequestCacheAware, SecurityContextHolderAwareRequest, AnonymousAuthentication, ExceptionTranslation] (1/1)
26-09-16 09:17:45.315 [http-nio-8080-exec-1] DEBUG o.s.security.web.FilterChainProxy - Securing GET /api/auth/csrf-token
26-09-16 09:17:45.319 [http-nio-8080-exec-1] TRACE o.s.security.web.FilterChainProxy - Invoking DisableEncodeUrlFilter (1/14)
26-09-16 09:17:45.322 [http-nio-8080-exec-1] TRACE o.s.security.web.FilterChainProxy - Invoking WebAsyncManagerIntegrationFilter (2/14)
26-09-16 09:17:45.324 [http-nio-8080-exec-1] TRACE o.s.security.web.FilterChainProxy - Invoking SecurityContextHolderFilter (3/14)
26-09-16 09:17:45.325 [http-nio-8080-exec-1] TRACE o.s.security.web.FilterChainProxy - Invoking HeaderWriterFilter (4/14)
26-09-16 09:17:45.326 [http-nio-8080-exec-1] TRACE o.s.security.web.FilterChainProxy - Invoking CsrfFilter (5/14)
26-09-16 09:17:45.332 [http-nio-8080-exec-1] TRACE o.s.security.web.csrf.CsrfFilter - Did not protect against CSRF since request did not match CsrfNotRequired [TRACE, HEAD, GET, OPTIONS]
26-09-16 09:17:45.332 [http-nio-8080-exec-1] TRACE o.s.security.web.FilterChainProxy - Invoking LogoutFilter (6/14)
26-09-16 09:17:45.332 [http-nio-8080-exec-1] TRACE o.s.s.w.a.logout.LogoutFilter - Did not match request to Ant [pattern='/api/auth/logout', POST]
26-09-16 09:17:45.332 [http-nio-8080-exec-1] TRACE o.s.security.web.FilterChainProxy - Invoking UsernamePasswordAuthenticationFilter (7/14)
26-09-16 09:17:45.332 [http-nio-8080-exec-1] TRACE o.s.s.w.a.UsernamePasswordAuthenticationFilter - Did not match request to Ant [pattern='/api/auth/login', POST]
26-09-16 09:17:45.332 [http-nio-8080-exec-1] TRACE o.s.security.web.FilterChainProxy - Invoking DefaultResourcesFilter (8/14)
26-09-16 09:17:45.332 [http-nio-8080-exec-1] TRACE o.s.security.web.FilterChainProxy - Invoking DefaultLoginPageGeneratingFilter (9/14)
26-09-16 09:17:45.333 [http-nio-8080-exec-1] TRACE o.s.security.web.FilterChainProxy - Invoking DefaultLogoutPageGeneratingFilter (10/14)
26-09-16 09:17:45.333 [http-nio-8080-exec-1] TRACE o.s.s.w.a.u.DefaultLogoutPageGeneratingFilter - Did not render default logout page since request did not match [Ant [pattern='/logout', GET]]
26-09-16 09:17:45.333 [http-nio-8080-exec-1] TRACE o.s.security.web.FilterChainProxy - Invoking RequestCacheAwareFilter (11/14)
26-09-16 09:17:45.333 [http-nio-8080-exec-1] TRACE o.s.s.w.s.HttpSessionRequestCache - matchingRequestParameterName is required for getMatchingRequest to lookup a value, but not provided
26-09-16 09:17:45.333 [http-nio-8080-exec-1] TRACE o.s.security.web.FilterChainProxy - Invoking SecurityContextHolderAwareRequestFilter (12/14)
26-09-16 09:17:45.336 [http-nio-8080-exec-1] TRACE o.s.security.web.FilterChainProxy - Invoking AnonymousAuthenticationFilter (13/14)
26-09-16 09:17:45.337 [http-nio-8080-exec-1] TRACE o.s.security.web.FilterChainProxy - Invoking ExceptionTranslationFilter (14/14)
26-09-16 09:17:45.342 [http-nio-8080-exec-1] DEBUG o.s.security.web.FilterChainProxy - Secured GET /api/auth/csrf-token
26-09-16 09:17:45.389 [http-nio-8080-exec-1] TRACE o.s.s.w.c.HttpSessionSecurityContextRepository - No HttpSession currently exists
26-09-16 09:17:45.389 [http-nio-8080-exec-1] TRACE o.s.s.w.c.SupplierDeferredSecurityContext - Created SecurityContextImpl [Null authentication]
26-09-16 09:17:45.389 [http-nio-8080-exec-1] TRACE o.s.s.w.c.SupplierDeferredSecurityContext - Created SecurityContextImpl [Null authentication]
26-09-16 09:17:45.392 [http-nio-8080-exec-1] TRACE o.s.s.w.a.AnonymousAuthenticationFilter - Set SecurityContextHolder to AnonymousAuthenticationToken [Principal=anonymousUser, Credentials=[PROTECTED], Authenticated=true, Details=WebAuthenticationDetails [RemoteIpAddress=0:0:0:0:0:0:0:1, SessionId=null], Granted Authorities=[ROLE_ANONYMOUS]]
26-09-16 09:17:45.394 [http-nio-8080-exec-1] TRACE o.s.s.w.h.writers.HstsHeaderWriter - Not injecting HSTS header since it did not match request to [Is Secure]
26-09-16 09:20:29.174 [http-nio-8080-exec-3] TRACE o.s.security.web.FilterChainProxy - Trying to match request against DefaultSecurityFilterChain defined as 'filterChain' in [class path resource [com/sprint/mission/discodeit/config/SecurityConfig.class]] matching [any request] and having filters [DisableEncodeUrl, WebAsyncManagerIntegration, SecurityContextHolder, HeaderWriter, Csrf, Logout, UsernamePasswordAuthentication, DefaultResources, DefaultLoginPageGenerating, DefaultLogoutPageGenerating, RequestCacheAware, SecurityContextHolderAwareRequest, AnonymousAuthentication, ExceptionTranslation] (1/1)
26-09-16 09:20:29.174 [http-nio-8080-exec-3] DEBUG o.s.security.web.FilterChainProxy - Securing GET /api/auth/login
26-09-16 09:20:29.175 [http-nio-8080-exec-3] TRACE o.s.security.web.FilterChainProxy - Invoking DisableEncodeUrlFilter (1/14)
26-09-16 09:20:29.176 [http-nio-8080-exec-3] TRACE o.s.security.web.FilterChainProxy - Invoking WebAsyncManagerIntegrationFilter (2/14)
26-09-16 09:20:29.176 [http-nio-8080-exec-3] TRACE o.s.security.web.FilterChainProxy - Invoking SecurityContextHolderFilter (3/14)
26-09-16 09:20:29.176 [http-nio-8080-exec-3] TRACE o.s.security.web.FilterChainProxy - Invoking HeaderWriterFilter (4/14)
26-09-16 09:20:29.176 [http-nio-8080-exec-3] TRACE o.s.security.web.FilterChainProxy - Invoking CsrfFilter (5/14)
26-09-16 09:20:29.178 [http-nio-8080-exec-3] TRACE o.s.security.web.csrf.CsrfFilter - Did not protect against CSRF since request did not match CsrfNotRequired [TRACE, HEAD, GET, OPTIONS]
26-09-16 09:20:29.179 [http-nio-8080-exec-3] TRACE o.s.security.web.FilterChainProxy - Invoking LogoutFilter (6/14)
26-09-16 09:20:29.179 [http-nio-8080-exec-3] TRACE o.s.s.w.a.logout.LogoutFilter - Did not match request to Ant [pattern='/api/auth/logout', POST]
26-09-16 09:20:29.179 [http-nio-8080-exec-3] TRACE o.s.security.web.FilterChainProxy - Invoking UsernamePasswordAuthenticationFilter (7/14)
26-09-16 09:20:29.179 [http-nio-8080-exec-3] TRACE o.s.s.w.a.UsernamePasswordAuthenticationFilter - Did not match request to Ant [pattern='/api/auth/login', POST]
26-09-16 09:20:29.179 [http-nio-8080-exec-3] TRACE o.s.security.web.FilterChainProxy - Invoking DefaultResourcesFilter (8/14)
26-09-16 09:20:29.179 [http-nio-8080-exec-3] TRACE o.s.security.web.FilterChainProxy - Invoking DefaultLoginPageGeneratingFilter (9/14)
26-09-16 09:20:29.179 [http-nio-8080-exec-3] TRACE o.s.security.web.FilterChainProxy - Invoking DefaultLogoutPageGeneratingFilter (10/14)
26-09-16 09:20:29.179 [http-nio-8080-exec-3] TRACE o.s.s.w.a.u.DefaultLogoutPageGeneratingFilter - Did not render default logout page since request did not match [Ant [pattern='/logout', GET]]
26-09-16 09:20:29.179 [http-nio-8080-exec-3] TRACE o.s.security.web.FilterChainProxy - Invoking RequestCacheAwareFilter (11/14)
26-09-16 09:20:29.180 [http-nio-8080-exec-3] TRACE o.s.s.w.s.HttpSessionRequestCache - matchingRequestParameterName is required for getMatchingRequest to lookup a value, but not provided
26-09-16 09:20:29.181 [http-nio-8080-exec-3] TRACE o.s.security.web.FilterChainProxy - Invoking SecurityContextHolderAwareRequestFilter (12/14)
26-09-16 09:20:29.181 [http-nio-8080-exec-3] TRACE o.s.security.web.FilterChainProxy - Invoking AnonymousAuthenticationFilter (13/14)
26-09-16 09:20:29.181 [http-nio-8080-exec-3] TRACE o.s.security.web.FilterChainProxy - Invoking ExceptionTranslationFilter (14/14)
26-09-16 09:20:29.182 [http-nio-8080-exec-3] DEBUG o.s.security.web.FilterChainProxy - Secured GET /api/auth/login
26-09-16 09:20:29.220 [http-nio-8080-exec-3] ERROR c.s.m.d.e.GlobalExceptionHandler - [예상치 못한 예외 발생] type=NoResourceFoundException, message=No static resource api/auth/login.
org.springframework.web.servlet.resource.NoResourceFoundException: No static resource api/auth/login.
	at org.springframework.web.servlet.resource.ResourceHttpRequestHandler.handleRequest(ResourceHttpRequestHandler.java:585)
	at org.springframework.web.servlet.mvc.HttpRequestHandlerAdapter.handle(HttpRequestHandlerAdapter.java:52)
	at org.springframework.web.servlet.DispatcherServlet.doDispatch(DispatcherServlet.java:1088)
	at org.springframework.web.servlet.DispatcherServlet.doService(DispatcherServlet.java:978)
	at org.springframework.web.servlet.FrameworkServlet.processRequest(FrameworkServlet.java:1014)
	at org.springframework.web.servlet.FrameworkServlet.doGet(FrameworkServlet.java:903)
	at jakarta.servlet.http.HttpServlet.service(HttpServlet.java:564)
	at org.springframework.web.servlet.FrameworkServlet.service(FrameworkServlet.java:885)
	at jakarta.servlet.http.HttpServlet.service(HttpServlet.java:658)
	at org.apache.catalina.core.ApplicationFilterChain.internalDoFilter(ApplicationFilterChain.java:195)
	at org.apache.catalina.core.ApplicationFilterChain.doFilter(ApplicationFilterChain.java:140)
	at org.apache.tomcat.websocket.server.WsFilter.doFilter(WsFilter.java:51)
	at org.apache.catalina.core.ApplicationFilterChain.internalDoFilter(ApplicationFilterChain.java:164)
	at org.apache.catalina.core.ApplicationFilterChain.doFilter(ApplicationFilterChain.java:140)
	at org.springframework.web.filter.CompositeFilter$VirtualFilterChain.doFilter(CompositeFilter.java:108)
	at org.springframework.security.web.FilterChainProxy.lambda$doFilterInternal$3(FilterChainProxy.java:231)
	at org.springframework.security.web.ObservationFilterChainDecorator$FilterObservation$SimpleFilterObservation.lambda$wrap$1(ObservationFilterChainDecorator.java:479)
	at org.springframework.security.web.ObservationFilterChainDecorator$AroundFilterObservation$SimpleAroundFilterObservation.lambda$wrap$1(ObservationFilterChainDecorator.java:340)
	at org.springframework.security.web.ObservationFilterChainDecorator.lambda$wrapSecured$0(ObservationFilterChainDecorator.java:82)
	at org.springframework.security.web.ObservationFilterChainDecorator$VirtualFilterChain.doFilter(ObservationFilterChainDecorator.java:128)
	at org.springframework.security.web.access.ExceptionTranslationFilter.doFilter(ExceptionTranslationFilter.java:126)
	at org.springframework.security.web.access.ExceptionTranslationFilter.doFilter(ExceptionTranslationFilter.java:120)
	at org.springframework.security.web.ObservationFilterChainDecorator$ObservationFilter.wrapFilter(ObservationFilterChainDecorator.java:240)
	at org.springframework.security.web.ObservationFilterChainDecorator$ObservationFilter.doFilter(ObservationFilterChainDecorator.java:227)
	at org.springframework.security.web.ObservationFilterChainDecorator$VirtualFilterChain.doFilter(ObservationFilterChainDecorator.java:137)
	at org.springframework.security.web.authentication.AnonymousAuthenticationFilter.doFilter(AnonymousAuthenticationFilter.java:100)
	at org.springframework.security.web.ObservationFilterChainDecorator$ObservationFilter.wrapFilter(ObservationFilterChainDecorator.java:240)
	at org.springframework.security.web.ObservationFilterChainDecorator$ObservationFilter.doFilter(ObservationFilterChainDecorator.java:227)
	at org.springframework.security.web.ObservationFilterChainDecorator$VirtualFilterChain.doFilter(ObservationFilterChainDecorator.java:137)
	at org.springframework.security.web.servletapi.SecurityContextHolderAwareRequestFilter.doFilter(SecurityContextHolderAwareRequestFilter.java:179)
	at org.springframework.security.web.ObservationFilterChainDecorator$ObservationFilter.wrapFilter(ObservationFilterChainDecorator.java:240)
	at org.springframework.security.web.ObservationFilterChainDecorator$ObservationFilter.doFilter(ObservationFilterChainDecorator.java:227)
	at org.springframework.security.web.ObservationFilterChainDecorator$VirtualFilterChain.doFilter(ObservationFilterChainDecorator.java:137)
	at org.springframework.security.web.savedrequest.RequestCacheAwareFilter.doFilter(RequestCacheAwareFilter.java:63)
	at org.springframework.security.web.ObservationFilterChainDecorator$ObservationFilter.wrapFilter(ObservationFilterChainDecorator.java:240)
	at org.springframework.security.web.ObservationFilterChainDecorator$ObservationFilter.doFilter(ObservationFilterChainDecorator.java:227)
	at org.springframework.security.web.ObservationFilterChainDecorator$VirtualFilterChain.doFilter(ObservationFilterChainDecorator.java:137)
	at org.springframework.security.web.authentication.ui.DefaultLogoutPageGeneratingFilter.doFilterInternal(DefaultLogoutPageGeneratingFilter.java:58)
	at org.springframework.web.filter.OncePerRequestFilter.doFilter(OncePerRequestFilter.java:116)
	at org.springframework.security.web.ObservationFilterChainDecorator$ObservationFilter.wrapFilter(ObservationFilterChainDecorator.java:240)
	at org.springframework.security.web.ObservationFilterChainDecorator$ObservationFilter.doFilter(ObservationFilterChainDecorator.java:227)
	at org.springframework.security.web.ObservationFilterChainDecorator$VirtualFilterChain.doFilter(ObservationFilterChainDecorator.java:137)
	at org.springframework.security.web.authentication.ui.DefaultLoginPageGeneratingFilter.doFilter(DefaultLoginPageGeneratingFilter.java:220)
	at org.springframework.security.web.authentication.ui.DefaultLoginPageGeneratingFilter.doFilter(DefaultLoginPageGeneratingFilter.java:206)
	at org.springframework.security.web.ObservationFilterChainDecorator$ObservationFilter.wrapFilter(ObservationFilterChainDecorator.java:240)
	at org.springframework.security.web.ObservationFilterChainDecorator$ObservationFilter.doFilter(ObservationFilterChainDecorator.java:227)
	at org.springframework.security.web.ObservationFilterChainDecorator$VirtualFilterChain.doFilter(ObservationFilterChainDecorator.java:137)
	at org.springframework.security.web.authentication.ui.DefaultResourcesFilter.doFilter(DefaultResourcesFilter.java:72)
	at org.springframework.security.web.ObservationFilterChainDecorator$ObservationFilter.wrapFilter(ObservationFilterChainDecorator.java:240)
	at org.springframework.security.web.ObservationFilterChainDecorator$ObservationFilter.doFilter(ObservationFilterChainDecorator.java:227)
	at org.springframework.security.web.ObservationFilterChainDecorator$VirtualFilterChain.doFilter(ObservationFilterChainDecorator.java:137)
	at org.springframework.security.web.authentication.AbstractAuthenticationProcessingFilter.doFilter(AbstractAuthenticationProcessingFilter.java:227)
	at org.springframework.security.web.authentication.AbstractAuthenticationProcessingFilter.doFilter(AbstractAuthenticationProcessingFilter.java:221)
	at org.springframework.security.web.ObservationFilterChainDecorator$ObservationFilter.wrapFilter(ObservationFilterChainDecorator.java:240)
	at org.springframework.security.web.ObservationFilterChainDecorator$ObservationFilter.doFilter(ObservationFilterChainDecorator.java:227)
	at org.springframework.security.web.ObservationFilterChainDecorator$VirtualFilterChain.doFilter(ObservationFilterChainDecorator.java:137)
	at org.springframework.security.web.authentication.logout.LogoutFilter.doFilter(LogoutFilter.java:107)
	at org.springframework.security.web.authentication.logout.LogoutFilter.doFilter(LogoutFilter.java:93)
	at org.springframework.security.web.ObservationFilterChainDecorator$ObservationFilter.wrapFilter(ObservationFilterChainDecorator.java:240)
	at org.springframework.security.web.ObservationFilterChainDecorator$ObservationFilter.doFilter(ObservationFilterChainDecorator.java:227)
	at org.springframework.security.web.ObservationFilterChainDecorator$VirtualFilterChain.doFilter(ObservationFilterChainDecorator.java:137)
	at org.springframework.security.web.csrf.CsrfFilter.doFilterInternal(CsrfFilter.java:117)
	at org.springframework.web.filter.OncePerRequestFilter.doFilter(OncePerRequestFilter.java:116)
	at org.springframework.security.web.ObservationFilterChainDecorator$ObservationFilter.wrapFilter(ObservationFilterChainDecorator.java:240)
	at org.springframework.security.web.ObservationFilterChainDecorator$ObservationFilter.doFilter(ObservationFilterChainDecorator.java:227)
	at org.springframework.security.web.ObservationFilterChainDecorator$VirtualFilterChain.doFilter(ObservationFilterChainDecorator.java:137)
	at org.springframework.security.web.header.HeaderWriterFilter.doHeadersAfter(HeaderWriterFilter.java:90)
	at org.springframework.security.web.header.HeaderWriterFilter.doFilterInternal(HeaderWriterFilter.java:75)
	at org.springframework.web.filter.OncePerRequestFilter.doFilter(OncePerRequestFilter.java:116)
	at org.springframework.security.web.ObservationFilterChainDecorator$ObservationFilter.wrapFilter(ObservationFilterChainDecorator.java:240)
	at org.springframework.security.web.ObservationFilterChainDecorator$ObservationFilter.doFilter(ObservationFilterChainDecorator.java:227)
	at org.springframework.security.web.ObservationFilterChainDecorator$VirtualFilterChain.doFilter(ObservationFilterChainDecorator.java:137)
	at org.springframework.security.web.context.SecurityContextHolderFilter.doFilter(SecurityContextHolderFilter.java:82)
	at org.springframework.security.web.context.SecurityContextHolderFilter.doFilter(SecurityContextHolderFilter.java:69)
	at org.springframework.security.web.ObservationFilterChainDecorator$ObservationFilter.wrapFilter(ObservationFilterChainDecorator.java:240)
	at org.springframework.security.web.ObservationFilterChainDecorator$ObservationFilter.doFilter(ObservationFilterChainDecorator.java:227)
	at org.springframework.security.web.ObservationFilterChainDecorator$VirtualFilterChain.doFilter(ObservationFilterChainDecorator.java:137)
	at org.springframework.security.web.context.request.async.WebAsyncManagerIntegrationFilter.doFilterInternal(WebAsyncManagerIntegrationFilter.java:62)
	at org.springframework.web.filter.OncePerRequestFilter.doFilter(OncePerRequestFilter.java:116)
	at org.springframework.security.web.ObservationFilterChainDecorator$ObservationFilter.wrapFilter(ObservationFilterChainDecorator.java:240)
	at org.springframework.security.web.ObservationFilterChainDecorator$ObservationFilter.doFilter(ObservationFilterChainDecorator.java:227)
	at org.springframework.security.web.ObservationFilterChainDecorator$VirtualFilterChain.doFilter(ObservationFilterChainDecorator.java:137)
	at org.springframework.security.web.session.DisableEncodeUrlFilter.doFilterInternal(DisableEncodeUrlFilter.java:42)
	at org.springframework.web.filter.OncePerRequestFilter.doFilter(OncePerRequestFilter.java:116)
	at org.springframework.security.web.ObservationFilterChainDecorator$ObservationFilter.wrapFilter(ObservationFilterChainDecorator.java:240)
	at org.springframework.security.web.ObservationFilterChainDecorator$AroundFilterObservation$SimpleAroundFilterObservation.lambda$wrap$0(ObservationFilterChainDecorator.java:323)
	at org.springframework.security.web.ObservationFilterChainDecorator$ObservationFilter.doFilter(ObservationFilterChainDecorator.java:224)
	at org.springframework.security.web.ObservationFilterChainDecorator$VirtualFilterChain.doFilter(ObservationFilterChainDecorator.java:137)
	at org.springframework.security.web.FilterChainProxy.doFilterInternal(FilterChainProxy.java:233)
	at org.springframework.security.web.FilterChainProxy.doFilter(FilterChainProxy.java:191)
	at org.springframework.web.filter.CompositeFilter$VirtualFilterChain.doFilter(CompositeFilter.java:113)
	at org.springframework.web.servlet.handler.HandlerMappingIntrospector.lambda$createCacheFilter$3(HandlerMappingIntrospector.java:243)
	at org.springframework.web.filter.CompositeFilter$VirtualFilterChain.doFilter(CompositeFilter.java:113)
	at org.springframework.web.filter.CompositeFilter.doFilter(CompositeFilter.java:74)
	at org.springframework.security.config.annotation.web.configuration.WebMvcSecurityConfiguration$CompositeFilterChainProxy.doFilter(WebMvcSecurityConfiguration.java:238)
	at org.springframework.web.filter.DelegatingFilterProxy.invokeDelegate(DelegatingFilterProxy.java:362)
	at org.springframework.web.filter.DelegatingFilterProxy.doFilter(DelegatingFilterProxy.java:278)
	at org.apache.catalina.core.ApplicationFilterChain.internalDoFilter(ApplicationFilterChain.java:164)
	at org.apache.catalina.core.ApplicationFilterChain.doFilter(ApplicationFilterChain.java:140)
	at org.springframework.web.filter.RequestContextFilter.doFilterInternal(RequestContextFilter.java:100)
	at org.springframework.web.filter.OncePerRequestFilter.doFilter(OncePerRequestFilter.java:116)
	at org.apache.catalina.core.ApplicationFilterChain.internalDoFilter(ApplicationFilterChain.java:164)
	at org.apache.catalina.core.ApplicationFilterChain.doFilter(ApplicationFilterChain.java:140)
	at org.springframework.web.filter.FormContentFilter.doFilterInternal(FormContentFilter.java:93)
	at org.springframework.web.filter.OncePerRequestFilter.doFilter(OncePerRequestFilter.java:116)
	at org.apache.catalina.core.ApplicationFilterChain.internalDoFilter(ApplicationFilterChain.java:164)
	at org.apache.catalina.core.ApplicationFilterChain.doFilter(ApplicationFilterChain.java:140)
	at org.springframework.web.filter.ServerHttpObservationFilter.doFilterInternal(ServerHttpObservationFilter.java:114)
	at org.springframework.web.filter.OncePerRequestFilter.doFilter(OncePerRequestFilter.java:116)
	at org.apache.catalina.core.ApplicationFilterChain.internalDoFilter(ApplicationFilterChain.java:164)
	at org.apache.catalina.core.ApplicationFilterChain.doFilter(ApplicationFilterChain.java:140)
	at org.springframework.web.filter.CharacterEncodingFilter.doFilterInternal(CharacterEncodingFilter.java:201)
	at org.springframework.web.filter.OncePerRequestFilter.doFilter(OncePerRequestFilter.java:116)
	at org.apache.catalina.core.ApplicationFilterChain.internalDoFilter(ApplicationFilterChain.java:164)
	at org.apache.catalina.core.ApplicationFilterChain.doFilter(ApplicationFilterChain.java:140)
	at org.apache.catalina.core.StandardWrapperValve.invoke(StandardWrapperValve.java:167)
	at org.apache.catalina.core.StandardContextValve.invoke(StandardContextValve.java:90)
	at org.apache.catalina.authenticator.AuthenticatorBase.invoke(AuthenticatorBase.java:483)
	at org.apache.catalina.core.StandardHostValve.invoke(StandardHostValve.java:115)
	at org.apache.catalina.valves.ErrorReportValve.invoke(ErrorReportValve.java:93)
	at org.apache.catalina.core.StandardEngineValve.invoke(StandardEngineValve.java:74)
	at org.apache.catalina.connector.CoyoteAdapter.service(CoyoteAdapter.java:344)
	at org.apache.coyote.http11.Http11Processor.service(Http11Processor.java:397)
	at org.apache.coyote.AbstractProcessorLight.process(AbstractProcessorLight.java:63)
	at org.apache.coyote.AbstractProtocol$ConnectionHandler.process(AbstractProtocol.java:905)
	at org.apache.tomcat.util.net.NioEndpoint$SocketProcessor.doRun(NioEndpoint.java:1741)
	at org.apache.tomcat.util.net.SocketProcessorBase.run(SocketProcessorBase.java:52)
	at org.apache.tomcat.util.threads.ThreadPoolExecutor.runWorker(ThreadPoolExecutor.java:1190)
	at org.apache.tomcat.util.threads.ThreadPoolExecutor$Worker.run(ThreadPoolExecutor.java:659)
	at org.apache.tomcat.util.threads.TaskThread$WrappingRunnable.run(TaskThread.java:63)
	at java.base/java.lang.Thread.run(Thread.java:840)
26-09-16 09:20:29.297 [http-nio-8080-exec-3] TRACE o.s.s.w.h.writers.HstsHeaderWriter - Not injecting HSTS header since it did not match request to [Is Secure]
26-09-16 09:20:29.301 [http-nio-8080-exec-3] TRACE o.s.s.w.c.HttpSessionSecurityContextRepository - No HttpSession currently exists
26-09-16 09:20:29.301 [http-nio-8080-exec-3] TRACE o.s.s.w.c.SupplierDeferredSecurityContext - Created SecurityContextImpl [Null authentication]
26-09-16 09:20:29.301 [http-nio-8080-exec-3] TRACE o.s.s.w.c.SupplierDeferredSecurityContext - Created SecurityContextImpl [Null authentication]
26-09-16 09:20:29.301 [http-nio-8080-exec-3] TRACE o.s.s.w.a.AnonymousAuthenticationFilter - Set SecurityContextHolder to AnonymousAuthenticationToken [Principal=anonymousUser, Credentials=[PROTECTED], Authenticated=true, Details=WebAuthenticationDetails [RemoteIpAddress=0:0:0:0:0:0:0:1, SessionId=null], Granted Authorities=[ROLE_ANONYMOUS]]
26-09-16 09:21:07.846 [http-nio-8080-exec-4] TRACE o.s.security.web.FilterChainProxy - Trying to match request against DefaultSecurityFilterChain defined as 'filterChain' in [class path resource [com/sprint/mission/discodeit/config/SecurityConfig.class]] matching [any request] and having filters [DisableEncodeUrl, WebAsyncManagerIntegration, SecurityContextHolder, HeaderWriter, Csrf, Logout, UsernamePasswordAuthentication, DefaultResources, DefaultLoginPageGenerating, DefaultLogoutPageGenerating, RequestCacheAware, SecurityContextHolderAwareRequest, AnonymousAuthentication, ExceptionTranslation] (1/1)
26-09-16 09:21:07.847 [http-nio-8080-exec-4] DEBUG o.s.security.web.FilterChainProxy - Securing POST /api/users
26-09-16 09:21:07.847 [http-nio-8080-exec-4] TRACE o.s.security.web.FilterChainProxy - Invoking DisableEncodeUrlFilter (1/14)
26-09-16 09:21:07.847 [http-nio-8080-exec-4] TRACE o.s.security.web.FilterChainProxy - Invoking WebAsyncManagerIntegrationFilter (2/14)
26-09-16 09:21:07.849 [http-nio-8080-exec-4] TRACE o.s.security.web.FilterChainProxy - Invoking SecurityContextHolderFilter (3/14)
26-09-16 09:21:07.852 [http-nio-8080-exec-4] TRACE o.s.security.web.FilterChainProxy - Invoking HeaderWriterFilter (4/14)
26-09-16 09:21:07.853 [http-nio-8080-exec-4] TRACE o.s.security.web.FilterChainProxy - Invoking CsrfFilter (5/14)
26-09-16 09:21:07.865 [http-nio-8080-exec-4] TRACE o.s.security.web.FilterChainProxy - Invoking LogoutFilter (6/14)
26-09-16 09:21:07.897 [http-nio-8080-exec-4] TRACE o.s.s.w.a.logout.LogoutFilter - Did not match request to Ant [pattern='/api/auth/logout', POST]
26-09-16 09:21:07.898 [http-nio-8080-exec-4] TRACE o.s.security.web.FilterChainProxy - Invoking UsernamePasswordAuthenticationFilter (7/14)
26-09-16 09:21:07.899 [http-nio-8080-exec-4] TRACE o.s.s.w.a.UsernamePasswordAuthenticationFilter - Did not match request to Ant [pattern='/api/auth/login', POST]
26-09-16 09:21:07.900 [http-nio-8080-exec-4] TRACE o.s.security.web.FilterChainProxy - Invoking DefaultResourcesFilter (8/14)
26-09-16 09:21:07.900 [http-nio-8080-exec-4] TRACE o.s.security.web.FilterChainProxy - Invoking DefaultLoginPageGeneratingFilter (9/14)
26-09-16 09:21:07.901 [http-nio-8080-exec-4] TRACE o.s.security.web.FilterChainProxy - Invoking DefaultLogoutPageGeneratingFilter (10/14)
26-09-16 09:21:07.901 [http-nio-8080-exec-4] TRACE o.s.s.w.a.u.DefaultLogoutPageGeneratingFilter - Did not render default logout page since request did not match [Ant [pattern='/logout', GET]]
26-09-16 09:21:07.901 [http-nio-8080-exec-4] TRACE o.s.security.web.FilterChainProxy - Invoking RequestCacheAwareFilter (11/14)
26-09-16 09:21:07.901 [http-nio-8080-exec-4] TRACE o.s.s.w.s.HttpSessionRequestCache - matchingRequestParameterName is required for getMatchingRequest to lookup a value, but not provided
26-09-16 09:21:07.901 [http-nio-8080-exec-4] TRACE o.s.security.web.FilterChainProxy - Invoking SecurityContextHolderAwareRequestFilter (12/14)
26-09-16 09:21:07.902 [http-nio-8080-exec-4] TRACE o.s.security.web.FilterChainProxy - Invoking AnonymousAuthenticationFilter (13/14)
26-09-16 09:21:07.903 [http-nio-8080-exec-4] TRACE o.s.security.web.FilterChainProxy - Invoking ExceptionTranslationFilter (14/14)
26-09-16 09:21:07.920 [http-nio-8080-exec-4] DEBUG o.s.security.web.FilterChainProxy - Secured POST /api/users
26-09-16 09:21:08.667 [http-nio-8080-exec-4] INFO  c.s.m.d.s.basic.BasicUserService - 유저 생성 요청 - username: testuser, email: test@example.com
26-09-16 09:21:09.188 [http-nio-8080-exec-4] WARN  c.s.m.d.e.GlobalExceptionHandler - [예외 발생] type=DuplicateUsernameException, code=DUPLICATE_USERNAME, message=이미 사용중인 username입니다., details={username=testuser}
26-09-16 09:21:09.190 [http-nio-8080-exec-4] TRACE o.s.s.w.h.writers.HstsHeaderWriter - Not injecting HSTS header since it did not match request to [Is Secure]
26-09-16 09:21:09.191 [http-nio-8080-exec-4] TRACE o.s.s.w.c.HttpSessionSecurityContextRepository - No HttpSession currently exists
26-09-16 09:21:09.191 [http-nio-8080-exec-4] TRACE o.s.s.w.c.SupplierDeferredSecurityContext - Created SecurityContextImpl [Null authentication]
26-09-16 09:21:09.191 [http-nio-8080-exec-4] TRACE o.s.s.w.c.SupplierDeferredSecurityContext - Created SecurityContextImpl [Null authentication]
26-09-16 09:21:09.191 [http-nio-8080-exec-4] TRACE o.s.s.w.a.AnonymousAuthenticationFilter - Set SecurityContextHolder to AnonymousAuthenticationToken [Principal=anonymousUser, Credentials=[PROTECTED], Authenticated=true, Details=WebAuthenticationDetails [RemoteIpAddress=0:0:0:0:0:0:0:1, SessionId=null], Granted Authorities=[ROLE_ANONYMOUS]]
26-09-16 09:21:23.374 [http-nio-8080-exec-5] TRACE o.s.security.web.FilterChainProxy - Trying to match request against DefaultSecurityFilterChain defined as 'filterChain' in [class path resource [com/sprint/mission/discodeit/config/SecurityConfig.class]] matching [any request] and having filters [DisableEncodeUrl, WebAsyncManagerIntegration, SecurityContextHolder, HeaderWriter, Csrf, Logout, UsernamePasswordAuthentication, DefaultResources, DefaultLoginPageGenerating, DefaultLogoutPageGenerating, RequestCacheAware, SecurityContextHolderAwareRequest, AnonymousAuthentication, ExceptionTranslation] (1/1)
26-09-16 09:21:23.375 [http-nio-8080-exec-5] DEBUG o.s.security.web.FilterChainProxy - Securing GET /api/auth/login
26-09-16 09:21:23.376 [http-nio-8080-exec-5] TRACE o.s.security.web.FilterChainProxy - Invoking DisableEncodeUrlFilter (1/14)
26-09-16 09:21:23.377 [http-nio-8080-exec-5] TRACE o.s.security.web.FilterChainProxy - Invoking WebAsyncManagerIntegrationFilter (2/14)
26-09-16 09:21:23.377 [http-nio-8080-exec-5] TRACE o.s.security.web.FilterChainProxy - Invoking SecurityContextHolderFilter (3/14)
26-09-16 09:21:23.377 [http-nio-8080-exec-5] TRACE o.s.security.web.FilterChainProxy - Invoking HeaderWriterFilter (4/14)
26-09-16 09:21:23.377 [http-nio-8080-exec-5] TRACE o.s.security.web.FilterChainProxy - Invoking CsrfFilter (5/14)
26-09-16 09:21:23.378 [http-nio-8080-exec-5] TRACE o.s.security.web.csrf.CsrfFilter - Did not protect against CSRF since request did not match CsrfNotRequired [TRACE, HEAD, GET, OPTIONS]
26-09-16 09:21:23.378 [http-nio-8080-exec-5] TRACE o.s.security.web.FilterChainProxy - Invoking LogoutFilter (6/14)
26-09-16 09:21:23.379 [http-nio-8080-exec-5] TRACE o.s.s.w.a.logout.LogoutFilter - Did not match request to Ant [pattern='/api/auth/logout', POST]
26-09-16 09:21:23.379 [http-nio-8080-exec-5] TRACE o.s.security.web.FilterChainProxy - Invoking UsernamePasswordAuthenticationFilter (7/14)
26-09-16 09:21:23.379 [http-nio-8080-exec-5] TRACE o.s.s.w.a.UsernamePasswordAuthenticationFilter - Did not match request to Ant [pattern='/api/auth/login', POST]
26-09-16 09:21:23.380 [http-nio-8080-exec-5] TRACE o.s.security.web.FilterChainProxy - Invoking DefaultResourcesFilter (8/14)
26-09-16 09:21:23.380 [http-nio-8080-exec-5] TRACE o.s.security.web.FilterChainProxy - Invoking DefaultLoginPageGeneratingFilter (9/14)
26-09-16 09:21:23.380 [http-nio-8080-exec-5] TRACE o.s.security.web.FilterChainProxy - Invoking DefaultLogoutPageGeneratingFilter (10/14)
26-09-16 09:21:23.380 [http-nio-8080-exec-5] TRACE o.s.s.w.a.u.DefaultLogoutPageGeneratingFilter - Did not render default logout page since request did not match [Ant [pattern='/logout', GET]]
26-09-16 09:21:23.381 [http-nio-8080-exec-5] TRACE o.s.security.web.FilterChainProxy - Invoking RequestCacheAwareFilter (11/14)
26-09-16 09:21:23.381 [http-nio-8080-exec-5] TRACE o.s.s.w.s.HttpSessionRequestCache - matchingRequestParameterName is required for getMatchingRequest to lookup a value, but not provided
26-09-16 09:21:23.381 [http-nio-8080-exec-5] TRACE o.s.security.web.FilterChainProxy - Invoking SecurityContextHolderAwareRequestFilter (12/14)
26-09-16 09:21:23.381 [http-nio-8080-exec-5] TRACE o.s.security.web.FilterChainProxy - Invoking AnonymousAuthenticationFilter (13/14)
26-09-16 09:21:23.381 [http-nio-8080-exec-5] TRACE o.s.security.web.FilterChainProxy - Invoking ExceptionTranslationFilter (14/14)
26-09-16 09:21:23.382 [http-nio-8080-exec-5] DEBUG o.s.security.web.FilterChainProxy - Secured GET /api/auth/login
26-09-16 09:21:23.393 [http-nio-8080-exec-5] ERROR c.s.m.d.e.GlobalExceptionHandler - [예상치 못한 예외 발생] type=NoResourceFoundException, message=No static resource api/auth/login.
org.springframework.web.servlet.resource.NoResourceFoundException: No static resource api/auth/login.
	at org.springframework.web.servlet.resource.ResourceHttpRequestHandler.handleRequest(ResourceHttpRequestHandler.java:585)
	at org.springframework.web.servlet.mvc.HttpRequestHandlerAdapter.handle(HttpRequestHandlerAdapter.java:52)
	at org.springframework.web.servlet.DispatcherServlet.doDispatch(DispatcherServlet.java:1088)
	at org.springframework.web.servlet.DispatcherServlet.doService(DispatcherServlet.java:978)
	at org.springframework.web.servlet.FrameworkServlet.processRequest(FrameworkServlet.java:1014)
	at org.springframework.web.servlet.FrameworkServlet.doGet(FrameworkServlet.java:903)
	at jakarta.servlet.http.HttpServlet.service(HttpServlet.java:564)
	at org.springframework.web.servlet.FrameworkServlet.service(FrameworkServlet.java:885)
	at jakarta.servlet.http.HttpServlet.service(HttpServlet.java:658)
	at org.apache.catalina.core.ApplicationFilterChain.internalDoFilter(ApplicationFilterChain.java:195)
	at org.apache.catalina.core.ApplicationFilterChain.doFilter(ApplicationFilterChain.java:140)
	at org.apache.tomcat.websocket.server.WsFilter.doFilter(WsFilter.java:51)
	at org.apache.catalina.core.ApplicationFilterChain.internalDoFilter(ApplicationFilterChain.java:164)
	at org.apache.catalina.core.ApplicationFilterChain.doFilter(ApplicationFilterChain.java:140)
	at org.springframework.web.filter.CompositeFilter$VirtualFilterChain.doFilter(CompositeFilter.java:108)
	at org.springframework.security.web.FilterChainProxy.lambda$doFilterInternal$3(FilterChainProxy.java:231)
	at org.springframework.security.web.ObservationFilterChainDecorator$FilterObservation$SimpleFilterObservation.lambda$wrap$1(ObservationFilterChainDecorator.java:479)
	at org.springframework.security.web.ObservationFilterChainDecorator$AroundFilterObservation$SimpleAroundFilterObservation.lambda$wrap$1(ObservationFilterChainDecorator.java:340)
	at org.springframework.security.web.ObservationFilterChainDecorator.lambda$wrapSecured$0(ObservationFilterChainDecorator.java:82)
	at org.springframework.security.web.ObservationFilterChainDecorator$VirtualFilterChain.doFilter(ObservationFilterChainDecorator.java:128)
	at org.springframework.security.web.access.ExceptionTranslationFilter.doFilter(ExceptionTranslationFilter.java:126)
	at org.springframework.security.web.access.ExceptionTranslationFilter.doFilter(ExceptionTranslationFilter.java:120)
	at org.springframework.security.web.ObservationFilterChainDecorator$ObservationFilter.wrapFilter(ObservationFilterChainDecorator.java:240)
	at org.springframework.security.web.ObservationFilterChainDecorator$ObservationFilter.doFilter(ObservationFilterChainDecorator.java:227)
	at org.springframework.security.web.ObservationFilterChainDecorator$VirtualFilterChain.doFilter(ObservationFilterChainDecorator.java:137)
	at org.springframework.security.web.authentication.AnonymousAuthenticationFilter.doFilter(AnonymousAuthenticationFilter.java:100)
	at org.springframework.security.web.ObservationFilterChainDecorator$ObservationFilter.wrapFilter(ObservationFilterChainDecorator.java:240)
	at org.springframework.security.web.ObservationFilterChainDecorator$ObservationFilter.doFilter(ObservationFilterChainDecorator.java:227)
	at org.springframework.security.web.ObservationFilterChainDecorator$VirtualFilterChain.doFilter(ObservationFilterChainDecorator.java:137)
	at org.springframework.security.web.servletapi.SecurityContextHolderAwareRequestFilter.doFilter(SecurityContextHolderAwareRequestFilter.java:179)
	at org.springframework.security.web.ObservationFilterChainDecorator$ObservationFilter.wrapFilter(ObservationFilterChainDecorator.java:240)
	at org.springframework.security.web.ObservationFilterChainDecorator$ObservationFilter.doFilter(ObservationFilterChainDecorator.java:227)
	at org.springframework.security.web.ObservationFilterChainDecorator$VirtualFilterChain.doFilter(ObservationFilterChainDecorator.java:137)
	at org.springframework.security.web.savedrequest.RequestCacheAwareFilter.doFilter(RequestCacheAwareFilter.java:63)
	at org.springframework.security.web.ObservationFilterChainDecorator$ObservationFilter.wrapFilter(ObservationFilterChainDecorator.java:240)
	at org.springframework.security.web.ObservationFilterChainDecorator$ObservationFilter.doFilter(ObservationFilterChainDecorator.java:227)
	at org.springframework.security.web.ObservationFilterChainDecorator$VirtualFilterChain.doFilter(ObservationFilterChainDecorator.java:137)
	at org.springframework.security.web.authentication.ui.DefaultLogoutPageGeneratingFilter.doFilterInternal(DefaultLogoutPageGeneratingFilter.java:58)
	at org.springframework.web.filter.OncePerRequestFilter.doFilter(OncePerRequestFilter.java:116)
	at org.springframework.security.web.ObservationFilterChainDecorator$ObservationFilter.wrapFilter(ObservationFilterChainDecorator.java:240)
	at org.springframework.security.web.ObservationFilterChainDecorator$ObservationFilter.doFilter(ObservationFilterChainDecorator.java:227)
	at org.springframework.security.web.ObservationFilterChainDecorator$VirtualFilterChain.doFilter(ObservationFilterChainDecorator.java:137)
	at org.springframework.security.web.authentication.ui.DefaultLoginPageGeneratingFilter.doFilter(DefaultLoginPageGeneratingFilter.java:220)
	at org.springframework.security.web.authentication.ui.DefaultLoginPageGeneratingFilter.doFilter(DefaultLoginPageGeneratingFilter.java:206)
	at org.springframework.security.web.ObservationFilterChainDecorator$ObservationFilter.wrapFilter(ObservationFilterChainDecorator.java:240)
	at org.springframework.security.web.ObservationFilterChainDecorator$ObservationFilter.doFilter(ObservationFilterChainDecorator.java:227)
	at org.springframework.security.web.ObservationFilterChainDecorator$VirtualFilterChain.doFilter(ObservationFilterChainDecorator.java:137)
	at org.springframework.security.web.authentication.ui.DefaultResourcesFilter.doFilter(DefaultResourcesFilter.java:72)
	at org.springframework.security.web.ObservationFilterChainDecorator$ObservationFilter.wrapFilter(ObservationFilterChainDecorator.java:240)
	at org.springframework.security.web.ObservationFilterChainDecorator$ObservationFilter.doFilter(ObservationFilterChainDecorator.java:227)
	at org.springframework.security.web.ObservationFilterChainDecorator$VirtualFilterChain.doFilter(ObservationFilterChainDecorator.java:137)
	at org.springframework.security.web.authentication.AbstractAuthenticationProcessingFilter.doFilter(AbstractAuthenticationProcessingFilter.java:227)
	at org.springframework.security.web.authentication.AbstractAuthenticationProcessingFilter.doFilter(AbstractAuthenticationProcessingFilter.java:221)
	at org.springframework.security.web.ObservationFilterChainDecorator$ObservationFilter.wrapFilter(ObservationFilterChainDecorator.java:240)
	at org.springframework.security.web.ObservationFilterChainDecorator$ObservationFilter.doFilter(ObservationFilterChainDecorator.java:227)
	at org.springframework.security.web.ObservationFilterChainDecorator$VirtualFilterChain.doFilter(ObservationFilterChainDecorator.java:137)
	at org.springframework.security.web.authentication.logout.LogoutFilter.doFilter(LogoutFilter.java:107)
	at org.springframework.security.web.authentication.logout.LogoutFilter.doFilter(LogoutFilter.java:93)
	at org.springframework.security.web.ObservationFilterChainDecorator$ObservationFilter.wrapFilter(ObservationFilterChainDecorator.java:240)
	at org.springframework.security.web.ObservationFilterChainDecorator$ObservationFilter.doFilter(ObservationFilterChainDecorator.java:227)
	at org.springframework.security.web.ObservationFilterChainDecorator$VirtualFilterChain.doFilter(ObservationFilterChainDecorator.java:137)
	at org.springframework.security.web.csrf.CsrfFilter.doFilterInternal(CsrfFilter.java:117)
	at org.springframework.web.filter.OncePerRequestFilter.doFilter(OncePerRequestFilter.java:116)
	at org.springframework.security.web.ObservationFilterChainDecorator$ObservationFilter.wrapFilter(ObservationFilterChainDecorator.java:240)
	at org.springframework.security.web.ObservationFilterChainDecorator$ObservationFilter.doFilter(ObservationFilterChainDecorator.java:227)
	at org.springframework.security.web.ObservationFilterChainDecorator$VirtualFilterChain.doFilter(ObservationFilterChainDecorator.java:137)
	at org.springframework.security.web.header.HeaderWriterFilter.doHeadersAfter(HeaderWriterFilter.java:90)
	at org.springframework.security.web.header.HeaderWriterFilter.doFilterInternal(HeaderWriterFilter.java:75)
	at org.springframework.web.filter.OncePerRequestFilter.doFilter(OncePerRequestFilter.java:116)
	at org.springframework.security.web.ObservationFilterChainDecorator$ObservationFilter.wrapFilter(ObservationFilterChainDecorator.java:240)
	at org.springframework.security.web.ObservationFilterChainDecorator$ObservationFilter.doFilter(ObservationFilterChainDecorator.java:227)
	at org.springframework.security.web.ObservationFilterChainDecorator$VirtualFilterChain.doFilter(ObservationFilterChainDecorator.java:137)
	at org.springframework.security.web.context.SecurityContextHolderFilter.doFilter(SecurityContextHolderFilter.java:82)
	at org.springframework.security.web.context.SecurityContextHolderFilter.doFilter(SecurityContextHolderFilter.java:69)
	at org.springframework.security.web.ObservationFilterChainDecorator$ObservationFilter.wrapFilter(ObservationFilterChainDecorator.java:240)
	at org.springframework.security.web.ObservationFilterChainDecorator$ObservationFilter.doFilter(ObservationFilterChainDecorator.java:227)
	at org.springframework.security.web.ObservationFilterChainDecorator$VirtualFilterChain.doFilter(ObservationFilterChainDecorator.java:137)
	at org.springframework.security.web.context.request.async.WebAsyncManagerIntegrationFilter.doFilterInternal(WebAsyncManagerIntegrationFilter.java:62)
	at org.springframework.web.filter.OncePerRequestFilter.doFilter(OncePerRequestFilter.java:116)
	at org.springframework.security.web.ObservationFilterChainDecorator$ObservationFilter.wrapFilter(ObservationFilterChainDecorator.java:240)
	at org.springframework.security.web.ObservationFilterChainDecorator$ObservationFilter.doFilter(ObservationFilterChainDecorator.java:227)
	at org.springframework.security.web.ObservationFilterChainDecorator$VirtualFilterChain.doFilter(ObservationFilterChainDecorator.java:137)
	at org.springframework.security.web.session.DisableEncodeUrlFilter.doFilterInternal(DisableEncodeUrlFilter.java:42)
	at org.springframework.web.filter.OncePerRequestFilter.doFilter(OncePerRequestFilter.java:116)
	at org.springframework.security.web.ObservationFilterChainDecorator$ObservationFilter.wrapFilter(ObservationFilterChainDecorator.java:240)
	at org.springframework.security.web.ObservationFilterChainDecorator$AroundFilterObservation$SimpleAroundFilterObservation.lambda$wrap$0(ObservationFilterChainDecorator.java:323)
	at org.springframework.security.web.ObservationFilterChainDecorator$ObservationFilter.doFilter(ObservationFilterChainDecorator.java:224)
	at org.springframework.security.web.ObservationFilterChainDecorator$VirtualFilterChain.doFilter(ObservationFilterChainDecorator.java:137)
	at org.springframework.security.web.FilterChainProxy.doFilterInternal(FilterChainProxy.java:233)
	at org.springframework.security.web.FilterChainProxy.doFilter(FilterChainProxy.java:191)
	at org.springframework.web.filter.CompositeFilter$VirtualFilterChain.doFilter(CompositeFilter.java:113)
	at org.springframework.web.servlet.handler.HandlerMappingIntrospector.lambda$createCacheFilter$3(HandlerMappingIntrospector.java:243)
	at org.springframework.web.filter.CompositeFilter$VirtualFilterChain.doFilter(CompositeFilter.java:113)
	at org.springframework.web.filter.CompositeFilter.doFilter(CompositeFilter.java:74)
	at org.springframework.security.config.annotation.web.configuration.WebMvcSecurityConfiguration$CompositeFilterChainProxy.doFilter(WebMvcSecurityConfiguration.java:238)
	at org.springframework.web.filter.DelegatingFilterProxy.invokeDelegate(DelegatingFilterProxy.java:362)
	at org.springframework.web.filter.DelegatingFilterProxy.doFilter(DelegatingFilterProxy.java:278)
	at org.apache.catalina.core.ApplicationFilterChain.internalDoFilter(ApplicationFilterChain.java:164)
	at org.apache.catalina.core.ApplicationFilterChain.doFilter(ApplicationFilterChain.java:140)
	at org.springframework.web.filter.RequestContextFilter.doFilterInternal(RequestContextFilter.java:100)
	at org.springframework.web.filter.OncePerRequestFilter.doFilter(OncePerRequestFilter.java:116)
	at org.apache.catalina.core.ApplicationFilterChain.internalDoFilter(ApplicationFilterChain.java:164)
	at org.apache.catalina.core.ApplicationFilterChain.doFilter(ApplicationFilterChain.java:140)
	at org.springframework.web.filter.FormContentFilter.doFilterInternal(FormContentFilter.java:93)
	at org.springframework.web.filter.OncePerRequestFilter.doFilter(OncePerRequestFilter.java:116)
	at org.apache.catalina.core.ApplicationFilterChain.internalDoFilter(ApplicationFilterChain.java:164)
	at org.apache.catalina.core.ApplicationFilterChain.doFilter(ApplicationFilterChain.java:140)
	at org.springframework.web.filter.ServerHttpObservationFilter.doFilterInternal(ServerHttpObservationFilter.java:114)
	at org.springframework.web.filter.OncePerRequestFilter.doFilter(OncePerRequestFilter.java:116)
	at org.apache.catalina.core.ApplicationFilterChain.internalDoFilter(ApplicationFilterChain.java:164)
	at org.apache.catalina.core.ApplicationFilterChain.doFilter(ApplicationFilterChain.java:140)
	at org.springframework.web.filter.CharacterEncodingFilter.doFilterInternal(CharacterEncodingFilter.java:201)
	at org.springframework.web.filter.OncePerRequestFilter.doFilter(OncePerRequestFilter.java:116)
	at org.apache.catalina.core.ApplicationFilterChain.internalDoFilter(ApplicationFilterChain.java:164)
	at org.apache.catalina.core.ApplicationFilterChain.doFilter(ApplicationFilterChain.java:140)
	at org.apache.catalina.core.StandardWrapperValve.invoke(StandardWrapperValve.java:167)
	at org.apache.catalina.core.StandardContextValve.invoke(StandardContextValve.java:90)
	at org.apache.catalina.authenticator.AuthenticatorBase.invoke(AuthenticatorBase.java:483)
	at org.apache.catalina.core.StandardHostValve.invoke(StandardHostValve.java:115)
	at org.apache.catalina.valves.ErrorReportValve.invoke(ErrorReportValve.java:93)
	at org.apache.catalina.core.StandardEngineValve.invoke(StandardEngineValve.java:74)
	at org.apache.catalina.connector.CoyoteAdapter.service(CoyoteAdapter.java:344)
	at org.apache.coyote.http11.Http11Processor.service(Http11Processor.java:397)
	at org.apache.coyote.AbstractProcessorLight.process(AbstractProcessorLight.java:63)
	at org.apache.coyote.AbstractProtocol$ConnectionHandler.process(AbstractProtocol.java:905)
	at org.apache.tomcat.util.net.NioEndpoint$SocketProcessor.doRun(NioEndpoint.java:1741)
	at org.apache.tomcat.util.net.SocketProcessorBase.run(SocketProcessorBase.java:52)
	at org.apache.tomcat.util.threads.ThreadPoolExecutor.runWorker(ThreadPoolExecutor.java:1190)
	at org.apache.tomcat.util.threads.ThreadPoolExecutor$Worker.run(ThreadPoolExecutor.java:659)
	at org.apache.tomcat.util.threads.TaskThread$WrappingRunnable.run(TaskThread.java:63)
	at java.base/java.lang.Thread.run(Thread.java:840)
26-09-16 09:21:23.400 [http-nio-8080-exec-5] TRACE o.s.s.w.h.writers.HstsHeaderWriter - Not injecting HSTS header since it did not match request to [Is Secure]
26-09-16 09:21:23.401 [http-nio-8080-exec-5] TRACE o.s.s.w.c.HttpSessionSecurityContextRepository - No HttpSession currently exists
26-09-16 09:21:23.401 [http-nio-8080-exec-5] TRACE o.s.s.w.c.SupplierDeferredSecurityContext - Created SecurityContextImpl [Null authentication]
26-09-16 09:21:23.401 [http-nio-8080-exec-5] TRACE o.s.s.w.c.SupplierDeferredSecurityContext - Created SecurityContextImpl [Null authentication]
26-09-16 09:21:23.401 [http-nio-8080-exec-5] TRACE o.s.s.w.a.AnonymousAuthenticationFilter - Set SecurityContextHolder to AnonymousAuthenticationToken [Principal=anonymousUser, Credentials=[PROTECTED], Authenticated=true, Details=WebAuthenticationDetails [RemoteIpAddress=0:0:0:0:0:0:0:1, SessionId=null], Granted Authorities=[ROLE_ANONYMOUS]]
26-09-16 09:22:12.018 [SpringApplicationShutdownHook] INFO  o.s.b.w.e.tomcat.GracefulShutdown - Commencing graceful shutdown. Waiting for active requests to complete
26-09-16 09:22:12.102 [tomcat-shutdown] INFO  o.s.b.w.e.tomcat.GracefulShutdown - Graceful shutdown complete
26-09-16 09:22:12.215 [SpringApplicationShutdownHook] INFO  o.s.o.j.LocalContainerEntityManagerFactoryBean - Closing JPA EntityManagerFactory for persistence unit 'default'
26-09-16 09:22:12.243 [SpringApplicationShutdownHook] INFO  com.zaxxer.hikari.HikariDataSource - HikariPool-1 - Shutdown initiated...
26-09-16 09:22:12.284 [SpringApplicationShutdownHook] INFO  com.zaxxer.hikari.HikariDataSource - HikariPool-1 - Shutdown completed.
26-09-16 09:22:19.347 [background-preinit] INFO  o.h.validator.internal.util.Version - HV000001: Hibernate Validator 8.0.1.Final
26-09-16 09:22:19.415 [main] INFO  c.s.m.discodeit.DiscodeitApplication - Starting DiscodeitApplication using Java 17.0.19 with PID 99016 (/Users/jangjunseo/Desktop/codei_13th_develop/13-sprint-mission/build/classes/java/main started by jangjunseo in /Users/jangjunseo/Desktop/codei_13th_develop/13-sprint-mission)
26-09-16 09:22:19.417 [main] INFO  c.s.m.discodeit.DiscodeitApplication - The following 1 profile is active: "dev"
26-09-16 09:22:20.514 [main] INFO  o.s.d.r.c.RepositoryConfigurationDelegate - Bootstrapping Spring Data JPA repositories in DEFAULT mode.
26-09-16 09:22:20.583 [main] INFO  o.s.d.r.c.RepositoryConfigurationDelegate - Finished Spring Data repository scanning in 54 ms. Found 6 JPA repository interfaces.
26-09-16 09:22:21.233 [main] INFO  o.s.b.w.e.tomcat.TomcatWebServer - Tomcat initialized with port 8080 (http)
26-09-16 09:22:21.246 [main] INFO  o.a.coyote.http11.Http11NioProtocol - Initializing ProtocolHandler ["http-nio-8080"]
26-09-16 09:22:21.247 [main] INFO  o.a.catalina.core.StandardService - Starting service [Tomcat]
26-09-16 09:22:21.247 [main] INFO  o.a.catalina.core.StandardEngine - Starting Servlet engine: [Apache Tomcat/10.1.33]
26-09-16 09:22:21.323 [main] INFO  o.a.c.c.C.[Tomcat].[localhost].[/] - Initializing Spring embedded WebApplicationContext
26-09-16 09:22:21.323 [main] INFO  o.s.b.w.s.c.ServletWebServerApplicationContext - Root WebApplicationContext: initialization completed in 1854 ms
26-09-16 09:22:21.538 [main] INFO  com.zaxxer.hikari.HikariDataSource - HikariPool-1 - Starting...
26-09-16 09:22:21.787 [main] INFO  com.zaxxer.hikari.pool.HikariPool - HikariPool-1 - Added connection org.postgresql.jdbc.PgConnection@2c0dca15
26-09-16 09:22:21.789 [main] INFO  com.zaxxer.hikari.HikariDataSource - HikariPool-1 - Start completed.
26-09-16 09:22:22.004 [main] INFO  o.h.jpa.internal.util.LogHelper - HHH000204: Processing PersistenceUnitInfo [name: default]
26-09-16 09:22:22.189 [main] INFO  org.hibernate.Version - HHH000412: Hibernate ORM core version 6.6.2.Final
26-09-16 09:22:22.271 [main] INFO  o.h.c.i.RegionFactoryInitiator - HHH000026: Second-level cache disabled
26-09-16 09:22:22.847 [main] INFO  o.s.o.j.p.SpringPersistenceUnitInfo - No LoadTimeWeaver setup: ignoring JPA class transformer
26-09-16 09:22:23.123 [main] INFO  o.hibernate.orm.connections.pooling - HHH10001005: Database info:
	Database JDBC URL [Connecting through datasource 'HikariDataSource (HikariPool-1)']
	Database driver: undefined/unknown
	Database version: 17.10
	Autocommit mode: undefined/unknown
	Isolation level: undefined/unknown
	Minimum pool size: undefined/unknown
	Maximum pool size: undefined/unknown
26-09-16 09:22:24.674 [main] INFO  o.h.e.t.j.p.i.JtaPlatformInitiator - HHH000489: No JTA platform available (set 'hibernate.transaction.jta.platform' to enable JTA platform integration)
26-09-16 09:22:24.867 [main] INFO  o.s.o.j.LocalContainerEntityManagerFactoryBean - Initialized JPA EntityManagerFactory for persistence unit 'default'
26-09-16 09:22:25.754 [main] TRACE o.s.s.c.a.a.c.AuthenticationConfiguration$EnableGlobalAuthenticationAutowiredConfigurer - Eagerly initializing {securityConfig=com.sprint.mission.discodeit.config.SecurityConfig$$SpringCGLIB$$0@52984065}
26-09-16 09:22:25.761 [main] INFO  o.s.s.c.a.a.c.InitializeUserDetailsBeanManagerConfigurer$InitializeUserDetailsManagerConfigurer - Global AuthenticationManager configured with UserDetailsService bean with name discodeitUserDetailsService
26-09-16 09:22:25.879 [main] INFO  o.s.b.a.w.s.WelcomePageHandlerMapping - Adding welcome page: class path resource [static/index.html]
26-09-16 09:22:26.334 [main] INFO  o.s.b.a.e.web.EndpointLinksResolver - Exposing 4 endpoints beneath base path '/actuator'
26-09-16 09:22:26.414 [main] DEBUG o.s.s.web.DefaultSecurityFilterChain - Will secure any request with filters: DisableEncodeUrlFilter, WebAsyncManagerIntegrationFilter, SecurityContextHolderFilter, HeaderWriterFilter, CsrfFilter, LogoutFilter, UsernamePasswordAuthenticationFilter, DefaultResourcesFilter, DefaultLoginPageGeneratingFilter, DefaultLogoutPageGeneratingFilter, RequestCacheAwareFilter, SecurityContextHolderAwareRequestFilter, AnonymousAuthenticationFilter, ExceptionTranslationFilter
26-09-16 09:22:27.003 [main] INFO  o.a.coyote.http11.Http11NioProtocol - Starting ProtocolHandler ["http-nio-8080"]
26-09-16 09:22:27.024 [main] INFO  o.s.b.w.e.tomcat.TomcatWebServer - Tomcat started on port 8080 (http) with context path '/'
26-09-16 09:22:27.042 [main] INFO  c.s.m.discodeit.DiscodeitApplication - Started DiscodeitApplication in 8.195 seconds (process running for 9.391)
26-09-16 09:22:27.551 [RMI TCP Connection(4)-127.0.0.1] INFO  o.a.c.c.C.[Tomcat].[localhost].[/] - Initializing Spring DispatcherServlet 'dispatcherServlet'
26-09-16 09:22:27.551 [RMI TCP Connection(4)-127.0.0.1] INFO  o.s.web.servlet.DispatcherServlet - Initializing Servlet 'dispatcherServlet'
26-09-16 09:22:27.556 [RMI TCP Connection(4)-127.0.0.1] INFO  o.s.web.servlet.DispatcherServlet - Completed initialization in 4 ms
26-09-16 09:23:33.912 [http-nio-8080-exec-1] TRACE o.s.security.web.FilterChainProxy - Trying to match request against DefaultSecurityFilterChain defined as 'filterChain' in [class path resource [com/sprint/mission/discodeit/config/SecurityConfig.class]] matching [any request] and having filters [DisableEncodeUrl, WebAsyncManagerIntegration, SecurityContextHolder, HeaderWriter, Csrf, Logout, UsernamePasswordAuthentication, DefaultResources, DefaultLoginPageGenerating, DefaultLogoutPageGenerating, RequestCacheAware, SecurityContextHolderAwareRequest, AnonymousAuthentication, ExceptionTranslation] (1/1)
26-09-16 09:23:33.923 [http-nio-8080-exec-1] DEBUG o.s.security.web.FilterChainProxy - Securing GET /api/auth/login
26-09-16 09:23:33.932 [http-nio-8080-exec-1] TRACE o.s.security.web.FilterChainProxy - Invoking DisableEncodeUrlFilter (1/14)
26-09-16 09:23:33.950 [http-nio-8080-exec-1] TRACE o.s.security.web.FilterChainProxy - Invoking WebAsyncManagerIntegrationFilter (2/14)
26-09-16 09:23:33.958 [http-nio-8080-exec-1] TRACE o.s.security.web.FilterChainProxy - Invoking SecurityContextHolderFilter (3/14)
26-09-16 09:23:33.960 [http-nio-8080-exec-1] TRACE o.s.security.web.FilterChainProxy - Invoking HeaderWriterFilter (4/14)
26-09-16 09:23:33.963 [http-nio-8080-exec-1] TRACE o.s.security.web.FilterChainProxy - Invoking CsrfFilter (5/14)
26-09-16 09:23:33.971 [http-nio-8080-exec-1] TRACE o.s.security.web.csrf.CsrfFilter - Did not protect against CSRF since request did not match CsrfNotRequired [TRACE, HEAD, GET, OPTIONS]
26-09-16 09:23:33.971 [http-nio-8080-exec-1] TRACE o.s.security.web.FilterChainProxy - Invoking LogoutFilter (6/14)
26-09-16 09:23:33.971 [http-nio-8080-exec-1] TRACE o.s.s.w.a.logout.LogoutFilter - Did not match request to Ant [pattern='/api/auth/logout', POST]
26-09-16 09:23:33.971 [http-nio-8080-exec-1] TRACE o.s.security.web.FilterChainProxy - Invoking UsernamePasswordAuthenticationFilter (7/14)
26-09-16 09:23:33.973 [http-nio-8080-exec-1] TRACE o.s.s.w.a.UsernamePasswordAuthenticationFilter - Did not match request to Ant [pattern='/api/auth/login', POST]
26-09-16 09:23:33.973 [http-nio-8080-exec-1] TRACE o.s.security.web.FilterChainProxy - Invoking DefaultResourcesFilter (8/14)
26-09-16 09:23:33.979 [http-nio-8080-exec-1] TRACE o.s.security.web.FilterChainProxy - Invoking DefaultLoginPageGeneratingFilter (9/14)
26-09-16 09:23:33.979 [http-nio-8080-exec-1] TRACE o.s.security.web.FilterChainProxy - Invoking DefaultLogoutPageGeneratingFilter (10/14)
26-09-16 09:23:33.980 [http-nio-8080-exec-1] TRACE o.s.s.w.a.u.DefaultLogoutPageGeneratingFilter - Did not render default logout page since request did not match [Ant [pattern='/logout', GET]]
26-09-16 09:23:33.980 [http-nio-8080-exec-1] TRACE o.s.security.web.FilterChainProxy - Invoking RequestCacheAwareFilter (11/14)
26-09-16 09:23:33.981 [http-nio-8080-exec-1] TRACE o.s.s.w.s.HttpSessionRequestCache - matchingRequestParameterName is required for getMatchingRequest to lookup a value, but not provided
26-09-16 09:23:33.982 [http-nio-8080-exec-1] TRACE o.s.security.web.FilterChainProxy - Invoking SecurityContextHolderAwareRequestFilter (12/14)
26-09-16 09:23:33.988 [http-nio-8080-exec-1] TRACE o.s.security.web.FilterChainProxy - Invoking AnonymousAuthenticationFilter (13/14)
26-09-16 09:23:33.989 [http-nio-8080-exec-1] TRACE o.s.security.web.FilterChainProxy - Invoking ExceptionTranslationFilter (14/14)
26-09-16 09:23:33.997 [http-nio-8080-exec-1] DEBUG o.s.security.web.FilterChainProxy - Secured GET /api/auth/login
26-09-16 09:23:34.058 [http-nio-8080-exec-1] ERROR c.s.m.d.e.GlobalExceptionHandler - [예상치 못한 예외 발생] type=NoResourceFoundException, message=No static resource api/auth/login.
org.springframework.web.servlet.resource.NoResourceFoundException: No static resource api/auth/login.
	at org.springframework.web.servlet.resource.ResourceHttpRequestHandler.handleRequest(ResourceHttpRequestHandler.java:585)
	at org.springframework.web.servlet.mvc.HttpRequestHandlerAdapter.handle(HttpRequestHandlerAdapter.java:52)
	at org.springframework.web.servlet.DispatcherServlet.doDispatch(DispatcherServlet.java:1088)
	at org.springframework.web.servlet.DispatcherServlet.doService(DispatcherServlet.java:978)
	at org.springframework.web.servlet.FrameworkServlet.processRequest(FrameworkServlet.java:1014)
	at org.springframework.web.servlet.FrameworkServlet.doGet(FrameworkServlet.java:903)
	at jakarta.servlet.http.HttpServlet.service(HttpServlet.java:564)
	at org.springframework.web.servlet.FrameworkServlet.service(FrameworkServlet.java:885)
	at jakarta.servlet.http.HttpServlet.service(HttpServlet.java:658)
	at org.apache.catalina.core.ApplicationFilterChain.internalDoFilter(ApplicationFilterChain.java:195)
	at org.apache.catalina.core.ApplicationFilterChain.doFilter(ApplicationFilterChain.java:140)
	at org.apache.tomcat.websocket.server.WsFilter.doFilter(WsFilter.java:51)
	at org.apache.catalina.core.ApplicationFilterChain.internalDoFilter(ApplicationFilterChain.java:164)
	at org.apache.catalina.core.ApplicationFilterChain.doFilter(ApplicationFilterChain.java:140)
	at org.springframework.web.filter.CompositeFilter$VirtualFilterChain.doFilter(CompositeFilter.java:108)
	at org.springframework.security.web.FilterChainProxy.lambda$doFilterInternal$3(FilterChainProxy.java:231)
	at org.springframework.security.web.ObservationFilterChainDecorator$FilterObservation$SimpleFilterObservation.lambda$wrap$1(ObservationFilterChainDecorator.java:479)
	at org.springframework.security.web.ObservationFilterChainDecorator$AroundFilterObservation$SimpleAroundFilterObservation.lambda$wrap$1(ObservationFilterChainDecorator.java:340)
	at org.springframework.security.web.ObservationFilterChainDecorator.lambda$wrapSecured$0(ObservationFilterChainDecorator.java:82)
	at org.springframework.security.web.ObservationFilterChainDecorator$VirtualFilterChain.doFilter(ObservationFilterChainDecorator.java:128)
	at org.springframework.security.web.access.ExceptionTranslationFilter.doFilter(ExceptionTranslationFilter.java:126)
	at org.springframework.security.web.access.ExceptionTranslationFilter.doFilter(ExceptionTranslationFilter.java:120)
	at org.springframework.security.web.ObservationFilterChainDecorator$ObservationFilter.wrapFilter(ObservationFilterChainDecorator.java:240)
	at org.springframework.security.web.ObservationFilterChainDecorator$ObservationFilter.doFilter(ObservationFilterChainDecorator.java:227)
	at org.springframework.security.web.ObservationFilterChainDecorator$VirtualFilterChain.doFilter(ObservationFilterChainDecorator.java:137)
	at org.springframework.security.web.authentication.AnonymousAuthenticationFilter.doFilter(AnonymousAuthenticationFilter.java:100)
	at org.springframework.security.web.ObservationFilterChainDecorator$ObservationFilter.wrapFilter(ObservationFilterChainDecorator.java:240)
	at org.springframework.security.web.ObservationFilterChainDecorator$ObservationFilter.doFilter(ObservationFilterChainDecorator.java:227)
	at org.springframework.security.web.ObservationFilterChainDecorator$VirtualFilterChain.doFilter(ObservationFilterChainDecorator.java:137)
	at org.springframework.security.web.servletapi.SecurityContextHolderAwareRequestFilter.doFilter(SecurityContextHolderAwareRequestFilter.java:179)
	at org.springframework.security.web.ObservationFilterChainDecorator$ObservationFilter.wrapFilter(ObservationFilterChainDecorator.java:240)
	at org.springframework.security.web.ObservationFilterChainDecorator$ObservationFilter.doFilter(ObservationFilterChainDecorator.java:227)
	at org.springframework.security.web.ObservationFilterChainDecorator$VirtualFilterChain.doFilter(ObservationFilterChainDecorator.java:137)
	at org.springframework.security.web.savedrequest.RequestCacheAwareFilter.doFilter(RequestCacheAwareFilter.java:63)
	at org.springframework.security.web.ObservationFilterChainDecorator$ObservationFilter.wrapFilter(ObservationFilterChainDecorator.java:240)
	at org.springframework.security.web.ObservationFilterChainDecorator$ObservationFilter.doFilter(ObservationFilterChainDecorator.java:227)
	at org.springframework.security.web.ObservationFilterChainDecorator$VirtualFilterChain.doFilter(ObservationFilterChainDecorator.java:137)
	at org.springframework.security.web.authentication.ui.DefaultLogoutPageGeneratingFilter.doFilterInternal(DefaultLogoutPageGeneratingFilter.java:58)
	at org.springframework.web.filter.OncePerRequestFilter.doFilter(OncePerRequestFilter.java:116)
	at org.springframework.security.web.ObservationFilterChainDecorator$ObservationFilter.wrapFilter(ObservationFilterChainDecorator.java:240)
	at org.springframework.security.web.ObservationFilterChainDecorator$ObservationFilter.doFilter(ObservationFilterChainDecorator.java:227)
	at org.springframework.security.web.ObservationFilterChainDecorator$VirtualFilterChain.doFilter(ObservationFilterChainDecorator.java:137)
	at org.springframework.security.web.authentication.ui.DefaultLoginPageGeneratingFilter.doFilter(DefaultLoginPageGeneratingFilter.java:220)
	at org.springframework.security.web.authentication.ui.DefaultLoginPageGeneratingFilter.doFilter(DefaultLoginPageGeneratingFilter.java:206)
	at org.springframework.security.web.ObservationFilterChainDecorator$ObservationFilter.wrapFilter(ObservationFilterChainDecorator.java:240)
	at org.springframework.security.web.ObservationFilterChainDecorator$ObservationFilter.doFilter(ObservationFilterChainDecorator.java:227)
	at org.springframework.security.web.ObservationFilterChainDecorator$VirtualFilterChain.doFilter(ObservationFilterChainDecorator.java:137)
	at org.springframework.security.web.authentication.ui.DefaultResourcesFilter.doFilter(DefaultResourcesFilter.java:72)
	at org.springframework.security.web.ObservationFilterChainDecorator$ObservationFilter.wrapFilter(ObservationFilterChainDecorator.java:240)
	at org.springframework.security.web.ObservationFilterChainDecorator$ObservationFilter.doFilter(ObservationFilterChainDecorator.java:227)
	at org.springframework.security.web.ObservationFilterChainDecorator$VirtualFilterChain.doFilter(ObservationFilterChainDecorator.java:137)
	at org.springframework.security.web.authentication.AbstractAuthenticationProcessingFilter.doFilter(AbstractAuthenticationProcessingFilter.java:227)
	at org.springframework.security.web.authentication.AbstractAuthenticationProcessingFilter.doFilter(AbstractAuthenticationProcessingFilter.java:221)
	at org.springframework.security.web.ObservationFilterChainDecorator$ObservationFilter.wrapFilter(ObservationFilterChainDecorator.java:240)
	at org.springframework.security.web.ObservationFilterChainDecorator$ObservationFilter.doFilter(ObservationFilterChainDecorator.java:227)
	at org.springframework.security.web.ObservationFilterChainDecorator$VirtualFilterChain.doFilter(ObservationFilterChainDecorator.java:137)
	at org.springframework.security.web.authentication.logout.LogoutFilter.doFilter(LogoutFilter.java:107)
	at org.springframework.security.web.authentication.logout.LogoutFilter.doFilter(LogoutFilter.java:93)
	at org.springframework.security.web.ObservationFilterChainDecorator$ObservationFilter.wrapFilter(ObservationFilterChainDecorator.java:240)
	at org.springframework.security.web.ObservationFilterChainDecorator$ObservationFilter.doFilter(ObservationFilterChainDecorator.java:227)
	at org.springframework.security.web.ObservationFilterChainDecorator$VirtualFilterChain.doFilter(ObservationFilterChainDecorator.java:137)
	at org.springframework.security.web.csrf.CsrfFilter.doFilterInternal(CsrfFilter.java:117)
	at org.springframework.web.filter.OncePerRequestFilter.doFilter(OncePerRequestFilter.java:116)
	at org.springframework.security.web.ObservationFilterChainDecorator$ObservationFilter.wrapFilter(ObservationFilterChainDecorator.java:240)
	at org.springframework.security.web.ObservationFilterChainDecorator$ObservationFilter.doFilter(ObservationFilterChainDecorator.java:227)
	at org.springframework.security.web.ObservationFilterChainDecorator$VirtualFilterChain.doFilter(ObservationFilterChainDecorator.java:137)
	at org.springframework.security.web.header.HeaderWriterFilter.doHeadersAfter(HeaderWriterFilter.java:90)
	at org.springframework.security.web.header.HeaderWriterFilter.doFilterInternal(HeaderWriterFilter.java:75)
	at org.springframework.web.filter.OncePerRequestFilter.doFilter(OncePerRequestFilter.java:116)
	at org.springframework.security.web.ObservationFilterChainDecorator$ObservationFilter.wrapFilter(ObservationFilterChainDecorator.java:240)
	at org.springframework.security.web.ObservationFilterChainDecorator$ObservationFilter.doFilter(ObservationFilterChainDecorator.java:227)
	at org.springframework.security.web.ObservationFilterChainDecorator$VirtualFilterChain.doFilter(ObservationFilterChainDecorator.java:137)
	at org.springframework.security.web.context.SecurityContextHolderFilter.doFilter(SecurityContextHolderFilter.java:82)
	at org.springframework.security.web.context.SecurityContextHolderFilter.doFilter(SecurityContextHolderFilter.java:69)
	at org.springframework.security.web.ObservationFilterChainDecorator$ObservationFilter.wrapFilter(ObservationFilterChainDecorator.java:240)
	at org.springframework.security.web.ObservationFilterChainDecorator$ObservationFilter.doFilter(ObservationFilterChainDecorator.java:227)
	at org.springframework.security.web.ObservationFilterChainDecorator$VirtualFilterChain.doFilter(ObservationFilterChainDecorator.java:137)
	at org.springframework.security.web.context.request.async.WebAsyncManagerIntegrationFilter.doFilterInternal(WebAsyncManagerIntegrationFilter.java:62)
	at org.springframework.web.filter.OncePerRequestFilter.doFilter(OncePerRequestFilter.java:116)
	at org.springframework.security.web.ObservationFilterChainDecorator$ObservationFilter.wrapFilter(ObservationFilterChainDecorator.java:240)
	at org.springframework.security.web.ObservationFilterChainDecorator$ObservationFilter.doFilter(ObservationFilterChainDecorator.java:227)
	at org.springframework.security.web.ObservationFilterChainDecorator$VirtualFilterChain.doFilter(ObservationFilterChainDecorator.java:137)
	at org.springframework.security.web.session.DisableEncodeUrlFilter.doFilterInternal(DisableEncodeUrlFilter.java:42)
	at org.springframework.web.filter.OncePerRequestFilter.doFilter(OncePerRequestFilter.java:116)
	at org.springframework.security.web.ObservationFilterChainDecorator$ObservationFilter.wrapFilter(ObservationFilterChainDecorator.java:240)
	at org.springframework.security.web.ObservationFilterChainDecorator$AroundFilterObservation$SimpleAroundFilterObservation.lambda$wrap$0(ObservationFilterChainDecorator.java:323)
	at org.springframework.security.web.ObservationFilterChainDecorator$ObservationFilter.doFilter(ObservationFilterChainDecorator.java:224)
	at org.springframework.security.web.ObservationFilterChainDecorator$VirtualFilterChain.doFilter(ObservationFilterChainDecorator.java:137)
	at org.springframework.security.web.FilterChainProxy.doFilterInternal(FilterChainProxy.java:233)
	at org.springframework.security.web.FilterChainProxy.doFilter(FilterChainProxy.java:191)
	at org.springframework.web.filter.CompositeFilter$VirtualFilterChain.doFilter(CompositeFilter.java:113)
	at org.springframework.web.servlet.handler.HandlerMappingIntrospector.lambda$createCacheFilter$3(HandlerMappingIntrospector.java:243)
	at org.springframework.web.filter.CompositeFilter$VirtualFilterChain.doFilter(CompositeFilter.java:113)
	at org.springframework.web.filter.CompositeFilter.doFilter(CompositeFilter.java:74)
	at org.springframework.security.config.annotation.web.configuration.WebMvcSecurityConfiguration$CompositeFilterChainProxy.doFilter(WebMvcSecurityConfiguration.java:238)
	at org.springframework.web.filter.DelegatingFilterProxy.invokeDelegate(DelegatingFilterProxy.java:362)
	at org.springframework.web.filter.DelegatingFilterProxy.doFilter(DelegatingFilterProxy.java:278)
	at org.apache.catalina.core.ApplicationFilterChain.internalDoFilter(ApplicationFilterChain.java:164)
	at org.apache.catalina.core.ApplicationFilterChain.doFilter(ApplicationFilterChain.java:140)
	at org.springframework.web.filter.RequestContextFilter.doFilterInternal(RequestContextFilter.java:100)
	at org.springframework.web.filter.OncePerRequestFilter.doFilter(OncePerRequestFilter.java:116)
	at org.apache.catalina.core.ApplicationFilterChain.internalDoFilter(ApplicationFilterChain.java:164)
	at org.apache.catalina.core.ApplicationFilterChain.doFilter(ApplicationFilterChain.java:140)
	at org.springframework.web.filter.FormContentFilter.doFilterInternal(FormContentFilter.java:93)
	at org.springframework.web.filter.OncePerRequestFilter.doFilter(OncePerRequestFilter.java:116)
	at org.apache.catalina.core.ApplicationFilterChain.internalDoFilter(ApplicationFilterChain.java:164)
	at org.apache.catalina.core.ApplicationFilterChain.doFilter(ApplicationFilterChain.java:140)
	at org.springframework.web.filter.ServerHttpObservationFilter.doFilterInternal(ServerHttpObservationFilter.java:114)
	at org.springframework.web.filter.OncePerRequestFilter.doFilter(OncePerRequestFilter.java:116)
	at org.apache.catalina.core.ApplicationFilterChain.internalDoFilter(ApplicationFilterChain.java:164)
	at org.apache.catalina.core.ApplicationFilterChain.doFilter(ApplicationFilterChain.java:140)
	at org.springframework.web.filter.CharacterEncodingFilter.doFilterInternal(CharacterEncodingFilter.java:201)
	at org.springframework.web.filter.OncePerRequestFilter.doFilter(OncePerRequestFilter.java:116)
	at org.apache.catalina.core.ApplicationFilterChain.internalDoFilter(ApplicationFilterChain.java:164)
	at org.apache.catalina.core.ApplicationFilterChain.doFilter(ApplicationFilterChain.java:140)
	at org.apache.catalina.core.StandardWrapperValve.invoke(StandardWrapperValve.java:167)
	at org.apache.catalina.core.StandardContextValve.invoke(StandardContextValve.java:90)
	at org.apache.catalina.authenticator.AuthenticatorBase.invoke(AuthenticatorBase.java:483)
	at org.apache.catalina.core.StandardHostValve.invoke(StandardHostValve.java:115)
	at org.apache.catalina.valves.ErrorReportValve.invoke(ErrorReportValve.java:93)
	at org.apache.catalina.core.StandardEngineValve.invoke(StandardEngineValve.java:74)
	at org.apache.catalina.connector.CoyoteAdapter.service(CoyoteAdapter.java:344)
	at org.apache.coyote.http11.Http11Processor.service(Http11Processor.java:397)
	at org.apache.coyote.AbstractProcessorLight.process(AbstractProcessorLight.java:63)
	at org.apache.coyote.AbstractProtocol$ConnectionHandler.process(AbstractProtocol.java:905)
	at org.apache.tomcat.util.net.NioEndpoint$SocketProcessor.doRun(NioEndpoint.java:1741)
	at org.apache.tomcat.util.net.SocketProcessorBase.run(SocketProcessorBase.java:52)
	at org.apache.tomcat.util.threads.ThreadPoolExecutor.runWorker(ThreadPoolExecutor.java:1190)
	at org.apache.tomcat.util.threads.ThreadPoolExecutor$Worker.run(ThreadPoolExecutor.java:659)
	at org.apache.tomcat.util.threads.TaskThread$WrappingRunnable.run(TaskThread.java:63)
	at java.base/java.lang.Thread.run(Thread.java:840)
26-09-16 09:23:34.186 [http-nio-8080-exec-1] TRACE o.s.s.w.h.writers.HstsHeaderWriter - Not injecting HSTS header since it did not match request to [Is Secure]
26-09-16 09:23:34.192 [http-nio-8080-exec-1] TRACE o.s.s.w.c.HttpSessionSecurityContextRepository - No HttpSession currently exists
26-09-16 09:23:34.192 [http-nio-8080-exec-1] TRACE o.s.s.w.c.SupplierDeferredSecurityContext - Created SecurityContextImpl [Null authentication]
26-09-16 09:23:34.194 [http-nio-8080-exec-1] TRACE o.s.s.w.c.SupplierDeferredSecurityContext - Created SecurityContextImpl [Null authentication]
26-09-16 09:23:34.197 [http-nio-8080-exec-1] TRACE o.s.s.w.a.AnonymousAuthenticationFilter - Set SecurityContextHolder to AnonymousAuthenticationToken [Principal=anonymousUser, Credentials=[PROTECTED], Authenticated=true, Details=WebAuthenticationDetails [RemoteIpAddress=0:0:0:0:0:0:0:1, SessionId=null], Granted Authorities=[ROLE_ANONYMOUS]]
26-09-16 09:24:40.673 [http-nio-8080-exec-2] TRACE o.s.security.web.FilterChainProxy - Trying to match request against DefaultSecurityFilterChain defined as 'filterChain' in [class path resource [com/sprint/mission/discodeit/config/SecurityConfig.class]] matching [any request] and having filters [DisableEncodeUrl, WebAsyncManagerIntegration, SecurityContextHolder, HeaderWriter, Csrf, Logout, UsernamePasswordAuthentication, DefaultResources, DefaultLoginPageGenerating, DefaultLogoutPageGenerating, RequestCacheAware, SecurityContextHolderAwareRequest, AnonymousAuthentication, ExceptionTranslation] (1/1)
26-09-16 09:24:40.679 [http-nio-8080-exec-2] DEBUG o.s.security.web.FilterChainProxy - Securing POST /api/auth/login
26-09-16 09:24:40.679 [http-nio-8080-exec-2] TRACE o.s.security.web.FilterChainProxy - Invoking DisableEncodeUrlFilter (1/14)
26-09-16 09:24:40.682 [http-nio-8080-exec-2] TRACE o.s.security.web.FilterChainProxy - Invoking WebAsyncManagerIntegrationFilter (2/14)
26-09-16 09:24:40.682 [http-nio-8080-exec-2] TRACE o.s.security.web.FilterChainProxy - Invoking SecurityContextHolderFilter (3/14)
26-09-16 09:24:40.683 [http-nio-8080-exec-2] TRACE o.s.security.web.FilterChainProxy - Invoking HeaderWriterFilter (4/14)
26-09-16 09:24:40.683 [http-nio-8080-exec-2] TRACE o.s.security.web.FilterChainProxy - Invoking CsrfFilter (5/14)
26-09-16 09:24:40.705 [http-nio-8080-exec-2] TRACE o.s.security.web.FilterChainProxy - Invoking LogoutFilter (6/14)
26-09-16 09:24:40.705 [http-nio-8080-exec-2] TRACE o.s.s.w.a.logout.LogoutFilter - Did not match request to Ant [pattern='/api/auth/logout', POST]
26-09-16 09:24:40.705 [http-nio-8080-exec-2] TRACE o.s.security.web.FilterChainProxy - Invoking UsernamePasswordAuthenticationFilter (7/14)
26-09-16 09:24:40.714 [http-nio-8080-exec-2] TRACE o.s.s.authentication.ProviderManager - Authenticating request with DaoAuthenticationProvider (1/1)
26-09-16 09:24:42.368 [http-nio-8080-exec-2] DEBUG o.s.s.a.d.DaoAuthenticationProvider - Authenticated user
26-09-16 09:24:42.369 [http-nio-8080-exec-2] TRACE o.s.s.w.a.s.CompositeSessionAuthenticationStrategy - Preparing session with ChangeSessionIdAuthenticationStrategy (1/2)
26-09-16 09:24:42.369 [http-nio-8080-exec-2] TRACE o.s.s.w.a.s.CompositeSessionAuthenticationStrategy - Preparing session with CsrfAuthenticationStrategy (2/2)
26-09-16 09:24:42.374 [http-nio-8080-exec-2] DEBUG o.s.s.w.c.CsrfAuthenticationStrategy - Replaced CSRF Token
26-09-16 09:24:42.407 [http-nio-8080-exec-2] DEBUG o.s.s.w.c.HttpSessionSecurityContextRepository - Stored SecurityContextImpl [Authentication=UsernamePasswordAuthenticationToken [Principal=com.sprint.mission.discodeit.security.DiscodeitUserDetails@7be56cf1, Credentials=[PROTECTED], Authenticated=true, Details=WebAuthenticationDetails [RemoteIpAddress=0:0:0:0:0:0:0:1, SessionId=null], Granted Authorities=[]]] to HttpSession [org.apache.catalina.session.StandardSessionFacade@7b3f1461]
26-09-16 09:24:42.407 [http-nio-8080-exec-2] DEBUG o.s.s.w.a.UsernamePasswordAuthenticationFilter - Set SecurityContextHolder to UsernamePasswordAuthenticationToken [Principal=com.sprint.mission.discodeit.security.DiscodeitUserDetails@7be56cf1, Credentials=[PROTECTED], Authenticated=true, Details=WebAuthenticationDetails [RemoteIpAddress=0:0:0:0:0:0:0:1, SessionId=null], Granted Authorities=[]]
26-09-16 09:24:42.415 [http-nio-8080-exec-2] TRACE o.s.s.w.h.writers.HstsHeaderWriter - Not injecting HSTS header since it did not match request to [Is Secure]
26-09-16 09:26:59.898 [http-nio-8080-exec-4] TRACE o.s.security.web.FilterChainProxy - Trying to match request against DefaultSecurityFilterChain defined as 'filterChain' in [class path resource [com/sprint/mission/discodeit/config/SecurityConfig.class]] matching [any request] and having filters [DisableEncodeUrl, WebAsyncManagerIntegration, SecurityContextHolder, HeaderWriter, Csrf, Logout, UsernamePasswordAuthentication, DefaultResources, DefaultLoginPageGenerating, DefaultLogoutPageGenerating, RequestCacheAware, SecurityContextHolderAwareRequest, AnonymousAuthentication, ExceptionTranslation] (1/1)
26-09-16 09:26:59.899 [http-nio-8080-exec-4] DEBUG o.s.security.web.FilterChainProxy - Securing GET /api/auth/me
26-09-16 09:26:59.899 [http-nio-8080-exec-4] TRACE o.s.security.web.FilterChainProxy - Invoking DisableEncodeUrlFilter (1/14)
26-09-16 09:26:59.899 [http-nio-8080-exec-4] TRACE o.s.security.web.FilterChainProxy - Invoking WebAsyncManagerIntegrationFilter (2/14)
26-09-16 09:26:59.899 [http-nio-8080-exec-4] TRACE o.s.security.web.FilterChainProxy - Invoking SecurityContextHolderFilter (3/14)
26-09-16 09:26:59.900 [http-nio-8080-exec-4] TRACE o.s.security.web.FilterChainProxy - Invoking HeaderWriterFilter (4/14)
26-09-16 09:26:59.900 [http-nio-8080-exec-4] TRACE o.s.security.web.FilterChainProxy - Invoking CsrfFilter (5/14)
26-09-16 09:26:59.900 [http-nio-8080-exec-4] TRACE o.s.security.web.csrf.CsrfFilter - Did not protect against CSRF since request did not match CsrfNotRequired [TRACE, HEAD, GET, OPTIONS]
26-09-16 09:26:59.900 [http-nio-8080-exec-4] TRACE o.s.security.web.FilterChainProxy - Invoking LogoutFilter (6/14)
26-09-16 09:26:59.900 [http-nio-8080-exec-4] TRACE o.s.s.w.a.logout.LogoutFilter - Did not match request to Ant [pattern='/api/auth/logout', POST]
26-09-16 09:26:59.900 [http-nio-8080-exec-4] TRACE o.s.security.web.FilterChainProxy - Invoking UsernamePasswordAuthenticationFilter (7/14)
26-09-16 09:26:59.902 [http-nio-8080-exec-4] TRACE o.s.s.w.a.UsernamePasswordAuthenticationFilter - Did not match request to Ant [pattern='/api/auth/login', POST]
26-09-16 09:26:59.902 [http-nio-8080-exec-4] TRACE o.s.security.web.FilterChainProxy - Invoking DefaultResourcesFilter (8/14)
26-09-16 09:26:59.902 [http-nio-8080-exec-4] TRACE o.s.security.web.FilterChainProxy - Invoking DefaultLoginPageGeneratingFilter (9/14)
26-09-16 09:26:59.902 [http-nio-8080-exec-4] TRACE o.s.security.web.FilterChainProxy - Invoking DefaultLogoutPageGeneratingFilter (10/14)
26-09-16 09:26:59.902 [http-nio-8080-exec-4] TRACE o.s.s.w.a.u.DefaultLogoutPageGeneratingFilter - Did not render default logout page since request did not match [Ant [pattern='/logout', GET]]
26-09-16 09:26:59.902 [http-nio-8080-exec-4] TRACE o.s.security.web.FilterChainProxy - Invoking RequestCacheAwareFilter (11/14)
26-09-16 09:26:59.902 [http-nio-8080-exec-4] TRACE o.s.s.w.s.HttpSessionRequestCache - matchingRequestParameterName is required for getMatchingRequest to lookup a value, but not provided
26-09-16 09:26:59.902 [http-nio-8080-exec-4] TRACE o.s.security.web.FilterChainProxy - Invoking SecurityContextHolderAwareRequestFilter (12/14)
26-09-16 09:26:59.902 [http-nio-8080-exec-4] TRACE o.s.security.web.FilterChainProxy - Invoking AnonymousAuthenticationFilter (13/14)
26-09-16 09:26:59.902 [http-nio-8080-exec-4] TRACE o.s.security.web.FilterChainProxy - Invoking ExceptionTranslationFilter (14/14)
26-09-16 09:26:59.903 [http-nio-8080-exec-4] DEBUG o.s.security.web.FilterChainProxy - Secured GET /api/auth/me
26-09-16 09:26:59.954 [http-nio-8080-exec-4] TRACE o.s.s.w.c.HttpSessionSecurityContextRepository - Retrieved SecurityContextImpl [Authentication=UsernamePasswordAuthenticationToken [Principal=com.sprint.mission.discodeit.security.DiscodeitUserDetails@7be56cf1, Credentials=[PROTECTED], Authenticated=true, Details=WebAuthenticationDetails [RemoteIpAddress=0:0:0:0:0:0:0:1, SessionId=null], Granted Authorities=[]]] from SPRING_SECURITY_CONTEXT
26-09-16 09:26:59.955 [http-nio-8080-exec-4] TRACE o.s.s.w.a.AnonymousAuthenticationFilter - Did not set SecurityContextHolder since already authenticated UsernamePasswordAuthenticationToken [Principal=com.sprint.mission.discodeit.security.DiscodeitUserDetails@7be56cf1, Credentials=[PROTECTED], Authenticated=true, Details=WebAuthenticationDetails [RemoteIpAddress=0:0:0:0:0:0:0:1, SessionId=null], Granted Authorities=[]]
26-09-16 09:26:59.964 [http-nio-8080-exec-4] TRACE o.s.s.w.h.writers.HstsHeaderWriter - Not injecting HSTS header since it did not match request to [Is Secure]
26-09-16 09:27:32.063 [http-nio-8080-exec-5] TRACE o.s.security.web.FilterChainProxy - Trying to match request against DefaultSecurityFilterChain defined as 'filterChain' in [class path resource [com/sprint/mission/discodeit/config/SecurityConfig.class]] matching [any request] and having filters [DisableEncodeUrl, WebAsyncManagerIntegration, SecurityContextHolder, HeaderWriter, Csrf, Logout, UsernamePasswordAuthentication, DefaultResources, DefaultLoginPageGenerating, DefaultLogoutPageGenerating, RequestCacheAware, SecurityContextHolderAwareRequest, AnonymousAuthentication, ExceptionTranslation] (1/1)
26-09-16 09:27:32.069 [http-nio-8080-exec-5] DEBUG o.s.security.web.FilterChainProxy - Securing POST /api/auth/logout
26-09-16 09:27:32.070 [http-nio-8080-exec-5] TRACE o.s.security.web.FilterChainProxy - Invoking DisableEncodeUrlFilter (1/14)
26-09-16 09:27:32.071 [http-nio-8080-exec-5] TRACE o.s.security.web.FilterChainProxy - Invoking WebAsyncManagerIntegrationFilter (2/14)
26-09-16 09:27:32.071 [http-nio-8080-exec-5] TRACE o.s.security.web.FilterChainProxy - Invoking SecurityContextHolderFilter (3/14)
26-09-16 09:27:32.072 [http-nio-8080-exec-5] TRACE o.s.security.web.FilterChainProxy - Invoking HeaderWriterFilter (4/14)
26-09-16 09:27:32.073 [http-nio-8080-exec-5] TRACE o.s.security.web.FilterChainProxy - Invoking CsrfFilter (5/14)
26-09-16 09:27:32.105 [http-nio-8080-exec-5] DEBUG o.s.security.web.csrf.CsrfFilter - Invalid CSRF token found for http://localhost:8080/api/auth/logout
26-09-16 09:27:32.106 [http-nio-8080-exec-5] DEBUG o.s.s.w.a.AccessDeniedHandlerImpl - Responding with 403 status code
26-09-16 09:27:32.107 [http-nio-8080-exec-5] TRACE o.s.s.w.h.writers.HstsHeaderWriter - Not injecting HSTS header since it did not match request to [Is Secure]
26-09-16 09:27:32.125 [http-nio-8080-exec-5] TRACE o.s.security.web.FilterChainProxy - Trying to match request against DefaultSecurityFilterChain defined as 'filterChain' in [class path resource [com/sprint/mission/discodeit/config/SecurityConfig.class]] matching [any request] and having filters [DisableEncodeUrl, WebAsyncManagerIntegration, SecurityContextHolder, HeaderWriter, Csrf, Logout, UsernamePasswordAuthentication, DefaultResources, DefaultLoginPageGenerating, DefaultLogoutPageGenerating, RequestCacheAware, SecurityContextHolderAwareRequest, AnonymousAuthentication, ExceptionTranslation] (1/1)
26-09-16 09:27:32.125 [http-nio-8080-exec-5] DEBUG o.s.security.web.FilterChainProxy - Securing POST /error
26-09-16 09:27:32.125 [http-nio-8080-exec-5] TRACE o.s.security.web.FilterChainProxy - Invoking DisableEncodeUrlFilter (1/14)
26-09-16 09:27:32.126 [http-nio-8080-exec-5] TRACE o.s.security.web.FilterChainProxy - Invoking WebAsyncManagerIntegrationFilter (2/14)
26-09-16 09:27:32.126 [http-nio-8080-exec-5] TRACE o.s.security.web.FilterChainProxy - Invoking SecurityContextHolderFilter (3/14)
26-09-16 09:27:32.126 [http-nio-8080-exec-5] TRACE o.s.security.web.FilterChainProxy - Invoking HeaderWriterFilter (4/14)
26-09-16 09:27:32.126 [http-nio-8080-exec-5] TRACE o.s.security.web.FilterChainProxy - Invoking CsrfFilter (5/14)
26-09-16 09:27:32.126 [http-nio-8080-exec-5] TRACE o.s.security.web.FilterChainProxy - Invoking LogoutFilter (6/14)
26-09-16 09:27:32.126 [http-nio-8080-exec-5] TRACE o.s.s.w.a.logout.LogoutFilter - Did not match request to Ant [pattern='/api/auth/logout', POST]
26-09-16 09:27:32.126 [http-nio-8080-exec-5] TRACE o.s.security.web.FilterChainProxy - Invoking UsernamePasswordAuthenticationFilter (7/14)
26-09-16 09:27:32.126 [http-nio-8080-exec-5] TRACE o.s.s.w.a.UsernamePasswordAuthenticationFilter - Did not match request to Ant [pattern='/api/auth/login', POST]
26-09-16 09:27:32.126 [http-nio-8080-exec-5] TRACE o.s.security.web.FilterChainProxy - Invoking DefaultResourcesFilter (8/14)
26-09-16 09:27:32.126 [http-nio-8080-exec-5] TRACE o.s.security.web.FilterChainProxy - Invoking DefaultLoginPageGeneratingFilter (9/14)
26-09-16 09:27:32.126 [http-nio-8080-exec-5] TRACE o.s.security.web.FilterChainProxy - Invoking DefaultLogoutPageGeneratingFilter (10/14)
26-09-16 09:27:32.126 [http-nio-8080-exec-5] TRACE o.s.security.web.FilterChainProxy - Invoking RequestCacheAwareFilter (11/14)
26-09-16 09:27:32.127 [http-nio-8080-exec-5] TRACE o.s.s.w.s.HttpSessionRequestCache - matchingRequestParameterName is required for getMatchingRequest to lookup a value, but not provided
26-09-16 09:27:32.127 [http-nio-8080-exec-5] TRACE o.s.security.web.FilterChainProxy - Invoking SecurityContextHolderAwareRequestFilter (12/14)
26-09-16 09:27:32.127 [http-nio-8080-exec-5] TRACE o.s.security.web.FilterChainProxy - Invoking AnonymousAuthenticationFilter (13/14)
26-09-16 09:27:32.127 [http-nio-8080-exec-5] TRACE o.s.security.web.FilterChainProxy - Invoking ExceptionTranslationFilter (14/14)
26-09-16 09:27:32.127 [http-nio-8080-exec-5] DEBUG o.s.security.web.FilterChainProxy - Secured POST /error
26-09-16 09:27:32.151 [http-nio-8080-exec-5] TRACE o.s.s.w.c.HttpSessionSecurityContextRepository - Retrieved SecurityContextImpl [Authentication=UsernamePasswordAuthenticationToken [Principal=com.sprint.mission.discodeit.security.DiscodeitUserDetails@7be56cf1, Credentials=[PROTECTED], Authenticated=true, Details=WebAuthenticationDetails [RemoteIpAddress=0:0:0:0:0:0:0:1, SessionId=null], Granted Authorities=[]]] from SPRING_SECURITY_CONTEXT
26-09-16 09:27:32.151 [http-nio-8080-exec-5] TRACE o.s.s.w.a.AnonymousAuthenticationFilter - Did not set SecurityContextHolder since already authenticated UsernamePasswordAuthenticationToken [Principal=com.sprint.mission.discodeit.security.DiscodeitUserDetails@7be56cf1, Credentials=[PROTECTED], Authenticated=true, Details=WebAuthenticationDetails [RemoteIpAddress=0:0:0:0:0:0:0:1, SessionId=null], Granted Authorities=[]]
26-09-16 09:29:13.035 [http-nio-8080-exec-7] TRACE o.s.security.web.FilterChainProxy - Trying to match request against DefaultSecurityFilterChain defined as 'filterChain' in [class path resource [com/sprint/mission/discodeit/config/SecurityConfig.class]] matching [any request] and having filters [DisableEncodeUrl, WebAsyncManagerIntegration, SecurityContextHolder, HeaderWriter, Csrf, Logout, UsernamePasswordAuthentication, DefaultResources, DefaultLoginPageGenerating, DefaultLogoutPageGenerating, RequestCacheAware, SecurityContextHolderAwareRequest, AnonymousAuthentication, ExceptionTranslation] (1/1)
26-09-16 09:29:13.036 [http-nio-8080-exec-7] DEBUG o.s.security.web.FilterChainProxy - Securing POST /api/auth/logout
26-09-16 09:29:13.036 [http-nio-8080-exec-7] TRACE o.s.security.web.FilterChainProxy - Invoking DisableEncodeUrlFilter (1/14)
26-09-16 09:29:13.036 [http-nio-8080-exec-7] TRACE o.s.security.web.FilterChainProxy - Invoking WebAsyncManagerIntegrationFilter (2/14)
26-09-16 09:29:13.036 [http-nio-8080-exec-7] TRACE o.s.security.web.FilterChainProxy - Invoking SecurityContextHolderFilter (3/14)
26-09-16 09:29:13.039 [http-nio-8080-exec-7] TRACE o.s.security.web.FilterChainProxy - Invoking HeaderWriterFilter (4/14)
26-09-16 09:29:13.041 [http-nio-8080-exec-7] TRACE o.s.security.web.FilterChainProxy - Invoking CsrfFilter (5/14)
26-09-16 09:29:13.042 [http-nio-8080-exec-7] DEBUG o.s.security.web.csrf.CsrfFilter - Invalid CSRF token found for http://localhost:8080/api/auth/logout
26-09-16 09:29:13.042 [http-nio-8080-exec-7] DEBUG o.s.s.w.a.AccessDeniedHandlerImpl - Responding with 403 status code
26-09-16 09:29:13.045 [http-nio-8080-exec-7] TRACE o.s.s.w.h.writers.HstsHeaderWriter - Not injecting HSTS header since it did not match request to [Is Secure]
26-09-16 09:29:13.051 [http-nio-8080-exec-7] TRACE o.s.security.web.FilterChainProxy - Trying to match request against DefaultSecurityFilterChain defined as 'filterChain' in [class path resource [com/sprint/mission/discodeit/config/SecurityConfig.class]] matching [any request] and having filters [DisableEncodeUrl, WebAsyncManagerIntegration, SecurityContextHolder, HeaderWriter, Csrf, Logout, UsernamePasswordAuthentication, DefaultResources, DefaultLoginPageGenerating, DefaultLogoutPageGenerating, RequestCacheAware, SecurityContextHolderAwareRequest, AnonymousAuthentication, ExceptionTranslation] (1/1)
26-09-16 09:29:13.051 [http-nio-8080-exec-7] DEBUG o.s.security.web.FilterChainProxy - Securing POST /error
26-09-16 09:29:13.052 [http-nio-8080-exec-7] TRACE o.s.security.web.FilterChainProxy - Invoking DisableEncodeUrlFilter (1/14)
26-09-16 09:29:13.052 [http-nio-8080-exec-7] TRACE o.s.security.web.FilterChainProxy - Invoking WebAsyncManagerIntegrationFilter (2/14)
26-09-16 09:29:13.052 [http-nio-8080-exec-7] TRACE o.s.security.web.FilterChainProxy - Invoking SecurityContextHolderFilter (3/14)
26-09-16 09:29:13.052 [http-nio-8080-exec-7] TRACE o.s.security.web.FilterChainProxy - Invoking HeaderWriterFilter (4/14)
26-09-16 09:29:13.052 [http-nio-8080-exec-7] TRACE o.s.security.web.FilterChainProxy - Invoking CsrfFilter (5/14)
26-09-16 09:29:13.052 [http-nio-8080-exec-7] TRACE o.s.security.web.FilterChainProxy - Invoking LogoutFilter (6/14)
26-09-16 09:29:13.054 [http-nio-8080-exec-7] TRACE o.s.s.w.a.logout.LogoutFilter - Did not match request to Ant [pattern='/api/auth/logout', POST]
26-09-16 09:29:13.055 [http-nio-8080-exec-7] TRACE o.s.security.web.FilterChainProxy - Invoking UsernamePasswordAuthenticationFilter (7/14)
26-09-16 09:29:13.055 [http-nio-8080-exec-7] TRACE o.s.s.w.a.UsernamePasswordAuthenticationFilter - Did not match request to Ant [pattern='/api/auth/login', POST]
26-09-16 09:29:13.055 [http-nio-8080-exec-7] TRACE o.s.security.web.FilterChainProxy - Invoking DefaultResourcesFilter (8/14)
26-09-16 09:29:13.055 [http-nio-8080-exec-7] TRACE o.s.security.web.FilterChainProxy - Invoking DefaultLoginPageGeneratingFilter (9/14)
26-09-16 09:29:13.055 [http-nio-8080-exec-7] TRACE o.s.security.web.FilterChainProxy - Invoking DefaultLogoutPageGeneratingFilter (10/14)
26-09-16 09:29:13.056 [http-nio-8080-exec-7] TRACE o.s.security.web.FilterChainProxy - Invoking RequestCacheAwareFilter (11/14)
26-09-16 09:29:13.056 [http-nio-8080-exec-7] TRACE o.s.s.w.s.HttpSessionRequestCache - matchingRequestParameterName is required for getMatchingRequest to lookup a value, but not provided
26-09-16 09:29:13.056 [http-nio-8080-exec-7] TRACE o.s.security.web.FilterChainProxy - Invoking SecurityContextHolderAwareRequestFilter (12/14)
26-09-16 09:29:13.056 [http-nio-8080-exec-7] TRACE o.s.security.web.FilterChainProxy - Invoking AnonymousAuthenticationFilter (13/14)
26-09-16 09:29:13.056 [http-nio-8080-exec-7] TRACE o.s.security.web.FilterChainProxy - Invoking ExceptionTranslationFilter (14/14)
26-09-16 09:29:13.056 [http-nio-8080-exec-7] DEBUG o.s.security.web.FilterChainProxy - Secured POST /error
26-09-16 09:29:13.075 [http-nio-8080-exec-7] TRACE o.s.s.w.c.HttpSessionSecurityContextRepository - Retrieved SecurityContextImpl [Authentication=UsernamePasswordAuthenticationToken [Principal=com.sprint.mission.discodeit.security.DiscodeitUserDetails@7be56cf1, Credentials=[PROTECTED], Authenticated=true, Details=WebAuthenticationDetails [RemoteIpAddress=0:0:0:0:0:0:0:1, SessionId=null], Granted Authorities=[]]] from SPRING_SECURITY_CONTEXT
26-09-16 09:29:13.078 [http-nio-8080-exec-7] TRACE o.s.s.w.a.AnonymousAuthenticationFilter - Did not set SecurityContextHolder since already authenticated UsernamePasswordAuthenticationToken [Principal=com.sprint.mission.discodeit.security.DiscodeitUserDetails@7be56cf1, Credentials=[PROTECTED], Authenticated=true, Details=WebAuthenticationDetails [RemoteIpAddress=0:0:0:0:0:0:0:1, SessionId=null], Granted Authorities=[]]
26-09-16 09:29:20.678 [http-nio-8080-exec-8] TRACE o.s.security.web.FilterChainProxy - Trying to match request against DefaultSecurityFilterChain defined as 'filterChain' in [class path resource [com/sprint/mission/discodeit/config/SecurityConfig.class]] matching [any request] and having filters [DisableEncodeUrl, WebAsyncManagerIntegration, SecurityContextHolder, HeaderWriter, Csrf, Logout, UsernamePasswordAuthentication, DefaultResources, DefaultLoginPageGenerating, DefaultLogoutPageGenerating, RequestCacheAware, SecurityContextHolderAwareRequest, AnonymousAuthentication, ExceptionTranslation] (1/1)
26-09-16 09:29:20.678 [http-nio-8080-exec-8] DEBUG o.s.security.web.FilterChainProxy - Securing GET /api/auth/csrf-token
26-09-16 09:29:20.678 [http-nio-8080-exec-8] TRACE o.s.security.web.FilterChainProxy - Invoking DisableEncodeUrlFilter (1/14)
26-09-16 09:29:20.678 [http-nio-8080-exec-8] TRACE o.s.security.web.FilterChainProxy - Invoking WebAsyncManagerIntegrationFilter (2/14)
26-09-16 09:29:20.679 [http-nio-8080-exec-8] TRACE o.s.security.web.FilterChainProxy - Invoking SecurityContextHolderFilter (3/14)
26-09-16 09:29:20.679 [http-nio-8080-exec-8] TRACE o.s.security.web.FilterChainProxy - Invoking HeaderWriterFilter (4/14)
26-09-16 09:29:20.679 [http-nio-8080-exec-8] TRACE o.s.security.web.FilterChainProxy - Invoking CsrfFilter (5/14)
26-09-16 09:29:20.679 [http-nio-8080-exec-8] TRACE o.s.security.web.csrf.CsrfFilter - Did not protect against CSRF since request did not match CsrfNotRequired [TRACE, HEAD, GET, OPTIONS]
26-09-16 09:29:20.679 [http-nio-8080-exec-8] TRACE o.s.security.web.FilterChainProxy - Invoking LogoutFilter (6/14)
26-09-16 09:29:20.679 [http-nio-8080-exec-8] TRACE o.s.s.w.a.logout.LogoutFilter - Did not match request to Ant [pattern='/api/auth/logout', POST]
26-09-16 09:29:20.679 [http-nio-8080-exec-8] TRACE o.s.security.web.FilterChainProxy - Invoking UsernamePasswordAuthenticationFilter (7/14)
26-09-16 09:29:20.679 [http-nio-8080-exec-8] TRACE o.s.s.w.a.UsernamePasswordAuthenticationFilter - Did not match request to Ant [pattern='/api/auth/login', POST]
26-09-16 09:29:20.679 [http-nio-8080-exec-8] TRACE o.s.security.web.FilterChainProxy - Invoking DefaultResourcesFilter (8/14)
26-09-16 09:29:20.679 [http-nio-8080-exec-8] TRACE o.s.security.web.FilterChainProxy - Invoking DefaultLoginPageGeneratingFilter (9/14)
26-09-16 09:29:20.679 [http-nio-8080-exec-8] TRACE o.s.security.web.FilterChainProxy - Invoking DefaultLogoutPageGeneratingFilter (10/14)
26-09-16 09:29:20.680 [http-nio-8080-exec-8] TRACE o.s.s.w.a.u.DefaultLogoutPageGeneratingFilter - Did not render default logout page since request did not match [Ant [pattern='/logout', GET]]
26-09-16 09:29:20.680 [http-nio-8080-exec-8] TRACE o.s.security.web.FilterChainProxy - Invoking RequestCacheAwareFilter (11/14)
26-09-16 09:29:20.680 [http-nio-8080-exec-8] TRACE o.s.s.w.s.HttpSessionRequestCache - matchingRequestParameterName is required for getMatchingRequest to lookup a value, but not provided
26-09-16 09:29:20.680 [http-nio-8080-exec-8] TRACE o.s.security.web.FilterChainProxy - Invoking SecurityContextHolderAwareRequestFilter (12/14)
26-09-16 09:29:20.680 [http-nio-8080-exec-8] TRACE o.s.security.web.FilterChainProxy - Invoking AnonymousAuthenticationFilter (13/14)
26-09-16 09:29:20.680 [http-nio-8080-exec-8] TRACE o.s.security.web.FilterChainProxy - Invoking ExceptionTranslationFilter (14/14)
26-09-16 09:29:20.681 [http-nio-8080-exec-8] DEBUG o.s.security.web.FilterChainProxy - Secured GET /api/auth/csrf-token
26-09-16 09:29:20.693 [http-nio-8080-exec-8] TRACE o.s.s.w.c.HttpSessionSecurityContextRepository - Retrieved SecurityContextImpl [Authentication=UsernamePasswordAuthenticationToken [Principal=com.sprint.mission.discodeit.security.DiscodeitUserDetails@7be56cf1, Credentials=[PROTECTED], Authenticated=true, Details=WebAuthenticationDetails [RemoteIpAddress=0:0:0:0:0:0:0:1, SessionId=null], Granted Authorities=[]]] from SPRING_SECURITY_CONTEXT
26-09-16 09:29:20.694 [http-nio-8080-exec-8] TRACE o.s.s.w.a.AnonymousAuthenticationFilter - Did not set SecurityContextHolder since already authenticated UsernamePasswordAuthenticationToken [Principal=com.sprint.mission.discodeit.security.DiscodeitUserDetails@7be56cf1, Credentials=[PROTECTED], Authenticated=true, Details=WebAuthenticationDetails [RemoteIpAddress=0:0:0:0:0:0:0:1, SessionId=null], Granted Authorities=[]]
26-09-16 09:29:20.694 [http-nio-8080-exec-8] TRACE o.s.s.w.h.writers.HstsHeaderWriter - Not injecting HSTS header since it did not match request to [Is Secure]
26-09-16 09:29:38.475 [http-nio-8080-exec-9] TRACE o.s.security.web.FilterChainProxy - Trying to match request against DefaultSecurityFilterChain defined as 'filterChain' in [class path resource [com/sprint/mission/discodeit/config/SecurityConfig.class]] matching [any request] and having filters [DisableEncodeUrl, WebAsyncManagerIntegration, SecurityContextHolder, HeaderWriter, Csrf, Logout, UsernamePasswordAuthentication, DefaultResources, DefaultLoginPageGenerating, DefaultLogoutPageGenerating, RequestCacheAware, SecurityContextHolderAwareRequest, AnonymousAuthentication, ExceptionTranslation] (1/1)
26-09-16 09:29:38.476 [http-nio-8080-exec-9] DEBUG o.s.security.web.FilterChainProxy - Securing GET /api/auth/csrf-token
26-09-16 09:29:38.477 [http-nio-8080-exec-9] TRACE o.s.security.web.FilterChainProxy - Invoking DisableEncodeUrlFilter (1/14)
26-09-16 09:29:38.477 [http-nio-8080-exec-9] TRACE o.s.security.web.FilterChainProxy - Invoking WebAsyncManagerIntegrationFilter (2/14)
26-09-16 09:29:38.477 [http-nio-8080-exec-9] TRACE o.s.security.web.FilterChainProxy - Invoking SecurityContextHolderFilter (3/14)
26-09-16 09:29:38.477 [http-nio-8080-exec-9] TRACE o.s.security.web.FilterChainProxy - Invoking HeaderWriterFilter (4/14)
26-09-16 09:29:38.477 [http-nio-8080-exec-9] TRACE o.s.security.web.FilterChainProxy - Invoking CsrfFilter (5/14)
26-09-16 09:29:38.478 [http-nio-8080-exec-9] TRACE o.s.security.web.csrf.CsrfFilter - Did not protect against CSRF since request did not match CsrfNotRequired [TRACE, HEAD, GET, OPTIONS]
26-09-16 09:29:38.479 [http-nio-8080-exec-9] TRACE o.s.security.web.FilterChainProxy - Invoking LogoutFilter (6/14)
26-09-16 09:29:38.479 [http-nio-8080-exec-9] TRACE o.s.s.w.a.logout.LogoutFilter - Did not match request to Ant [pattern='/api/auth/logout', POST]
26-09-16 09:29:38.479 [http-nio-8080-exec-9] TRACE o.s.security.web.FilterChainProxy - Invoking UsernamePasswordAuthenticationFilter (7/14)
26-09-16 09:29:38.479 [http-nio-8080-exec-9] TRACE o.s.s.w.a.UsernamePasswordAuthenticationFilter - Did not match request to Ant [pattern='/api/auth/login', POST]
26-09-16 09:29:38.479 [http-nio-8080-exec-9] TRACE o.s.security.web.FilterChainProxy - Invoking DefaultResourcesFilter (8/14)
26-09-16 09:29:38.479 [http-nio-8080-exec-9] TRACE o.s.security.web.FilterChainProxy - Invoking DefaultLoginPageGeneratingFilter (9/14)
26-09-16 09:29:38.479 [http-nio-8080-exec-9] TRACE o.s.security.web.FilterChainProxy - Invoking DefaultLogoutPageGeneratingFilter (10/14)
26-09-16 09:29:38.479 [http-nio-8080-exec-9] TRACE o.s.s.w.a.u.DefaultLogoutPageGeneratingFilter - Did not render default logout page since request did not match [Ant [pattern='/logout', GET]]
26-09-16 09:29:38.479 [http-nio-8080-exec-9] TRACE o.s.security.web.FilterChainProxy - Invoking RequestCacheAwareFilter (11/14)
26-09-16 09:29:38.479 [http-nio-8080-exec-9] TRACE o.s.s.w.s.HttpSessionRequestCache - matchingRequestParameterName is required for getMatchingRequest to lookup a value, but not provided
26-09-16 09:29:38.480 [http-nio-8080-exec-9] TRACE o.s.security.web.FilterChainProxy - Invoking SecurityContextHolderAwareRequestFilter (12/14)
26-09-16 09:29:38.480 [http-nio-8080-exec-9] TRACE o.s.security.web.FilterChainProxy - Invoking AnonymousAuthenticationFilter (13/14)
26-09-16 09:29:38.480 [http-nio-8080-exec-9] TRACE o.s.security.web.FilterChainProxy - Invoking ExceptionTranslationFilter (14/14)
26-09-16 09:29:38.481 [http-nio-8080-exec-9] DEBUG o.s.security.web.FilterChainProxy - Secured GET /api/auth/csrf-token
26-09-16 09:29:38.484 [http-nio-8080-exec-9] TRACE o.s.s.w.c.HttpSessionSecurityContextRepository - Retrieved SecurityContextImpl [Authentication=UsernamePasswordAuthenticationToken [Principal=com.sprint.mission.discodeit.security.DiscodeitUserDetails@7be56cf1, Credentials=[PROTECTED], Authenticated=true, Details=WebAuthenticationDetails [RemoteIpAddress=0:0:0:0:0:0:0:1, SessionId=null], Granted Authorities=[]]] from SPRING_SECURITY_CONTEXT
26-09-16 09:29:38.484 [http-nio-8080-exec-9] TRACE o.s.s.w.a.AnonymousAuthenticationFilter - Did not set SecurityContextHolder since already authenticated UsernamePasswordAuthenticationToken [Principal=com.sprint.mission.discodeit.security.DiscodeitUserDetails@7be56cf1, Credentials=[PROTECTED], Authenticated=true, Details=WebAuthenticationDetails [RemoteIpAddress=0:0:0:0:0:0:0:1, SessionId=null], Granted Authorities=[]]
26-09-16 09:29:38.484 [http-nio-8080-exec-9] TRACE o.s.s.w.h.writers.HstsHeaderWriter - Not injecting HSTS header since it did not match request to [Is Secure]
26-09-16 09:29:56.394 [http-nio-8080-exec-10] TRACE o.s.security.web.FilterChainProxy - Trying to match request against DefaultSecurityFilterChain defined as 'filterChain' in [class path resource [com/sprint/mission/discodeit/config/SecurityConfig.class]] matching [any request] and having filters [DisableEncodeUrl, WebAsyncManagerIntegration, SecurityContextHolder, HeaderWriter, Csrf, Logout, UsernamePasswordAuthentication, DefaultResources, DefaultLoginPageGenerating, DefaultLogoutPageGenerating, RequestCacheAware, SecurityContextHolderAwareRequest, AnonymousAuthentication, ExceptionTranslation] (1/1)
26-09-16 09:29:56.396 [http-nio-8080-exec-10] DEBUG o.s.security.web.FilterChainProxy - Securing POST /api/auth/logout
26-09-16 09:29:56.396 [http-nio-8080-exec-10] TRACE o.s.security.web.FilterChainProxy - Invoking DisableEncodeUrlFilter (1/14)
26-09-16 09:29:56.397 [http-nio-8080-exec-10] TRACE o.s.security.web.FilterChainProxy - Invoking WebAsyncManagerIntegrationFilter (2/14)
26-09-16 09:29:56.397 [http-nio-8080-exec-10] TRACE o.s.security.web.FilterChainProxy - Invoking SecurityContextHolderFilter (3/14)
26-09-16 09:29:56.400 [http-nio-8080-exec-10] TRACE o.s.security.web.FilterChainProxy - Invoking HeaderWriterFilter (4/14)
26-09-16 09:29:56.400 [http-nio-8080-exec-10] TRACE o.s.security.web.FilterChainProxy - Invoking CsrfFilter (5/14)
26-09-16 09:29:56.401 [http-nio-8080-exec-10] TRACE o.s.security.web.FilterChainProxy - Invoking LogoutFilter (6/14)
26-09-16 09:29:56.402 [http-nio-8080-exec-10] TRACE o.s.s.w.c.HttpSessionSecurityContextRepository - Retrieved SecurityContextImpl [Authentication=UsernamePasswordAuthenticationToken [Principal=com.sprint.mission.discodeit.security.DiscodeitUserDetails@7be56cf1, Credentials=[PROTECTED], Authenticated=true, Details=WebAuthenticationDetails [RemoteIpAddress=0:0:0:0:0:0:0:1, SessionId=null], Granted Authorities=[]]] from SPRING_SECURITY_CONTEXT
26-09-16 09:29:56.402 [http-nio-8080-exec-10] DEBUG o.s.s.w.a.logout.LogoutFilter - Logging out [UsernamePasswordAuthenticationToken [Principal=com.sprint.mission.discodeit.security.DiscodeitUserDetails@7be56cf1, Credentials=[PROTECTED], Authenticated=true, Details=WebAuthenticationDetails [RemoteIpAddress=0:0:0:0:0:0:0:1, SessionId=null], Granted Authorities=[]]]
26-09-16 09:29:56.403 [http-nio-8080-exec-10] DEBUG o.s.s.w.a.l.SecurityContextLogoutHandler - Invalidated session 8775978595136C582AD690203CDB1E68
26-09-16 09:29:56.407 [http-nio-8080-exec-10] TRACE o.s.s.w.h.writers.HstsHeaderWriter - Not injecting HSTS header since it did not match request to [Is Secure]
26-09-16 09:31:33.883 [SpringApplicationShutdownHook] INFO  o.s.b.w.e.tomcat.GracefulShutdown - Commencing graceful shutdown. Waiting for active requests to complete
26-09-16 09:31:33.891 [tomcat-shutdown] INFO  o.s.b.w.e.tomcat.GracefulShutdown - Graceful shutdown complete
26-09-16 09:31:33.949 [SpringApplicationShutdownHook] INFO  o.s.o.j.LocalContainerEntityManagerFactoryBean - Closing JPA EntityManagerFactory for persistence unit 'default'
26-09-16 09:31:33.975 [SpringApplicationShutdownHook] INFO  com.zaxxer.hikari.HikariDataSource - HikariPool-1 - Shutdown initiated...
26-09-16 09:31:33.982 [SpringApplicationShutdownHook] INFO  com.zaxxer.hikari.HikariDataSource - HikariPool-1 - Shutdown completed.
26-09-16 09:33:14.419 [background-preinit] INFO  o.h.validator.internal.util.Version - HV000001: Hibernate Validator 8.0.1.Final
26-09-16 09:33:14.468 [main] INFO  c.s.m.discodeit.DiscodeitApplication - Starting DiscodeitApplication using Java 17.0.19 with PID 99501 (/Users/jangjunseo/Desktop/codei_13th_develop/13-sprint-mission/build/classes/java/main started by jangjunseo in /Users/jangjunseo/Desktop/codei_13th_develop/13-sprint-mission)
26-09-16 09:33:14.469 [main] INFO  c.s.m.discodeit.DiscodeitApplication - The following 1 profile is active: "dev"
26-09-16 09:33:15.223 [main] INFO  o.s.d.r.c.RepositoryConfigurationDelegate - Bootstrapping Spring Data JPA repositories in DEFAULT mode.
26-09-16 09:33:15.273 [main] INFO  o.s.d.r.c.RepositoryConfigurationDelegate - Finished Spring Data repository scanning in 42 ms. Found 6 JPA repository interfaces.
26-09-16 09:33:15.765 [main] INFO  o.s.b.w.e.tomcat.TomcatWebServer - Tomcat initialized with port 8080 (http)
26-09-16 09:33:15.774 [main] INFO  o.a.coyote.http11.Http11NioProtocol - Initializing ProtocolHandler ["http-nio-8080"]
26-09-16 09:33:15.775 [main] INFO  o.a.catalina.core.StandardService - Starting service [Tomcat]
26-09-16 09:33:15.775 [main] INFO  o.a.catalina.core.StandardEngine - Starting Servlet engine: [Apache Tomcat/10.1.33]
26-09-16 09:33:15.811 [main] INFO  o.a.c.c.C.[Tomcat].[localhost].[/] - Initializing Spring embedded WebApplicationContext
26-09-16 09:33:15.811 [main] INFO  o.s.b.w.s.c.ServletWebServerApplicationContext - Root WebApplicationContext: initialization completed in 1316 ms
26-09-16 09:33:15.958 [main] INFO  com.zaxxer.hikari.HikariDataSource - HikariPool-1 - Starting...
26-09-16 09:33:16.064 [main] INFO  com.zaxxer.hikari.pool.HikariPool - HikariPool-1 - Added connection org.postgresql.jdbc.PgConnection@343d1d25
26-09-16 09:33:16.065 [main] INFO  com.zaxxer.hikari.HikariDataSource - HikariPool-1 - Start completed.
26-09-16 09:33:16.128 [main] INFO  o.h.jpa.internal.util.LogHelper - HHH000204: Processing PersistenceUnitInfo [name: default]
26-09-16 09:33:16.179 [main] INFO  org.hibernate.Version - HHH000412: Hibernate ORM core version 6.6.2.Final
26-09-16 09:33:16.208 [main] INFO  o.h.c.i.RegionFactoryInitiator - HHH000026: Second-level cache disabled
26-09-16 09:33:16.435 [main] INFO  o.s.o.j.p.SpringPersistenceUnitInfo - No LoadTimeWeaver setup: ignoring JPA class transformer
26-09-16 09:33:16.530 [main] INFO  o.hibernate.orm.connections.pooling - HHH10001005: Database info:
	Database JDBC URL [Connecting through datasource 'HikariDataSource (HikariPool-1)']
	Database driver: undefined/unknown
	Database version: 17.10
	Autocommit mode: undefined/unknown
	Isolation level: undefined/unknown
	Minimum pool size: undefined/unknown
	Maximum pool size: undefined/unknown
26-09-16 09:33:17.123 [main] INFO  o.h.e.t.j.p.i.JtaPlatformInitiator - HHH000489: No JTA platform available (set 'hibernate.transaction.jta.platform' to enable JTA platform integration)
26-09-16 09:33:17.166 [main] INFO  o.s.o.j.LocalContainerEntityManagerFactoryBean - Initialized JPA EntityManagerFactory for persistence unit 'default'
26-09-16 09:33:17.658 [main] TRACE o.s.s.c.a.a.c.AuthenticationConfiguration$EnableGlobalAuthenticationAutowiredConfigurer - Eagerly initializing {securityConfig=com.sprint.mission.discodeit.config.SecurityConfig$$SpringCGLIB$$0@5d3a147f}
26-09-16 09:33:17.663 [main] INFO  o.s.s.c.a.a.c.InitializeUserDetailsBeanManagerConfigurer$InitializeUserDetailsManagerConfigurer - Global AuthenticationManager configured with UserDetailsService bean with name discodeitUserDetailsService
26-09-16 09:33:17.728 [main] INFO  o.s.b.a.w.s.WelcomePageHandlerMapping - Adding welcome page: class path resource [static/index.html]
26-09-16 09:33:17.926 [main] INFO  o.s.b.a.e.web.EndpointLinksResolver - Exposing 4 endpoints beneath base path '/actuator'
26-09-16 09:33:17.968 [main] DEBUG o.s.s.web.DefaultSecurityFilterChain - Will secure any request with filters: DisableEncodeUrlFilter, WebAsyncManagerIntegrationFilter, SecurityContextHolderFilter, HeaderWriterFilter, CsrfFilter, LogoutFilter, UsernamePasswordAuthenticationFilter, DefaultResourcesFilter, DefaultLoginPageGeneratingFilter, DefaultLogoutPageGeneratingFilter, RequestCacheAwareFilter, SecurityContextHolderAwareRequestFilter, AnonymousAuthenticationFilter, ExceptionTranslationFilter
26-09-16 09:33:18.310 [main] INFO  o.a.coyote.http11.Http11NioProtocol - Starting ProtocolHandler ["http-nio-8080"]
26-09-16 09:33:18.321 [main] INFO  o.s.b.w.e.tomcat.TomcatWebServer - Tomcat started on port 8080 (http) with context path '/'
26-09-16 09:33:18.334 [main] INFO  c.s.m.discodeit.DiscodeitApplication - Started DiscodeitApplication in 4.261 seconds (process running for 4.978)
26-09-16 09:33:18.663 [RMI TCP Connection(2)-127.0.0.1] INFO  o.a.c.c.C.[Tomcat].[localhost].[/] - Initializing Spring DispatcherServlet 'dispatcherServlet'
26-09-16 09:33:18.663 [RMI TCP Connection(2)-127.0.0.1] INFO  o.s.web.servlet.DispatcherServlet - Initializing Servlet 'dispatcherServlet'
26-09-16 09:33:18.666 [RMI TCP Connection(2)-127.0.0.1] INFO  o.s.web.servlet.DispatcherServlet - Completed initialization in 2 ms
26-09-16 09:33:35.323 [http-nio-8080-exec-1] TRACE o.s.security.web.FilterChainProxy - Trying to match request against DefaultSecurityFilterChain defined as 'filterChain' in [class path resource [com/sprint/mission/discodeit/config/SecurityConfig.class]] matching [any request] and having filters [DisableEncodeUrl, WebAsyncManagerIntegration, SecurityContextHolder, HeaderWriter, Csrf, Logout, UsernamePasswordAuthentication, DefaultResources, DefaultLoginPageGenerating, DefaultLogoutPageGenerating, RequestCacheAware, SecurityContextHolderAwareRequest, AnonymousAuthentication, ExceptionTranslation] (1/1)
26-09-16 09:33:35.324 [http-nio-8080-exec-1] DEBUG o.s.security.web.FilterChainProxy - Securing GET /api/auth/csrf-token
26-09-16 09:33:35.326 [http-nio-8080-exec-1] TRACE o.s.security.web.FilterChainProxy - Invoking DisableEncodeUrlFilter (1/14)
26-09-16 09:33:35.329 [http-nio-8080-exec-1] TRACE o.s.security.web.FilterChainProxy - Invoking WebAsyncManagerIntegrationFilter (2/14)
26-09-16 09:33:35.334 [http-nio-8080-exec-1] TRACE o.s.security.web.FilterChainProxy - Invoking SecurityContextHolderFilter (3/14)
26-09-16 09:33:35.335 [http-nio-8080-exec-1] TRACE o.s.security.web.FilterChainProxy - Invoking HeaderWriterFilter (4/14)
26-09-16 09:33:35.337 [http-nio-8080-exec-1] TRACE o.s.security.web.FilterChainProxy - Invoking CsrfFilter (5/14)
26-09-16 09:33:35.340 [http-nio-8080-exec-1] TRACE o.s.security.web.csrf.CsrfFilter - Did not protect against CSRF since request did not match CsrfNotRequired [TRACE, HEAD, GET, OPTIONS]
26-09-16 09:33:35.340 [http-nio-8080-exec-1] TRACE o.s.security.web.FilterChainProxy - Invoking LogoutFilter (6/14)
26-09-16 09:33:35.340 [http-nio-8080-exec-1] TRACE o.s.s.w.a.logout.LogoutFilter - Did not match request to Ant [pattern='/api/auth/logout', POST]
26-09-16 09:33:35.340 [http-nio-8080-exec-1] TRACE o.s.security.web.FilterChainProxy - Invoking UsernamePasswordAuthenticationFilter (7/14)
26-09-16 09:33:35.340 [http-nio-8080-exec-1] TRACE o.s.s.w.a.UsernamePasswordAuthenticationFilter - Did not match request to Ant [pattern='/api/auth/login', POST]
26-09-16 09:33:35.340 [http-nio-8080-exec-1] TRACE o.s.security.web.FilterChainProxy - Invoking DefaultResourcesFilter (8/14)
26-09-16 09:33:35.340 [http-nio-8080-exec-1] TRACE o.s.security.web.FilterChainProxy - Invoking DefaultLoginPageGeneratingFilter (9/14)
26-09-16 09:33:35.340 [http-nio-8080-exec-1] TRACE o.s.security.web.FilterChainProxy - Invoking DefaultLogoutPageGeneratingFilter (10/14)
26-09-16 09:33:35.340 [http-nio-8080-exec-1] TRACE o.s.s.w.a.u.DefaultLogoutPageGeneratingFilter - Did not render default logout page since request did not match [Ant [pattern='/logout', GET]]
26-09-16 09:33:35.340 [http-nio-8080-exec-1] TRACE o.s.security.web.FilterChainProxy - Invoking RequestCacheAwareFilter (11/14)
26-09-16 09:33:35.341 [http-nio-8080-exec-1] TRACE o.s.s.w.s.HttpSessionRequestCache - matchingRequestParameterName is required for getMatchingRequest to lookup a value, but not provided
26-09-16 09:33:35.341 [http-nio-8080-exec-1] TRACE o.s.security.web.FilterChainProxy - Invoking SecurityContextHolderAwareRequestFilter (12/14)
26-09-16 09:33:35.341 [http-nio-8080-exec-1] TRACE o.s.security.web.FilterChainProxy - Invoking AnonymousAuthenticationFilter (13/14)
26-09-16 09:33:35.341 [http-nio-8080-exec-1] TRACE o.s.security.web.FilterChainProxy - Invoking ExceptionTranslationFilter (14/14)
26-09-16 09:33:35.342 [http-nio-8080-exec-1] DEBUG o.s.security.web.FilterChainProxy - Secured GET /api/auth/csrf-token
26-09-16 09:33:35.363 [http-nio-8080-exec-1] TRACE o.s.s.w.c.HttpSessionSecurityContextRepository - No HttpSession currently exists
26-09-16 09:33:35.364 [http-nio-8080-exec-1] TRACE o.s.s.w.c.SupplierDeferredSecurityContext - Created SecurityContextImpl [Null authentication]
26-09-16 09:33:35.364 [http-nio-8080-exec-1] TRACE o.s.s.w.c.SupplierDeferredSecurityContext - Created SecurityContextImpl [Null authentication]
26-09-16 09:33:35.364 [http-nio-8080-exec-1] TRACE o.s.s.w.a.AnonymousAuthenticationFilter - Set SecurityContextHolder to AnonymousAuthenticationToken [Principal=anonymousUser, Credentials=[PROTECTED], Authenticated=true, Details=WebAuthenticationDetails [RemoteIpAddress=0:0:0:0:0:0:0:1, SessionId=null], Granted Authorities=[ROLE_ANONYMOUS]]
26-09-16 09:33:35.365 [http-nio-8080-exec-1] TRACE o.s.s.w.h.writers.HstsHeaderWriter - Not injecting HSTS header since it did not match request to [Is Secure]
26-09-16 09:33:41.191 [http-nio-8080-exec-2] TRACE o.s.security.web.FilterChainProxy - Trying to match request against DefaultSecurityFilterChain defined as 'filterChain' in [class path resource [com/sprint/mission/discodeit/config/SecurityConfig.class]] matching [any request] and having filters [DisableEncodeUrl, WebAsyncManagerIntegration, SecurityContextHolder, HeaderWriter, Csrf, Logout, UsernamePasswordAuthentication, DefaultResources, DefaultLoginPageGenerating, DefaultLogoutPageGenerating, RequestCacheAware, SecurityContextHolderAwareRequest, AnonymousAuthentication, ExceptionTranslation] (1/1)
26-09-16 09:33:41.193 [http-nio-8080-exec-2] DEBUG o.s.security.web.FilterChainProxy - Securing GET /api/auth/csrf-token
26-09-16 09:33:41.193 [http-nio-8080-exec-2] TRACE o.s.security.web.FilterChainProxy - Invoking DisableEncodeUrlFilter (1/14)
26-09-16 09:33:41.194 [http-nio-8080-exec-2] TRACE o.s.security.web.FilterChainProxy - Invoking WebAsyncManagerIntegrationFilter (2/14)
26-09-16 09:33:41.194 [http-nio-8080-exec-2] TRACE o.s.security.web.FilterChainProxy - Invoking SecurityContextHolderFilter (3/14)
26-09-16 09:33:41.194 [http-nio-8080-exec-2] TRACE o.s.security.web.FilterChainProxy - Invoking HeaderWriterFilter (4/14)
26-09-16 09:33:41.194 [http-nio-8080-exec-2] TRACE o.s.security.web.FilterChainProxy - Invoking CsrfFilter (5/14)
26-09-16 09:33:41.196 [http-nio-8080-exec-2] TRACE o.s.security.web.csrf.CsrfFilter - Did not protect against CSRF since request did not match CsrfNotRequired [TRACE, HEAD, GET, OPTIONS]
26-09-16 09:33:41.196 [http-nio-8080-exec-2] TRACE o.s.security.web.FilterChainProxy - Invoking LogoutFilter (6/14)
26-09-16 09:33:41.196 [http-nio-8080-exec-2] TRACE o.s.s.w.a.logout.LogoutFilter - Did not match request to Ant [pattern='/api/auth/logout', POST]
26-09-16 09:33:41.197 [http-nio-8080-exec-2] TRACE o.s.security.web.FilterChainProxy - Invoking UsernamePasswordAuthenticationFilter (7/14)
26-09-16 09:33:41.197 [http-nio-8080-exec-2] TRACE o.s.s.w.a.UsernamePasswordAuthenticationFilter - Did not match request to Ant [pattern='/api/auth/login', POST]
26-09-16 09:33:41.197 [http-nio-8080-exec-2] TRACE o.s.security.web.FilterChainProxy - Invoking DefaultResourcesFilter (8/14)
26-09-16 09:33:41.197 [http-nio-8080-exec-2] TRACE o.s.security.web.FilterChainProxy - Invoking DefaultLoginPageGeneratingFilter (9/14)
26-09-16 09:33:41.197 [http-nio-8080-exec-2] TRACE o.s.security.web.FilterChainProxy - Invoking DefaultLogoutPageGeneratingFilter (10/14)
26-09-16 09:33:41.197 [http-nio-8080-exec-2] TRACE o.s.s.w.a.u.DefaultLogoutPageGeneratingFilter - Did not render default logout page since request did not match [Ant [pattern='/logout', GET]]
26-09-16 09:33:41.198 [http-nio-8080-exec-2] TRACE o.s.security.web.FilterChainProxy - Invoking RequestCacheAwareFilter (11/14)
26-09-16 09:33:41.198 [http-nio-8080-exec-2] TRACE o.s.s.w.s.HttpSessionRequestCache - matchingRequestParameterName is required for getMatchingRequest to lookup a value, but not provided
26-09-16 09:33:41.198 [http-nio-8080-exec-2] TRACE o.s.security.web.FilterChainProxy - Invoking SecurityContextHolderAwareRequestFilter (12/14)
26-09-16 09:33:41.198 [http-nio-8080-exec-2] TRACE o.s.security.web.FilterChainProxy - Invoking AnonymousAuthenticationFilter (13/14)
26-09-16 09:33:41.198 [http-nio-8080-exec-2] TRACE o.s.security.web.FilterChainProxy - Invoking ExceptionTranslationFilter (14/14)
26-09-16 09:33:41.199 [http-nio-8080-exec-2] DEBUG o.s.security.web.FilterChainProxy - Secured GET /api/auth/csrf-token
26-09-16 09:33:41.201 [http-nio-8080-exec-2] TRACE o.s.s.w.c.HttpSessionSecurityContextRepository - No HttpSession currently exists
26-09-16 09:33:41.201 [http-nio-8080-exec-2] TRACE o.s.s.w.c.SupplierDeferredSecurityContext - Created SecurityContextImpl [Null authentication]
26-09-16 09:33:41.201 [http-nio-8080-exec-2] TRACE o.s.s.w.c.SupplierDeferredSecurityContext - Created SecurityContextImpl [Null authentication]
26-09-16 09:33:41.201 [http-nio-8080-exec-2] TRACE o.s.s.w.a.AnonymousAuthenticationFilter - Set SecurityContextHolder to AnonymousAuthenticationToken [Principal=anonymousUser, Credentials=[PROTECTED], Authenticated=true, Details=WebAuthenticationDetails [RemoteIpAddress=0:0:0:0:0:0:0:1, SessionId=null], Granted Authorities=[ROLE_ANONYMOUS]]
26-09-16 09:33:41.202 [http-nio-8080-exec-2] TRACE o.s.s.w.h.writers.HstsHeaderWriter - Not injecting HSTS header since it did not match request to [Is Secure]
26-09-16 09:34:06.244 [http-nio-8080-exec-3] TRACE o.s.security.web.FilterChainProxy - Trying to match request against DefaultSecurityFilterChain defined as 'filterChain' in [class path resource [com/sprint/mission/discodeit/config/SecurityConfig.class]] matching [any request] and having filters [DisableEncodeUrl, WebAsyncManagerIntegration, SecurityContextHolder, HeaderWriter, Csrf, Logout, UsernamePasswordAuthentication, DefaultResources, DefaultLoginPageGenerating, DefaultLogoutPageGenerating, RequestCacheAware, SecurityContextHolderAwareRequest, AnonymousAuthentication, ExceptionTranslation] (1/1)
26-09-16 09:34:06.245 [http-nio-8080-exec-3] DEBUG o.s.security.web.FilterChainProxy - Securing POST /api/auth/login
26-09-16 09:34:06.245 [http-nio-8080-exec-3] TRACE o.s.security.web.FilterChainProxy - Invoking DisableEncodeUrlFilter (1/14)
26-09-16 09:34:06.245 [http-nio-8080-exec-3] TRACE o.s.security.web.FilterChainProxy - Invoking WebAsyncManagerIntegrationFilter (2/14)
26-09-16 09:34:06.245 [http-nio-8080-exec-3] TRACE o.s.security.web.FilterChainProxy - Invoking SecurityContextHolderFilter (3/14)
26-09-16 09:34:06.246 [http-nio-8080-exec-3] TRACE o.s.security.web.FilterChainProxy - Invoking HeaderWriterFilter (4/14)
26-09-16 09:34:06.246 [http-nio-8080-exec-3] TRACE o.s.security.web.FilterChainProxy - Invoking CsrfFilter (5/14)
26-09-16 09:34:06.247 [http-nio-8080-exec-3] TRACE o.s.security.web.FilterChainProxy - Invoking LogoutFilter (6/14)
26-09-16 09:34:06.247 [http-nio-8080-exec-3] TRACE o.s.s.w.a.logout.LogoutFilter - Did not match request to Ant [pattern='/api/auth/logout', POST]
26-09-16 09:34:06.247 [http-nio-8080-exec-3] TRACE o.s.security.web.FilterChainProxy - Invoking UsernamePasswordAuthenticationFilter (7/14)
26-09-16 09:34:06.249 [http-nio-8080-exec-3] TRACE o.s.s.authentication.ProviderManager - Authenticating request with DaoAuthenticationProvider (1/1)
26-09-16 09:34:06.705 [http-nio-8080-exec-3] DEBUG o.s.s.a.d.DaoAuthenticationProvider - Authenticated user
26-09-16 09:34:06.706 [http-nio-8080-exec-3] TRACE o.s.s.w.a.s.CompositeSessionAuthenticationStrategy - Preparing session with ChangeSessionIdAuthenticationStrategy (1/2)
26-09-16 09:34:06.706 [http-nio-8080-exec-3] TRACE o.s.s.w.a.s.CompositeSessionAuthenticationStrategy - Preparing session with CsrfAuthenticationStrategy (2/2)
26-09-16 09:34:06.706 [http-nio-8080-exec-3] DEBUG o.s.s.w.c.CsrfAuthenticationStrategy - Replaced CSRF Token
26-09-16 09:34:06.724 [http-nio-8080-exec-3] DEBUG o.s.s.w.c.HttpSessionSecurityContextRepository - Stored SecurityContextImpl [Authentication=UsernamePasswordAuthenticationToken [Principal=com.sprint.mission.discodeit.security.DiscodeitUserDetails@1bed39b8, Credentials=[PROTECTED], Authenticated=true, Details=WebAuthenticationDetails [RemoteIpAddress=0:0:0:0:0:0:0:1, SessionId=null], Granted Authorities=[]]] to HttpSession [org.apache.catalina.session.StandardSessionFacade@6ed2a688]
26-09-16 09:34:06.724 [http-nio-8080-exec-3] DEBUG o.s.s.w.a.UsernamePasswordAuthenticationFilter - Set SecurityContextHolder to UsernamePasswordAuthenticationToken [Principal=com.sprint.mission.discodeit.security.DiscodeitUserDetails@1bed39b8, Credentials=[PROTECTED], Authenticated=true, Details=WebAuthenticationDetails [RemoteIpAddress=0:0:0:0:0:0:0:1, SessionId=null], Granted Authorities=[]]
26-09-16 09:34:06.744 [http-nio-8080-exec-3] TRACE o.s.s.w.h.writers.HstsHeaderWriter - Not injecting HSTS header since it did not match request to [Is Secure]
26-09-16 09:34:35.618 [http-nio-8080-exec-4] TRACE o.s.security.web.FilterChainProxy - Trying to match request against DefaultSecurityFilterChain defined as 'filterChain' in [class path resource [com/sprint/mission/discodeit/config/SecurityConfig.class]] matching [any request] and having filters [DisableEncodeUrl, WebAsyncManagerIntegration, SecurityContextHolder, HeaderWriter, Csrf, Logout, UsernamePasswordAuthentication, DefaultResources, DefaultLoginPageGenerating, DefaultLogoutPageGenerating, RequestCacheAware, SecurityContextHolderAwareRequest, AnonymousAuthentication, ExceptionTranslation] (1/1)
26-09-16 09:34:35.619 [http-nio-8080-exec-4] DEBUG o.s.security.web.FilterChainProxy - Securing POST /api/auth/logout
26-09-16 09:34:35.619 [http-nio-8080-exec-4] TRACE o.s.security.web.FilterChainProxy - Invoking DisableEncodeUrlFilter (1/14)
26-09-16 09:34:35.620 [http-nio-8080-exec-4] TRACE o.s.security.web.FilterChainProxy - Invoking WebAsyncManagerIntegrationFilter (2/14)
26-09-16 09:34:35.620 [http-nio-8080-exec-4] TRACE o.s.security.web.FilterChainProxy - Invoking SecurityContextHolderFilter (3/14)
26-09-16 09:34:35.620 [http-nio-8080-exec-4] TRACE o.s.security.web.FilterChainProxy - Invoking HeaderWriterFilter (4/14)
26-09-16 09:34:35.620 [http-nio-8080-exec-4] TRACE o.s.security.web.FilterChainProxy - Invoking CsrfFilter (5/14)
26-09-16 09:34:35.621 [http-nio-8080-exec-4] DEBUG o.s.security.web.csrf.CsrfFilter - Invalid CSRF token found for http://localhost:8080/api/auth/logout
26-09-16 09:34:35.622 [http-nio-8080-exec-4] DEBUG o.s.s.w.a.AccessDeniedHandlerImpl - Responding with 403 status code
26-09-16 09:34:35.622 [http-nio-8080-exec-4] TRACE o.s.s.w.h.writers.HstsHeaderWriter - Not injecting HSTS header since it did not match request to [Is Secure]
26-09-16 09:34:35.633 [http-nio-8080-exec-4] TRACE o.s.security.web.FilterChainProxy - Trying to match request against DefaultSecurityFilterChain defined as 'filterChain' in [class path resource [com/sprint/mission/discodeit/config/SecurityConfig.class]] matching [any request] and having filters [DisableEncodeUrl, WebAsyncManagerIntegration, SecurityContextHolder, HeaderWriter, Csrf, Logout, UsernamePasswordAuthentication, DefaultResources, DefaultLoginPageGenerating, DefaultLogoutPageGenerating, RequestCacheAware, SecurityContextHolderAwareRequest, AnonymousAuthentication, ExceptionTranslation] (1/1)
26-09-16 09:34:35.633 [http-nio-8080-exec-4] DEBUG o.s.security.web.FilterChainProxy - Securing POST /error
26-09-16 09:34:35.633 [http-nio-8080-exec-4] TRACE o.s.security.web.FilterChainProxy - Invoking DisableEncodeUrlFilter (1/14)
26-09-16 09:34:35.633 [http-nio-8080-exec-4] TRACE o.s.security.web.FilterChainProxy - Invoking WebAsyncManagerIntegrationFilter (2/14)
26-09-16 09:34:35.633 [http-nio-8080-exec-4] TRACE o.s.security.web.FilterChainProxy - Invoking SecurityContextHolderFilter (3/14)
26-09-16 09:34:35.633 [http-nio-8080-exec-4] TRACE o.s.security.web.FilterChainProxy - Invoking HeaderWriterFilter (4/14)
26-09-16 09:34:35.633 [http-nio-8080-exec-4] TRACE o.s.security.web.FilterChainProxy - Invoking CsrfFilter (5/14)
26-09-16 09:34:35.633 [http-nio-8080-exec-4] TRACE o.s.security.web.FilterChainProxy - Invoking LogoutFilter (6/14)
26-09-16 09:34:35.633 [http-nio-8080-exec-4] TRACE o.s.s.w.a.logout.LogoutFilter - Did not match request to Ant [pattern='/api/auth/logout', POST]
26-09-16 09:34:35.633 [http-nio-8080-exec-4] TRACE o.s.security.web.FilterChainProxy - Invoking UsernamePasswordAuthenticationFilter (7/14)
26-09-16 09:34:35.634 [http-nio-8080-exec-4] TRACE o.s.s.w.a.UsernamePasswordAuthenticationFilter - Did not match request to Ant [pattern='/api/auth/login', POST]
26-09-16 09:34:35.634 [http-nio-8080-exec-4] TRACE o.s.security.web.FilterChainProxy - Invoking DefaultResourcesFilter (8/14)
26-09-16 09:34:35.634 [http-nio-8080-exec-4] TRACE o.s.security.web.FilterChainProxy - Invoking DefaultLoginPageGeneratingFilter (9/14)
26-09-16 09:34:35.634 [http-nio-8080-exec-4] TRACE o.s.security.web.FilterChainProxy - Invoking DefaultLogoutPageGeneratingFilter (10/14)
26-09-16 09:34:35.634 [http-nio-8080-exec-4] TRACE o.s.security.web.FilterChainProxy - Invoking RequestCacheAwareFilter (11/14)
26-09-16 09:34:35.634 [http-nio-8080-exec-4] TRACE o.s.s.w.s.HttpSessionRequestCache - matchingRequestParameterName is required for getMatchingRequest to lookup a value, but not provided
26-09-16 09:34:35.634 [http-nio-8080-exec-4] TRACE o.s.security.web.FilterChainProxy - Invoking SecurityContextHolderAwareRequestFilter (12/14)
26-09-16 09:34:35.634 [http-nio-8080-exec-4] TRACE o.s.security.web.FilterChainProxy - Invoking AnonymousAuthenticationFilter (13/14)
26-09-16 09:34:35.634 [http-nio-8080-exec-4] TRACE o.s.security.web.FilterChainProxy - Invoking ExceptionTranslationFilter (14/14)
26-09-16 09:34:35.634 [http-nio-8080-exec-4] DEBUG o.s.security.web.FilterChainProxy - Secured POST /error
26-09-16 09:34:35.654 [http-nio-8080-exec-4] TRACE o.s.s.w.c.HttpSessionSecurityContextRepository - Retrieved SecurityContextImpl [Authentication=UsernamePasswordAuthenticationToken [Principal=com.sprint.mission.discodeit.security.DiscodeitUserDetails@1bed39b8, Credentials=[PROTECTED], Authenticated=true, Details=WebAuthenticationDetails [RemoteIpAddress=0:0:0:0:0:0:0:1, SessionId=null], Granted Authorities=[]]] from SPRING_SECURITY_CONTEXT
26-09-16 09:34:35.655 [http-nio-8080-exec-4] TRACE o.s.s.w.a.AnonymousAuthenticationFilter - Did not set SecurityContextHolder since already authenticated UsernamePasswordAuthenticationToken [Principal=com.sprint.mission.discodeit.security.DiscodeitUserDetails@1bed39b8, Credentials=[PROTECTED], Authenticated=true, Details=WebAuthenticationDetails [RemoteIpAddress=0:0:0:0:0:0:0:1, SessionId=null], Granted Authorities=[]]
26-09-16 09:34:51.627 [http-nio-8080-exec-5] TRACE o.s.security.web.FilterChainProxy - Trying to match request against DefaultSecurityFilterChain defined as 'filterChain' in [class path resource [com/sprint/mission/discodeit/config/SecurityConfig.class]] matching [any request] and having filters [DisableEncodeUrl, WebAsyncManagerIntegration, SecurityContextHolder, HeaderWriter, Csrf, Logout, UsernamePasswordAuthentication, DefaultResources, DefaultLoginPageGenerating, DefaultLogoutPageGenerating, RequestCacheAware, SecurityContextHolderAwareRequest, AnonymousAuthentication, ExceptionTranslation] (1/1)
26-09-16 09:34:51.628 [http-nio-8080-exec-5] DEBUG o.s.security.web.FilterChainProxy - Securing GET /api/auth/csrf-token
26-09-16 09:34:51.628 [http-nio-8080-exec-5] TRACE o.s.security.web.FilterChainProxy - Invoking DisableEncodeUrlFilter (1/14)
26-09-16 09:34:51.628 [http-nio-8080-exec-5] TRACE o.s.security.web.FilterChainProxy - Invoking WebAsyncManagerIntegrationFilter (2/14)
26-09-16 09:34:51.628 [http-nio-8080-exec-5] TRACE o.s.security.web.FilterChainProxy - Invoking SecurityContextHolderFilter (3/14)
26-09-16 09:34:51.628 [http-nio-8080-exec-5] TRACE o.s.security.web.FilterChainProxy - Invoking HeaderWriterFilter (4/14)
26-09-16 09:34:51.628 [http-nio-8080-exec-5] TRACE o.s.security.web.FilterChainProxy - Invoking CsrfFilter (5/14)
26-09-16 09:34:51.628 [http-nio-8080-exec-5] TRACE o.s.security.web.csrf.CsrfFilter - Did not protect against CSRF since request did not match CsrfNotRequired [TRACE, HEAD, GET, OPTIONS]
26-09-16 09:34:51.628 [http-nio-8080-exec-5] TRACE o.s.security.web.FilterChainProxy - Invoking LogoutFilter (6/14)
26-09-16 09:34:51.628 [http-nio-8080-exec-5] TRACE o.s.s.w.a.logout.LogoutFilter - Did not match request to Ant [pattern='/api/auth/logout', POST]
26-09-16 09:34:51.628 [http-nio-8080-exec-5] TRACE o.s.security.web.FilterChainProxy - Invoking UsernamePasswordAuthenticationFilter (7/14)
26-09-16 09:34:51.628 [http-nio-8080-exec-5] TRACE o.s.s.w.a.UsernamePasswordAuthenticationFilter - Did not match request to Ant [pattern='/api/auth/login', POST]
26-09-16 09:34:51.629 [http-nio-8080-exec-5] TRACE o.s.security.web.FilterChainProxy - Invoking DefaultResourcesFilter (8/14)
26-09-16 09:34:51.629 [http-nio-8080-exec-5] TRACE o.s.security.web.FilterChainProxy - Invoking DefaultLoginPageGeneratingFilter (9/14)
26-09-16 09:34:51.629 [http-nio-8080-exec-5] TRACE o.s.security.web.FilterChainProxy - Invoking DefaultLogoutPageGeneratingFilter (10/14)
26-09-16 09:34:51.629 [http-nio-8080-exec-5] TRACE o.s.s.w.a.u.DefaultLogoutPageGeneratingFilter - Did not render default logout page since request did not match [Ant [pattern='/logout', GET]]
26-09-16 09:34:51.629 [http-nio-8080-exec-5] TRACE o.s.security.web.FilterChainProxy - Invoking RequestCacheAwareFilter (11/14)
26-09-16 09:34:51.629 [http-nio-8080-exec-5] TRACE o.s.s.w.s.HttpSessionRequestCache - matchingRequestParameterName is required for getMatchingRequest to lookup a value, but not provided
26-09-16 09:34:51.629 [http-nio-8080-exec-5] TRACE o.s.security.web.FilterChainProxy - Invoking SecurityContextHolderAwareRequestFilter (12/14)
26-09-16 09:34:51.629 [http-nio-8080-exec-5] TRACE o.s.security.web.FilterChainProxy - Invoking AnonymousAuthenticationFilter (13/14)
26-09-16 09:34:51.629 [http-nio-8080-exec-5] TRACE o.s.security.web.FilterChainProxy - Invoking ExceptionTranslationFilter (14/14)
26-09-16 09:34:51.630 [http-nio-8080-exec-5] DEBUG o.s.security.web.FilterChainProxy - Secured GET /api/auth/csrf-token
26-09-16 09:34:51.634 [http-nio-8080-exec-5] TRACE o.s.s.w.c.HttpSessionSecurityContextRepository - Retrieved SecurityContextImpl [Authentication=UsernamePasswordAuthenticationToken [Principal=com.sprint.mission.discodeit.security.DiscodeitUserDetails@1bed39b8, Credentials=[PROTECTED], Authenticated=true, Details=WebAuthenticationDetails [RemoteIpAddress=0:0:0:0:0:0:0:1, SessionId=null], Granted Authorities=[]]] from SPRING_SECURITY_CONTEXT
26-09-16 09:34:51.634 [http-nio-8080-exec-5] TRACE o.s.s.w.a.AnonymousAuthenticationFilter - Did not set SecurityContextHolder since already authenticated UsernamePasswordAuthenticationToken [Principal=com.sprint.mission.discodeit.security.DiscodeitUserDetails@1bed39b8, Credentials=[PROTECTED], Authenticated=true, Details=WebAuthenticationDetails [RemoteIpAddress=0:0:0:0:0:0:0:1, SessionId=null], Granted Authorities=[]]
26-09-16 09:34:51.634 [http-nio-8080-exec-5] TRACE o.s.s.w.h.writers.HstsHeaderWriter - Not injecting HSTS header since it did not match request to [Is Secure]
26-09-16 09:34:56.525 [http-nio-8080-exec-6] TRACE o.s.security.web.FilterChainProxy - Trying to match request against DefaultSecurityFilterChain defined as 'filterChain' in [class path resource [com/sprint/mission/discodeit/config/SecurityConfig.class]] matching [any request] and having filters [DisableEncodeUrl, WebAsyncManagerIntegration, SecurityContextHolder, HeaderWriter, Csrf, Logout, UsernamePasswordAuthentication, DefaultResources, DefaultLoginPageGenerating, DefaultLogoutPageGenerating, RequestCacheAware, SecurityContextHolderAwareRequest, AnonymousAuthentication, ExceptionTranslation] (1/1)
26-09-16 09:34:56.527 [http-nio-8080-exec-6] DEBUG o.s.security.web.FilterChainProxy - Securing GET /api/auth/csrf-token
26-09-16 09:34:56.527 [http-nio-8080-exec-6] TRACE o.s.security.web.FilterChainProxy - Invoking DisableEncodeUrlFilter (1/14)
26-09-16 09:34:56.528 [http-nio-8080-exec-6] TRACE o.s.security.web.FilterChainProxy - Invoking WebAsyncManagerIntegrationFilter (2/14)
26-09-16 09:34:56.528 [http-nio-8080-exec-6] TRACE o.s.security.web.FilterChainProxy - Invoking SecurityContextHolderFilter (3/14)
26-09-16 09:34:56.528 [http-nio-8080-exec-6] TRACE o.s.security.web.FilterChainProxy - Invoking HeaderWriterFilter (4/14)
26-09-16 09:34:56.528 [http-nio-8080-exec-6] TRACE o.s.security.web.FilterChainProxy - Invoking CsrfFilter (5/14)
26-09-16 09:34:56.531 [http-nio-8080-exec-6] TRACE o.s.security.web.csrf.CsrfFilter - Did not protect against CSRF since request did not match CsrfNotRequired [TRACE, HEAD, GET, OPTIONS]
26-09-16 09:34:56.531 [http-nio-8080-exec-6] TRACE o.s.security.web.FilterChainProxy - Invoking LogoutFilter (6/14)
26-09-16 09:34:56.532 [http-nio-8080-exec-6] TRACE o.s.s.w.a.logout.LogoutFilter - Did not match request to Ant [pattern='/api/auth/logout', POST]
26-09-16 09:34:56.532 [http-nio-8080-exec-6] TRACE o.s.security.web.FilterChainProxy - Invoking UsernamePasswordAuthenticationFilter (7/14)
26-09-16 09:34:56.532 [http-nio-8080-exec-6] TRACE o.s.s.w.a.UsernamePasswordAuthenticationFilter - Did not match request to Ant [pattern='/api/auth/login', POST]
26-09-16 09:34:56.532 [http-nio-8080-exec-6] TRACE o.s.security.web.FilterChainProxy - Invoking DefaultResourcesFilter (8/14)
26-09-16 09:34:56.532 [http-nio-8080-exec-6] TRACE o.s.security.web.FilterChainProxy - Invoking DefaultLoginPageGeneratingFilter (9/14)
26-09-16 09:34:56.532 [http-nio-8080-exec-6] TRACE o.s.security.web.FilterChainProxy - Invoking DefaultLogoutPageGeneratingFilter (10/14)
26-09-16 09:34:56.532 [http-nio-8080-exec-6] TRACE o.s.s.w.a.u.DefaultLogoutPageGeneratingFilter - Did not render default logout page since request did not match [Ant [pattern='/logout', GET]]
26-09-16 09:34:56.532 [http-nio-8080-exec-6] TRACE o.s.security.web.FilterChainProxy - Invoking RequestCacheAwareFilter (11/14)
26-09-16 09:34:56.532 [http-nio-8080-exec-6] TRACE o.s.s.w.s.HttpSessionRequestCache - matchingRequestParameterName is required for getMatchingRequest to lookup a value, but not provided
26-09-16 09:34:56.532 [http-nio-8080-exec-6] TRACE o.s.security.web.FilterChainProxy - Invoking SecurityContextHolderAwareRequestFilter (12/14)
26-09-16 09:34:56.532 [http-nio-8080-exec-6] TRACE o.s.security.web.FilterChainProxy - Invoking AnonymousAuthenticationFilter (13/14)
26-09-16 09:34:56.532 [http-nio-8080-exec-6] TRACE o.s.security.web.FilterChainProxy - Invoking ExceptionTranslationFilter (14/14)
26-09-16 09:34:56.533 [http-nio-8080-exec-6] DEBUG o.s.security.web.FilterChainProxy - Secured GET /api/auth/csrf-token
26-09-16 09:34:56.538 [http-nio-8080-exec-6] TRACE o.s.s.w.c.HttpSessionSecurityContextRepository - Retrieved SecurityContextImpl [Authentication=UsernamePasswordAuthenticationToken [Principal=com.sprint.mission.discodeit.security.DiscodeitUserDetails@1bed39b8, Credentials=[PROTECTED], Authenticated=true, Details=WebAuthenticationDetails [RemoteIpAddress=0:0:0:0:0:0:0:1, SessionId=null], Granted Authorities=[]]] from SPRING_SECURITY_CONTEXT
26-09-16 09:34:56.538 [http-nio-8080-exec-6] TRACE o.s.s.w.a.AnonymousAuthenticationFilter - Did not set SecurityContextHolder since already authenticated UsernamePasswordAuthenticationToken [Principal=com.sprint.mission.discodeit.security.DiscodeitUserDetails@1bed39b8, Credentials=[PROTECTED], Authenticated=true, Details=WebAuthenticationDetails [RemoteIpAddress=0:0:0:0:0:0:0:1, SessionId=null], Granted Authorities=[]]
26-09-16 09:34:56.539 [http-nio-8080-exec-6] TRACE o.s.s.w.h.writers.HstsHeaderWriter - Not injecting HSTS header since it did not match request to [Is Secure]
26-09-16 09:35:14.636 [http-nio-8080-exec-7] TRACE o.s.security.web.FilterChainProxy - Trying to match request against DefaultSecurityFilterChain defined as 'filterChain' in [class path resource [com/sprint/mission/discodeit/config/SecurityConfig.class]] matching [any request] and having filters [DisableEncodeUrl, WebAsyncManagerIntegration, SecurityContextHolder, HeaderWriter, Csrf, Logout, UsernamePasswordAuthentication, DefaultResources, DefaultLoginPageGenerating, DefaultLogoutPageGenerating, RequestCacheAware, SecurityContextHolderAwareRequest, AnonymousAuthentication, ExceptionTranslation] (1/1)
26-09-16 09:35:14.637 [http-nio-8080-exec-7] DEBUG o.s.security.web.FilterChainProxy - Securing POST /api/auth/logout
26-09-16 09:35:14.645 [http-nio-8080-exec-7] TRACE o.s.security.web.FilterChainProxy - Invoking DisableEncodeUrlFilter (1/14)
26-09-16 09:35:14.658 [http-nio-8080-exec-7] TRACE o.s.security.web.FilterChainProxy - Invoking WebAsyncManagerIntegrationFilter (2/14)
26-09-16 09:35:14.658 [http-nio-8080-exec-7] TRACE o.s.security.web.FilterChainProxy - Invoking SecurityContextHolderFilter (3/14)
26-09-16 09:35:14.658 [http-nio-8080-exec-7] TRACE o.s.security.web.FilterChainProxy - Invoking HeaderWriterFilter (4/14)
26-09-16 09:35:14.658 [http-nio-8080-exec-7] TRACE o.s.security.web.FilterChainProxy - Invoking CsrfFilter (5/14)
26-09-16 09:35:14.659 [http-nio-8080-exec-7] TRACE o.s.security.web.FilterChainProxy - Invoking LogoutFilter (6/14)
26-09-16 09:35:14.660 [http-nio-8080-exec-7] TRACE o.s.s.w.c.HttpSessionSecurityContextRepository - Retrieved SecurityContextImpl [Authentication=UsernamePasswordAuthenticationToken [Principal=com.sprint.mission.discodeit.security.DiscodeitUserDetails@1bed39b8, Credentials=[PROTECTED], Authenticated=true, Details=WebAuthenticationDetails [RemoteIpAddress=0:0:0:0:0:0:0:1, SessionId=null], Granted Authorities=[]]] from SPRING_SECURITY_CONTEXT
26-09-16 09:35:14.660 [http-nio-8080-exec-7] DEBUG o.s.s.w.a.logout.LogoutFilter - Logging out [UsernamePasswordAuthenticationToken [Principal=com.sprint.mission.discodeit.security.DiscodeitUserDetails@1bed39b8, Credentials=[PROTECTED], Authenticated=true, Details=WebAuthenticationDetails [RemoteIpAddress=0:0:0:0:0:0:0:1, SessionId=null], Granted Authorities=[]]]
26-09-16 09:35:14.665 [http-nio-8080-exec-7] DEBUG o.s.s.w.a.l.SecurityContextLogoutHandler - Invalidated session C3374DA84A4431D4845EB2DC6A676A69
26-09-16 09:35:14.666 [http-nio-8080-exec-7] TRACE o.s.s.w.h.writers.HstsHeaderWriter - Not injecting HSTS header since it did not match request to [Is Secure]
26-09-16 09:36:21.356 [http-nio-8080-exec-9] TRACE o.s.security.web.FilterChainProxy - Trying to match request against DefaultSecurityFilterChain defined as 'filterChain' in [class path resource [com/sprint/mission/discodeit/config/SecurityConfig.class]] matching [any request] and having filters [DisableEncodeUrl, WebAsyncManagerIntegration, SecurityContextHolder, HeaderWriter, Csrf, Logout, UsernamePasswordAuthentication, DefaultResources, DefaultLoginPageGenerating, DefaultLogoutPageGenerating, RequestCacheAware, SecurityContextHolderAwareRequest, AnonymousAuthentication, ExceptionTranslation] (1/1)
26-09-16 09:36:21.357 [http-nio-8080-exec-9] DEBUG o.s.security.web.FilterChainProxy - Securing GET /api/auth/me
26-09-16 09:36:21.357 [http-nio-8080-exec-9] TRACE o.s.security.web.FilterChainProxy - Invoking DisableEncodeUrlFilter (1/14)
26-09-16 09:36:21.357 [http-nio-8080-exec-9] TRACE o.s.security.web.FilterChainProxy - Invoking WebAsyncManagerIntegrationFilter (2/14)
26-09-16 09:36:21.357 [http-nio-8080-exec-9] TRACE o.s.security.web.FilterChainProxy - Invoking SecurityContextHolderFilter (3/14)
26-09-16 09:36:21.357 [http-nio-8080-exec-9] TRACE o.s.security.web.FilterChainProxy - Invoking HeaderWriterFilter (4/14)
26-09-16 09:36:21.358 [http-nio-8080-exec-9] TRACE o.s.security.web.FilterChainProxy - Invoking CsrfFilter (5/14)
26-09-16 09:36:21.359 [http-nio-8080-exec-9] TRACE o.s.security.web.csrf.CsrfFilter - Did not protect against CSRF since request did not match CsrfNotRequired [TRACE, HEAD, GET, OPTIONS]
26-09-16 09:36:21.359 [http-nio-8080-exec-9] TRACE o.s.security.web.FilterChainProxy - Invoking LogoutFilter (6/14)
26-09-16 09:36:21.359 [http-nio-8080-exec-9] TRACE o.s.s.w.a.logout.LogoutFilter - Did not match request to Ant [pattern='/api/auth/logout', POST]
26-09-16 09:36:21.359 [http-nio-8080-exec-9] TRACE o.s.security.web.FilterChainProxy - Invoking UsernamePasswordAuthenticationFilter (7/14)
26-09-16 09:36:21.359 [http-nio-8080-exec-9] TRACE o.s.s.w.a.UsernamePasswordAuthenticationFilter - Did not match request to Ant [pattern='/api/auth/login', POST]
26-09-16 09:36:21.359 [http-nio-8080-exec-9] TRACE o.s.security.web.FilterChainProxy - Invoking DefaultResourcesFilter (8/14)
26-09-16 09:36:21.359 [http-nio-8080-exec-9] TRACE o.s.security.web.FilterChainProxy - Invoking DefaultLoginPageGeneratingFilter (9/14)
26-09-16 09:36:21.359 [http-nio-8080-exec-9] TRACE o.s.security.web.FilterChainProxy - Invoking DefaultLogoutPageGeneratingFilter (10/14)
26-09-16 09:36:21.359 [http-nio-8080-exec-9] TRACE o.s.s.w.a.u.DefaultLogoutPageGeneratingFilter - Did not render default logout page since request did not match [Ant [pattern='/logout', GET]]
26-09-16 09:36:21.360 [http-nio-8080-exec-9] TRACE o.s.security.web.FilterChainProxy - Invoking RequestCacheAwareFilter (11/14)
26-09-16 09:36:21.360 [http-nio-8080-exec-9] TRACE o.s.s.w.s.HttpSessionRequestCache - matchingRequestParameterName is required for getMatchingRequest to lookup a value, but not provided
26-09-16 09:36:21.360 [http-nio-8080-exec-9] TRACE o.s.security.web.FilterChainProxy - Invoking SecurityContextHolderAwareRequestFilter (12/14)
26-09-16 09:36:21.360 [http-nio-8080-exec-9] TRACE o.s.security.web.FilterChainProxy - Invoking AnonymousAuthenticationFilter (13/14)
26-09-16 09:36:21.360 [http-nio-8080-exec-9] TRACE o.s.security.web.FilterChainProxy - Invoking ExceptionTranslationFilter (14/14)
26-09-16 09:36:21.361 [http-nio-8080-exec-9] DEBUG o.s.security.web.FilterChainProxy - Secured GET /api/auth/me
26-09-16 09:36:21.369 [http-nio-8080-exec-9] TRACE o.s.s.w.c.HttpSessionSecurityContextRepository - No HttpSession currently exists
26-09-16 09:36:21.369 [http-nio-8080-exec-9] TRACE o.s.s.w.c.SupplierDeferredSecurityContext - Created SecurityContextImpl [Null authentication]
26-09-16 09:36:21.369 [http-nio-8080-exec-9] TRACE o.s.s.w.c.SupplierDeferredSecurityContext - Created SecurityContextImpl [Null authentication]
26-09-16 09:36:21.370 [http-nio-8080-exec-9] TRACE o.s.s.w.a.AnonymousAuthenticationFilter - Set SecurityContextHolder to AnonymousAuthenticationToken [Principal=anonymousUser, Credentials=[PROTECTED], Authenticated=true, Details=WebAuthenticationDetails [RemoteIpAddress=0:0:0:0:0:0:0:1, SessionId=null], Granted Authorities=[ROLE_ANONYMOUS]]
26-09-16 09:36:21.377 [http-nio-8080-exec-9] ERROR c.s.m.d.e.GlobalExceptionHandler - [예상치 못한 예외 발생] type=NullPointerException, message=Cannot invoke "com.sprint.mission.discodeit.security.DiscodeitUserDetails.getUserDto()" because "userDetails" is null
java.lang.NullPointerException: Cannot invoke "com.sprint.mission.discodeit.security.DiscodeitUserDetails.getUserDto()" because "userDetails" is null
	at com.sprint.mission.discodeit.controller.AuthController.getCurrentUser(AuthController.java:37)
	at java.base/jdk.internal.reflect.NativeMethodAccessorImpl.invoke0(Native Method)
	at java.base/jdk.internal.reflect.NativeMethodAccessorImpl.invoke(NativeMethodAccessorImpl.java:77)
	at java.base/jdk.internal.reflect.DelegatingMethodAccessorImpl.invoke(DelegatingMethodAccessorImpl.java:43)
	at java.base/java.lang.reflect.Method.invoke(Method.java:569)
	at org.springframework.web.method.support.InvocableHandlerMethod.doInvoke(InvocableHandlerMethod.java:255)
	at org.springframework.web.method.support.InvocableHandlerMethod.invokeForRequest(InvocableHandlerMethod.java:188)
	at org.springframework.web.servlet.mvc.method.annotation.ServletInvocableHandlerMethod.invokeAndHandle(ServletInvocableHandlerMethod.java:118)
	at org.springframework.web.servlet.mvc.method.annotation.RequestMappingHandlerAdapter.invokeHandlerMethod(RequestMappingHandlerAdapter.java:986)
	at org.springframework.web.servlet.mvc.method.annotation.RequestMappingHandlerAdapter.handleInternal(RequestMappingHandlerAdapter.java:891)
	at org.springframework.web.servlet.mvc.method.AbstractHandlerMethodAdapter.handle(AbstractHandlerMethodAdapter.java:87)
	at org.springframework.web.servlet.DispatcherServlet.doDispatch(DispatcherServlet.java:1088)
	at org.springframework.web.servlet.DispatcherServlet.doService(DispatcherServlet.java:978)
	at org.springframework.web.servlet.FrameworkServlet.processRequest(FrameworkServlet.java:1014)
	at org.springframework.web.servlet.FrameworkServlet.doGet(FrameworkServlet.java:903)
	at jakarta.servlet.http.HttpServlet.service(HttpServlet.java:564)
	at org.springframework.web.servlet.FrameworkServlet.service(FrameworkServlet.java:885)
	at jakarta.servlet.http.HttpServlet.service(HttpServlet.java:658)
	at org.apache.catalina.core.ApplicationFilterChain.internalDoFilter(ApplicationFilterChain.java:195)
	at org.apache.catalina.core.ApplicationFilterChain.doFilter(ApplicationFilterChain.java:140)
	at org.apache.tomcat.websocket.server.WsFilter.doFilter(WsFilter.java:51)
	at org.apache.catalina.core.ApplicationFilterChain.internalDoFilter(ApplicationFilterChain.java:164)
	at org.apache.catalina.core.ApplicationFilterChain.doFilter(ApplicationFilterChain.java:140)
	at org.springframework.web.filter.CompositeFilter$VirtualFilterChain.doFilter(CompositeFilter.java:108)
	at org.springframework.security.web.FilterChainProxy.lambda$doFilterInternal$3(FilterChainProxy.java:231)
	at org.springframework.security.web.ObservationFilterChainDecorator$FilterObservation$SimpleFilterObservation.lambda$wrap$1(ObservationFilterChainDecorator.java:479)
	at org.springframework.security.web.ObservationFilterChainDecorator$AroundFilterObservation$SimpleAroundFilterObservation.lambda$wrap$1(ObservationFilterChainDecorator.java:340)
	at org.springframework.security.web.ObservationFilterChainDecorator.lambda$wrapSecured$0(ObservationFilterChainDecorator.java:82)
	at org.springframework.security.web.ObservationFilterChainDecorator$VirtualFilterChain.doFilter(ObservationFilterChainDecorator.java:128)
	at org.springframework.security.web.access.ExceptionTranslationFilter.doFilter(ExceptionTranslationFilter.java:126)
	at org.springframework.security.web.access.ExceptionTranslationFilter.doFilter(ExceptionTranslationFilter.java:120)
	at org.springframework.security.web.ObservationFilterChainDecorator$ObservationFilter.wrapFilter(ObservationFilterChainDecorator.java:240)
	at org.springframework.security.web.ObservationFilterChainDecorator$ObservationFilter.doFilter(ObservationFilterChainDecorator.java:227)
	at org.springframework.security.web.ObservationFilterChainDecorator$VirtualFilterChain.doFilter(ObservationFilterChainDecorator.java:137)
	at org.springframework.security.web.authentication.AnonymousAuthenticationFilter.doFilter(AnonymousAuthenticationFilter.java:100)
	at org.springframework.security.web.ObservationFilterChainDecorator$ObservationFilter.wrapFilter(ObservationFilterChainDecorator.java:240)
	at org.springframework.security.web.ObservationFilterChainDecorator$ObservationFilter.doFilter(ObservationFilterChainDecorator.java:227)
	at org.springframework.security.web.ObservationFilterChainDecorator$VirtualFilterChain.doFilter(ObservationFilterChainDecorator.java:137)
	at org.springframework.security.web.servletapi.SecurityContextHolderAwareRequestFilter.doFilter(SecurityContextHolderAwareRequestFilter.java:179)
	at org.springframework.security.web.ObservationFilterChainDecorator$ObservationFilter.wrapFilter(ObservationFilterChainDecorator.java:240)
	at org.springframework.security.web.ObservationFilterChainDecorator$ObservationFilter.doFilter(ObservationFilterChainDecorator.java:227)
	at org.springframework.security.web.ObservationFilterChainDecorator$VirtualFilterChain.doFilter(ObservationFilterChainDecorator.java:137)
	at org.springframework.security.web.savedrequest.RequestCacheAwareFilter.doFilter(RequestCacheAwareFilter.java:63)
	at org.springframework.security.web.ObservationFilterChainDecorator$ObservationFilter.wrapFilter(ObservationFilterChainDecorator.java:240)
	at org.springframework.security.web.ObservationFilterChainDecorator$ObservationFilter.doFilter(ObservationFilterChainDecorator.java:227)
	at org.springframework.security.web.ObservationFilterChainDecorator$VirtualFilterChain.doFilter(ObservationFilterChainDecorator.java:137)
	at org.springframework.security.web.authentication.ui.DefaultLogoutPageGeneratingFilter.doFilterInternal(DefaultLogoutPageGeneratingFilter.java:58)
	at org.springframework.web.filter.OncePerRequestFilter.doFilter(OncePerRequestFilter.java:116)
	at org.springframework.security.web.ObservationFilterChainDecorator$ObservationFilter.wrapFilter(ObservationFilterChainDecorator.java:240)
	at org.springframework.security.web.ObservationFilterChainDecorator$ObservationFilter.doFilter(ObservationFilterChainDecorator.java:227)
	at org.springframework.security.web.ObservationFilterChainDecorator$VirtualFilterChain.doFilter(ObservationFilterChainDecorator.java:137)
	at org.springframework.security.web.authentication.ui.DefaultLoginPageGeneratingFilter.doFilter(DefaultLoginPageGeneratingFilter.java:220)
	at org.springframework.security.web.authentication.ui.DefaultLoginPageGeneratingFilter.doFilter(DefaultLoginPageGeneratingFilter.java:206)
	at org.springframework.security.web.ObservationFilterChainDecorator$ObservationFilter.wrapFilter(ObservationFilterChainDecorator.java:240)
	at org.springframework.security.web.ObservationFilterChainDecorator$ObservationFilter.doFilter(ObservationFilterChainDecorator.java:227)
	at org.springframework.security.web.ObservationFilterChainDecorator$VirtualFilterChain.doFilter(ObservationFilterChainDecorator.java:137)
	at org.springframework.security.web.authentication.ui.DefaultResourcesFilter.doFilter(DefaultResourcesFilter.java:72)
	at org.springframework.security.web.ObservationFilterChainDecorator$ObservationFilter.wrapFilter(ObservationFilterChainDecorator.java:240)
	at org.springframework.security.web.ObservationFilterChainDecorator$ObservationFilter.doFilter(ObservationFilterChainDecorator.java:227)
	at org.springframework.security.web.ObservationFilterChainDecorator$VirtualFilterChain.doFilter(ObservationFilterChainDecorator.java:137)
	at org.springframework.security.web.authentication.AbstractAuthenticationProcessingFilter.doFilter(AbstractAuthenticationProcessingFilter.java:227)
	at org.springframework.security.web.authentication.AbstractAuthenticationProcessingFilter.doFilter(AbstractAuthenticationProcessingFilter.java:221)
	at org.springframework.security.web.ObservationFilterChainDecorator$ObservationFilter.wrapFilter(ObservationFilterChainDecorator.java:240)
	at org.springframework.security.web.ObservationFilterChainDecorator$ObservationFilter.doFilter(ObservationFilterChainDecorator.java:227)
	at org.springframework.security.web.ObservationFilterChainDecorator$VirtualFilterChain.doFilter(ObservationFilterChainDecorator.java:137)
	at org.springframework.security.web.authentication.logout.LogoutFilter.doFilter(LogoutFilter.java:107)
	at org.springframework.security.web.authentication.logout.LogoutFilter.doFilter(LogoutFilter.java:93)
	at org.springframework.security.web.ObservationFilterChainDecorator$ObservationFilter.wrapFilter(ObservationFilterChainDecorator.java:240)
	at org.springframework.security.web.ObservationFilterChainDecorator$ObservationFilter.doFilter(ObservationFilterChainDecorator.java:227)
	at org.springframework.security.web.ObservationFilterChainDecorator$VirtualFilterChain.doFilter(ObservationFilterChainDecorator.java:137)
	at org.springframework.security.web.csrf.CsrfFilter.doFilterInternal(CsrfFilter.java:117)
	at org.springframework.web.filter.OncePerRequestFilter.doFilter(OncePerRequestFilter.java:116)
	at org.springframework.security.web.ObservationFilterChainDecorator$ObservationFilter.wrapFilter(ObservationFilterChainDecorator.java:240)
	at org.springframework.security.web.ObservationFilterChainDecorator$ObservationFilter.doFilter(ObservationFilterChainDecorator.java:227)
	at org.springframework.security.web.ObservationFilterChainDecorator$VirtualFilterChain.doFilter(ObservationFilterChainDecorator.java:137)
	at org.springframework.security.web.header.HeaderWriterFilter.doHeadersAfter(HeaderWriterFilter.java:90)
	at org.springframework.security.web.header.HeaderWriterFilter.doFilterInternal(HeaderWriterFilter.java:75)
	at org.springframework.web.filter.OncePerRequestFilter.doFilter(OncePerRequestFilter.java:116)
	at org.springframework.security.web.ObservationFilterChainDecorator$ObservationFilter.wrapFilter(ObservationFilterChainDecorator.java:240)
	at org.springframework.security.web.ObservationFilterChainDecorator$ObservationFilter.doFilter(ObservationFilterChainDecorator.java:227)
	at org.springframework.security.web.ObservationFilterChainDecorator$VirtualFilterChain.doFilter(ObservationFilterChainDecorator.java:137)
	at org.springframework.security.web.context.SecurityContextHolderFilter.doFilter(SecurityContextHolderFilter.java:82)
	at org.springframework.security.web.context.SecurityContextHolderFilter.doFilter(SecurityContextHolderFilter.java:69)
	at org.springframework.security.web.ObservationFilterChainDecorator$ObservationFilter.wrapFilter(ObservationFilterChainDecorator.java:240)
	at org.springframework.security.web.ObservationFilterChainDecorator$ObservationFilter.doFilter(ObservationFilterChainDecorator.java:227)
	at org.springframework.security.web.ObservationFilterChainDecorator$VirtualFilterChain.doFilter(ObservationFilterChainDecorator.java:137)
	at org.springframework.security.web.context.request.async.WebAsyncManagerIntegrationFilter.doFilterInternal(WebAsyncManagerIntegrationFilter.java:62)
	at org.springframework.web.filter.OncePerRequestFilter.doFilter(OncePerRequestFilter.java:116)
	at org.springframework.security.web.ObservationFilterChainDecorator$ObservationFilter.wrapFilter(ObservationFilterChainDecorator.java:240)
	at org.springframework.security.web.ObservationFilterChainDecorator$ObservationFilter.doFilter(ObservationFilterChainDecorator.java:227)
	at org.springframework.security.web.ObservationFilterChainDecorator$VirtualFilterChain.doFilter(ObservationFilterChainDecorator.java:137)
	at org.springframework.security.web.session.DisableEncodeUrlFilter.doFilterInternal(DisableEncodeUrlFilter.java:42)
	at org.springframework.web.filter.OncePerRequestFilter.doFilter(OncePerRequestFilter.java:116)
	at org.springframework.security.web.ObservationFilterChainDecorator$ObservationFilter.wrapFilter(ObservationFilterChainDecorator.java:240)
	at org.springframework.security.web.ObservationFilterChainDecorator$AroundFilterObservation$SimpleAroundFilterObservation.lambda$wrap$0(ObservationFilterChainDecorator.java:323)
	at org.springframework.security.web.ObservationFilterChainDecorator$ObservationFilter.doFilter(ObservationFilterChainDecorator.java:224)
	at org.springframework.security.web.ObservationFilterChainDecorator$VirtualFilterChain.doFilter(ObservationFilterChainDecorator.java:137)
	at org.springframework.security.web.FilterChainProxy.doFilterInternal(FilterChainProxy.java:233)
	at org.springframework.security.web.FilterChainProxy.doFilter(FilterChainProxy.java:191)
	at org.springframework.web.filter.CompositeFilter$VirtualFilterChain.doFilter(CompositeFilter.java:113)
	at org.springframework.web.servlet.handler.HandlerMappingIntrospector.lambda$createCacheFilter$3(HandlerMappingIntrospector.java:243)
	at org.springframework.web.filter.CompositeFilter$VirtualFilterChain.doFilter(CompositeFilter.java:113)
	at org.springframework.web.filter.CompositeFilter.doFilter(CompositeFilter.java:74)
	at org.springframework.security.config.annotation.web.configuration.WebMvcSecurityConfiguration$CompositeFilterChainProxy.doFilter(WebMvcSecurityConfiguration.java:238)
	at org.springframework.web.filter.DelegatingFilterProxy.invokeDelegate(DelegatingFilterProxy.java:362)
	at org.springframework.web.filter.DelegatingFilterProxy.doFilter(DelegatingFilterProxy.java:278)
	at org.apache.catalina.core.ApplicationFilterChain.internalDoFilter(ApplicationFilterChain.java:164)
	at org.apache.catalina.core.ApplicationFilterChain.doFilter(ApplicationFilterChain.java:140)
	at org.springframework.web.filter.RequestContextFilter.doFilterInternal(RequestContextFilter.java:100)
	at org.springframework.web.filter.OncePerRequestFilter.doFilter(OncePerRequestFilter.java:116)
	at org.apache.catalina.core.ApplicationFilterChain.internalDoFilter(ApplicationFilterChain.java:164)
	at org.apache.catalina.core.ApplicationFilterChain.doFilter(ApplicationFilterChain.java:140)
	at org.springframework.web.filter.FormContentFilter.doFilterInternal(FormContentFilter.java:93)
	at org.springframework.web.filter.OncePerRequestFilter.doFilter(OncePerRequestFilter.java:116)
	at org.apache.catalina.core.ApplicationFilterChain.internalDoFilter(ApplicationFilterChain.java:164)
	at org.apache.catalina.core.ApplicationFilterChain.doFilter(ApplicationFilterChain.java:140)
	at org.springframework.web.filter.ServerHttpObservationFilter.doFilterInternal(ServerHttpObservationFilter.java:114)
	at org.springframework.web.filter.OncePerRequestFilter.doFilter(OncePerRequestFilter.java:116)
	at org.apache.catalina.core.ApplicationFilterChain.internalDoFilter(ApplicationFilterChain.java:164)
	at org.apache.catalina.core.ApplicationFilterChain.doFilter(ApplicationFilterChain.java:140)
	at org.springframework.web.filter.CharacterEncodingFilter.doFilterInternal(CharacterEncodingFilter.java:201)
	at org.springframework.web.filter.OncePerRequestFilter.doFilter(OncePerRequestFilter.java:116)
	at org.apache.catalina.core.ApplicationFilterChain.internalDoFilter(ApplicationFilterChain.java:164)
	at org.apache.catalina.core.ApplicationFilterChain.doFilter(ApplicationFilterChain.java:140)
	at org.apache.catalina.core.StandardWrapperValve.invoke(StandardWrapperValve.java:167)
	at org.apache.catalina.core.StandardContextValve.invoke(StandardContextValve.java:90)
	at org.apache.catalina.authenticator.AuthenticatorBase.invoke(AuthenticatorBase.java:483)
	at org.apache.catalina.core.StandardHostValve.invoke(StandardHostValve.java:115)
	at org.apache.catalina.valves.ErrorReportValve.invoke(ErrorReportValve.java:93)
	at org.apache.catalina.core.StandardEngineValve.invoke(StandardEngineValve.java:74)
	at org.apache.catalina.connector.CoyoteAdapter.service(CoyoteAdapter.java:344)
	at org.apache.coyote.http11.Http11Processor.service(Http11Processor.java:397)
	at org.apache.coyote.AbstractProcessorLight.process(AbstractProcessorLight.java:63)
	at org.apache.coyote.AbstractProtocol$ConnectionHandler.process(AbstractProtocol.java:905)
	at org.apache.tomcat.util.net.NioEndpoint$SocketProcessor.doRun(NioEndpoint.java:1741)
	at org.apache.tomcat.util.net.SocketProcessorBase.run(SocketProcessorBase.java:52)
	at org.apache.tomcat.util.threads.ThreadPoolExecutor.runWorker(ThreadPoolExecutor.java:1190)
	at org.apache.tomcat.util.threads.ThreadPoolExecutor$Worker.run(ThreadPoolExecutor.java:659)
	at org.apache.tomcat.util.threads.TaskThread$WrappingRunnable.run(TaskThread.java:63)
	at java.base/java.lang.Thread.run(Thread.java:840)
26-09-16 09:36:21.394 [http-nio-8080-exec-9] TRACE o.s.s.w.h.writers.HstsHeaderWriter - Not injecting HSTS header since it did not match request to [Is Secure]
26-09-16 09:43:01.952 [http-nio-8080-exec-10] TRACE o.s.security.web.FilterChainProxy - Trying to match request against DefaultSecurityFilterChain defined as 'filterChain' in [class path resource [com/sprint/mission/discodeit/config/SecurityConfig.class]] matching [any request] and having filters [DisableEncodeUrl, WebAsyncManagerIntegration, SecurityContextHolder, HeaderWriter, Csrf, Logout, UsernamePasswordAuthentication, DefaultResources, DefaultLoginPageGenerating, DefaultLogoutPageGenerating, RequestCacheAware, SecurityContextHolderAwareRequest, AnonymousAuthentication, ExceptionTranslation] (1/1)
26-09-16 09:43:01.954 [http-nio-8080-exec-10] DEBUG o.s.security.web.FilterChainProxy - Securing GET /api/auth/csrf-token
26-09-16 09:43:01.954 [http-nio-8080-exec-10] TRACE o.s.security.web.FilterChainProxy - Invoking DisableEncodeUrlFilter (1/14)
26-09-16 09:43:01.955 [http-nio-8080-exec-10] TRACE o.s.security.web.FilterChainProxy - Invoking WebAsyncManagerIntegrationFilter (2/14)
26-09-16 09:43:01.955 [http-nio-8080-exec-10] TRACE o.s.security.web.FilterChainProxy - Invoking SecurityContextHolderFilter (3/14)
26-09-16 09:43:01.955 [http-nio-8080-exec-10] TRACE o.s.security.web.FilterChainProxy - Invoking HeaderWriterFilter (4/14)
26-09-16 09:43:01.956 [http-nio-8080-exec-10] TRACE o.s.security.web.FilterChainProxy - Invoking CsrfFilter (5/14)
26-09-16 09:43:01.956 [http-nio-8080-exec-10] TRACE o.s.security.web.csrf.CsrfFilter - Did not protect against CSRF since request did not match CsrfNotRequired [TRACE, HEAD, GET, OPTIONS]
26-09-16 09:43:01.956 [http-nio-8080-exec-10] TRACE o.s.security.web.FilterChainProxy - Invoking LogoutFilter (6/14)
26-09-16 09:43:01.957 [http-nio-8080-exec-10] TRACE o.s.s.w.a.logout.LogoutFilter - Did not match request to Ant [pattern='/api/auth/logout', POST]
26-09-16 09:43:01.957 [http-nio-8080-exec-10] TRACE o.s.security.web.FilterChainProxy - Invoking UsernamePasswordAuthenticationFilter (7/14)
26-09-16 09:43:01.957 [http-nio-8080-exec-10] TRACE o.s.s.w.a.UsernamePasswordAuthenticationFilter - Did not match request to Ant [pattern='/api/auth/login', POST]
26-09-16 09:43:01.957 [http-nio-8080-exec-10] TRACE o.s.security.web.FilterChainProxy - Invoking DefaultResourcesFilter (8/14)
26-09-16 09:43:01.957 [http-nio-8080-exec-10] TRACE o.s.security.web.FilterChainProxy - Invoking DefaultLoginPageGeneratingFilter (9/14)
26-09-16 09:43:01.957 [http-nio-8080-exec-10] TRACE o.s.security.web.FilterChainProxy - Invoking DefaultLogoutPageGeneratingFilter (10/14)
26-09-16 09:43:01.957 [http-nio-8080-exec-10] TRACE o.s.s.w.a.u.DefaultLogoutPageGeneratingFilter - Did not render default logout page since request did not match [Ant [pattern='/logout', GET]]
26-09-16 09:43:01.957 [http-nio-8080-exec-10] TRACE o.s.security.web.FilterChainProxy - Invoking RequestCacheAwareFilter (11/14)
26-09-16 09:43:01.957 [http-nio-8080-exec-10] TRACE o.s.s.w.s.HttpSessionRequestCache - matchingRequestParameterName is required for getMatchingRequest to lookup a value, but not provided
26-09-16 09:43:01.957 [http-nio-8080-exec-10] TRACE o.s.security.web.FilterChainProxy - Invoking SecurityContextHolderAwareRequestFilter (12/14)
26-09-16 09:43:01.958 [http-nio-8080-exec-10] TRACE o.s.security.web.FilterChainProxy - Invoking AnonymousAuthenticationFilter (13/14)
26-09-16 09:43:01.958 [http-nio-8080-exec-10] TRACE o.s.security.web.FilterChainProxy - Invoking ExceptionTranslationFilter (14/14)
26-09-16 09:43:01.958 [http-nio-8080-exec-10] DEBUG o.s.security.web.FilterChainProxy - Secured GET /api/auth/csrf-token
26-09-16 09:43:01.969 [http-nio-8080-exec-10] TRACE o.s.s.w.c.HttpSessionSecurityContextRepository - No HttpSession currently exists
26-09-16 09:43:01.969 [http-nio-8080-exec-10] TRACE o.s.s.w.c.SupplierDeferredSecurityContext - Created SecurityContextImpl [Null authentication]
26-09-16 09:43:01.969 [http-nio-8080-exec-10] TRACE o.s.s.w.c.SupplierDeferredSecurityContext - Created SecurityContextImpl [Null authentication]
26-09-16 09:43:01.969 [http-nio-8080-exec-10] TRACE o.s.s.w.a.AnonymousAuthenticationFilter - Set SecurityContextHolder to AnonymousAuthenticationToken [Principal=anonymousUser, Credentials=[PROTECTED], Authenticated=true, Details=WebAuthenticationDetails [RemoteIpAddress=0:0:0:0:0:0:0:1, SessionId=null], Granted Authorities=[ROLE_ANONYMOUS]]
26-09-16 09:43:01.970 [http-nio-8080-exec-10] TRACE o.s.s.w.h.writers.HstsHeaderWriter - Not injecting HSTS header since it did not match request to [Is Secure]
26-09-16 09:43:13.617 [http-nio-8080-exec-1] TRACE o.s.security.web.FilterChainProxy - Trying to match request against DefaultSecurityFilterChain defined as 'filterChain' in [class path resource [com/sprint/mission/discodeit/config/SecurityConfig.class]] matching [any request] and having filters [DisableEncodeUrl, WebAsyncManagerIntegration, SecurityContextHolder, HeaderWriter, Csrf, Logout, UsernamePasswordAuthentication, DefaultResources, DefaultLoginPageGenerating, DefaultLogoutPageGenerating, RequestCacheAware, SecurityContextHolderAwareRequest, AnonymousAuthentication, ExceptionTranslation] (1/1)
26-09-16 09:43:13.618 [http-nio-8080-exec-1] DEBUG o.s.security.web.FilterChainProxy - Securing GET /api/auth/csrf-token
26-09-16 09:43:13.618 [http-nio-8080-exec-1] TRACE o.s.security.web.FilterChainProxy - Invoking DisableEncodeUrlFilter (1/14)
26-09-16 09:43:13.619 [http-nio-8080-exec-1] TRACE o.s.security.web.FilterChainProxy - Invoking WebAsyncManagerIntegrationFilter (2/14)
26-09-16 09:43:13.619 [http-nio-8080-exec-1] TRACE o.s.security.web.FilterChainProxy - Invoking SecurityContextHolderFilter (3/14)
26-09-16 09:43:13.619 [http-nio-8080-exec-1] TRACE o.s.security.web.FilterChainProxy - Invoking HeaderWriterFilter (4/14)
26-09-16 09:43:13.619 [http-nio-8080-exec-1] TRACE o.s.security.web.FilterChainProxy - Invoking CsrfFilter (5/14)
26-09-16 09:43:13.620 [http-nio-8080-exec-1] TRACE o.s.security.web.csrf.CsrfFilter - Did not protect against CSRF since request did not match CsrfNotRequired [TRACE, HEAD, GET, OPTIONS]
26-09-16 09:43:13.620 [http-nio-8080-exec-1] TRACE o.s.security.web.FilterChainProxy - Invoking LogoutFilter (6/14)
26-09-16 09:43:13.620 [http-nio-8080-exec-1] TRACE o.s.s.w.a.logout.LogoutFilter - Did not match request to Ant [pattern='/api/auth/logout', POST]
26-09-16 09:43:13.620 [http-nio-8080-exec-1] TRACE o.s.security.web.FilterChainProxy - Invoking UsernamePasswordAuthenticationFilter (7/14)
26-09-16 09:43:13.620 [http-nio-8080-exec-1] TRACE o.s.s.w.a.UsernamePasswordAuthenticationFilter - Did not match request to Ant [pattern='/api/auth/login', POST]
26-09-16 09:43:13.620 [http-nio-8080-exec-1] TRACE o.s.security.web.FilterChainProxy - Invoking DefaultResourcesFilter (8/14)
26-09-16 09:43:13.620 [http-nio-8080-exec-1] TRACE o.s.security.web.FilterChainProxy - Invoking DefaultLoginPageGeneratingFilter (9/14)
26-09-16 09:43:13.620 [http-nio-8080-exec-1] TRACE o.s.security.web.FilterChainProxy - Invoking DefaultLogoutPageGeneratingFilter (10/14)
26-09-16 09:43:13.620 [http-nio-8080-exec-1] TRACE o.s.s.w.a.u.DefaultLogoutPageGeneratingFilter - Did not render default logout page since request did not match [Ant [pattern='/logout', GET]]
26-09-16 09:43:13.620 [http-nio-8080-exec-1] TRACE o.s.security.web.FilterChainProxy - Invoking RequestCacheAwareFilter (11/14)
26-09-16 09:43:13.620 [http-nio-8080-exec-1] TRACE o.s.s.w.s.HttpSessionRequestCache - matchingRequestParameterName is required for getMatchingRequest to lookup a value, but not provided
26-09-16 09:43:13.620 [http-nio-8080-exec-1] TRACE o.s.security.web.FilterChainProxy - Invoking SecurityContextHolderAwareRequestFilter (12/14)
26-09-16 09:43:13.621 [http-nio-8080-exec-1] TRACE o.s.security.web.FilterChainProxy - Invoking AnonymousAuthenticationFilter (13/14)
26-09-16 09:43:13.621 [http-nio-8080-exec-1] TRACE o.s.security.web.FilterChainProxy - Invoking ExceptionTranslationFilter (14/14)
26-09-16 09:43:13.621 [http-nio-8080-exec-1] DEBUG o.s.security.web.FilterChainProxy - Secured GET /api/auth/csrf-token
26-09-16 09:43:13.627 [http-nio-8080-exec-1] TRACE o.s.s.w.c.HttpSessionSecurityContextRepository - No HttpSession currently exists
26-09-16 09:43:13.627 [http-nio-8080-exec-1] TRACE o.s.s.w.c.SupplierDeferredSecurityContext - Created SecurityContextImpl [Null authentication]
26-09-16 09:43:13.627 [http-nio-8080-exec-1] TRACE o.s.s.w.c.SupplierDeferredSecurityContext - Created SecurityContextImpl [Null authentication]
26-09-16 09:43:13.627 [http-nio-8080-exec-1] TRACE o.s.s.w.a.AnonymousAuthenticationFilter - Set SecurityContextHolder to AnonymousAuthenticationToken [Principal=anonymousUser, Credentials=[PROTECTED], Authenticated=true, Details=WebAuthenticationDetails [RemoteIpAddress=0:0:0:0:0:0:0:1, SessionId=null], Granted Authorities=[ROLE_ANONYMOUS]]
26-09-16 09:43:13.628 [http-nio-8080-exec-1] TRACE o.s.s.w.h.writers.HstsHeaderWriter - Not injecting HSTS header since it did not match request to [Is Secure]
26-09-16 09:43:30.769 [http-nio-8080-exec-2] TRACE o.s.security.web.FilterChainProxy - Trying to match request against DefaultSecurityFilterChain defined as 'filterChain' in [class path resource [com/sprint/mission/discodeit/config/SecurityConfig.class]] matching [any request] and having filters [DisableEncodeUrl, WebAsyncManagerIntegration, SecurityContextHolder, HeaderWriter, Csrf, Logout, UsernamePasswordAuthentication, DefaultResources, DefaultLoginPageGenerating, DefaultLogoutPageGenerating, RequestCacheAware, SecurityContextHolderAwareRequest, AnonymousAuthentication, ExceptionTranslation] (1/1)
26-09-16 09:43:30.770 [http-nio-8080-exec-2] DEBUG o.s.security.web.FilterChainProxy - Securing POST /api/auth/login
26-09-16 09:43:30.770 [http-nio-8080-exec-2] TRACE o.s.security.web.FilterChainProxy - Invoking DisableEncodeUrlFilter (1/14)
26-09-16 09:43:30.770 [http-nio-8080-exec-2] TRACE o.s.security.web.FilterChainProxy - Invoking WebAsyncManagerIntegrationFilter (2/14)
26-09-16 09:43:30.771 [http-nio-8080-exec-2] TRACE o.s.security.web.FilterChainProxy - Invoking SecurityContextHolderFilter (3/14)
26-09-16 09:43:30.772 [http-nio-8080-exec-2] TRACE o.s.security.web.FilterChainProxy - Invoking HeaderWriterFilter (4/14)
26-09-16 09:43:30.772 [http-nio-8080-exec-2] TRACE o.s.security.web.FilterChainProxy - Invoking CsrfFilter (5/14)
26-09-16 09:43:30.772 [http-nio-8080-exec-2] TRACE o.s.security.web.FilterChainProxy - Invoking LogoutFilter (6/14)
26-09-16 09:43:30.773 [http-nio-8080-exec-2] TRACE o.s.s.w.a.logout.LogoutFilter - Did not match request to Ant [pattern='/api/auth/logout', POST]
26-09-16 09:43:30.773 [http-nio-8080-exec-2] TRACE o.s.security.web.FilterChainProxy - Invoking UsernamePasswordAuthenticationFilter (7/14)
26-09-16 09:43:30.775 [http-nio-8080-exec-2] TRACE o.s.s.authentication.ProviderManager - Authenticating request with DaoAuthenticationProvider (1/1)
26-09-16 09:43:31.128 [http-nio-8080-exec-2] DEBUG o.s.s.a.d.DaoAuthenticationProvider - Authenticated user
26-09-16 09:43:31.130 [http-nio-8080-exec-2] TRACE o.s.s.w.a.s.CompositeSessionAuthenticationStrategy - Preparing session with ChangeSessionIdAuthenticationStrategy (1/2)
26-09-16 09:43:31.130 [http-nio-8080-exec-2] TRACE o.s.s.w.a.s.CompositeSessionAuthenticationStrategy - Preparing session with CsrfAuthenticationStrategy (2/2)
26-09-16 09:43:31.130 [http-nio-8080-exec-2] DEBUG o.s.s.w.c.CsrfAuthenticationStrategy - Replaced CSRF Token
26-09-16 09:43:31.131 [http-nio-8080-exec-2] DEBUG o.s.s.w.c.HttpSessionSecurityContextRepository - Stored SecurityContextImpl [Authentication=UsernamePasswordAuthenticationToken [Principal=com.sprint.mission.discodeit.security.DiscodeitUserDetails@3b084262, Credentials=[PROTECTED], Authenticated=true, Details=WebAuthenticationDetails [RemoteIpAddress=0:0:0:0:0:0:0:1, SessionId=null], Granted Authorities=[]]] to HttpSession [org.apache.catalina.session.StandardSessionFacade@4b531b2d]
26-09-16 09:43:31.131 [http-nio-8080-exec-2] DEBUG o.s.s.w.a.UsernamePasswordAuthenticationFilter - Set SecurityContextHolder to UsernamePasswordAuthenticationToken [Principal=com.sprint.mission.discodeit.security.DiscodeitUserDetails@3b084262, Credentials=[PROTECTED], Authenticated=true, Details=WebAuthenticationDetails [RemoteIpAddress=0:0:0:0:0:0:0:1, SessionId=null], Granted Authorities=[]]
26-09-16 09:43:31.135 [http-nio-8080-exec-2] TRACE o.s.s.w.h.writers.HstsHeaderWriter - Not injecting HSTS header since it did not match request to [Is Secure]
26-09-16 09:43:35.461 [http-nio-8080-exec-3] TRACE o.s.security.web.FilterChainProxy - Trying to match request against DefaultSecurityFilterChain defined as 'filterChain' in [class path resource [com/sprint/mission/discodeit/config/SecurityConfig.class]] matching [any request] and having filters [DisableEncodeUrl, WebAsyncManagerIntegration, SecurityContextHolder, HeaderWriter, Csrf, Logout, UsernamePasswordAuthentication, DefaultResources, DefaultLoginPageGenerating, DefaultLogoutPageGenerating, RequestCacheAware, SecurityContextHolderAwareRequest, AnonymousAuthentication, ExceptionTranslation] (1/1)
26-09-16 09:43:35.464 [http-nio-8080-exec-3] DEBUG o.s.security.web.FilterChainProxy - Securing GET /api/auth/me
26-09-16 09:43:35.464 [http-nio-8080-exec-3] TRACE o.s.security.web.FilterChainProxy - Invoking DisableEncodeUrlFilter (1/14)
26-09-16 09:43:35.464 [http-nio-8080-exec-3] TRACE o.s.security.web.FilterChainProxy - Invoking WebAsyncManagerIntegrationFilter (2/14)
26-09-16 09:43:35.465 [http-nio-8080-exec-3] TRACE o.s.security.web.FilterChainProxy - Invoking SecurityContextHolderFilter (3/14)
26-09-16 09:43:35.465 [http-nio-8080-exec-3] TRACE o.s.security.web.FilterChainProxy - Invoking HeaderWriterFilter (4/14)
26-09-16 09:43:35.465 [http-nio-8080-exec-3] TRACE o.s.security.web.FilterChainProxy - Invoking CsrfFilter (5/14)
26-09-16 09:43:35.466 [http-nio-8080-exec-3] TRACE o.s.security.web.csrf.CsrfFilter - Did not protect against CSRF since request did not match CsrfNotRequired [TRACE, HEAD, GET, OPTIONS]
26-09-16 09:43:35.466 [http-nio-8080-exec-3] TRACE o.s.security.web.FilterChainProxy - Invoking LogoutFilter (6/14)
26-09-16 09:43:35.466 [http-nio-8080-exec-3] TRACE o.s.s.w.a.logout.LogoutFilter - Did not match request to Ant [pattern='/api/auth/logout', POST]
26-09-16 09:43:35.466 [http-nio-8080-exec-3] TRACE o.s.security.web.FilterChainProxy - Invoking UsernamePasswordAuthenticationFilter (7/14)
26-09-16 09:43:35.466 [http-nio-8080-exec-3] TRACE o.s.s.w.a.UsernamePasswordAuthenticationFilter - Did not match request to Ant [pattern='/api/auth/login', POST]
26-09-16 09:43:35.466 [http-nio-8080-exec-3] TRACE o.s.security.web.FilterChainProxy - Invoking DefaultResourcesFilter (8/14)
26-09-16 09:43:35.466 [http-nio-8080-exec-3] TRACE o.s.security.web.FilterChainProxy - Invoking DefaultLoginPageGeneratingFilter (9/14)
26-09-16 09:43:35.466 [http-nio-8080-exec-3] TRACE o.s.security.web.FilterChainProxy - Invoking DefaultLogoutPageGeneratingFilter (10/14)
26-09-16 09:43:35.466 [http-nio-8080-exec-3] TRACE o.s.s.w.a.u.DefaultLogoutPageGeneratingFilter - Did not render default logout page since request did not match [Ant [pattern='/logout', GET]]
26-09-16 09:43:35.466 [http-nio-8080-exec-3] TRACE o.s.security.web.FilterChainProxy - Invoking RequestCacheAwareFilter (11/14)
26-09-16 09:43:35.467 [http-nio-8080-exec-3] TRACE o.s.s.w.s.HttpSessionRequestCache - matchingRequestParameterName is required for getMatchingRequest to lookup a value, but not provided
26-09-16 09:43:35.467 [http-nio-8080-exec-3] TRACE o.s.security.web.FilterChainProxy - Invoking SecurityContextHolderAwareRequestFilter (12/14)
26-09-16 09:43:35.467 [http-nio-8080-exec-3] TRACE o.s.security.web.FilterChainProxy - Invoking AnonymousAuthenticationFilter (13/14)
26-09-16 09:43:35.467 [http-nio-8080-exec-3] TRACE o.s.security.web.FilterChainProxy - Invoking ExceptionTranslationFilter (14/14)
26-09-16 09:43:35.468 [http-nio-8080-exec-3] DEBUG o.s.security.web.FilterChainProxy - Secured GET /api/auth/me
26-09-16 09:43:35.469 [http-nio-8080-exec-3] TRACE o.s.s.w.c.HttpSessionSecurityContextRepository - Retrieved SecurityContextImpl [Authentication=UsernamePasswordAuthenticationToken [Principal=com.sprint.mission.discodeit.security.DiscodeitUserDetails@3b084262, Credentials=[PROTECTED], Authenticated=true, Details=WebAuthenticationDetails [RemoteIpAddress=0:0:0:0:0:0:0:1, SessionId=null], Granted Authorities=[]]] from SPRING_SECURITY_CONTEXT
26-09-16 09:43:35.469 [http-nio-8080-exec-3] TRACE o.s.s.w.a.AnonymousAuthenticationFilter - Did not set SecurityContextHolder since already authenticated UsernamePasswordAuthenticationToken [Principal=com.sprint.mission.discodeit.security.DiscodeitUserDetails@3b084262, Credentials=[PROTECTED], Authenticated=true, Details=WebAuthenticationDetails [RemoteIpAddress=0:0:0:0:0:0:0:1, SessionId=null], Granted Authorities=[]]
26-09-16 09:43:35.484 [http-nio-8080-exec-3] TRACE o.s.s.w.h.writers.HstsHeaderWriter - Not injecting HSTS header since it did not match request to [Is Secure]
26-09-16 09:44:30.000 [SpringApplicationShutdownHook] INFO  o.s.b.w.e.tomcat.GracefulShutdown - Commencing graceful shutdown. Waiting for active requests to complete
26-09-16 09:44:30.014 [tomcat-shutdown] INFO  o.s.b.w.e.tomcat.GracefulShutdown - Graceful shutdown complete
26-09-16 09:44:30.112 [SpringApplicationShutdownHook] INFO  o.s.o.j.LocalContainerEntityManagerFactoryBean - Closing JPA EntityManagerFactory for persistence unit 'default'
26-09-16 09:44:30.140 [SpringApplicationShutdownHook] INFO  com.zaxxer.hikari.HikariDataSource - HikariPool-1 - Shutdown initiated...
26-09-16 09:44:30.164 [SpringApplicationShutdownHook] INFO  com.zaxxer.hikari.HikariDataSource - HikariPool-1 - Shutdown completed.
