26-08-15 20:02:36.176 [background-preinit] INFO  o.h.validator.internal.util.Version - HV000001: Hibernate Validator 8.0.1.Final
26-08-15 20:02:36.231 [Test worker] INFO  c.s.m.d.c.ChannelControllerTest - Starting ChannelControllerTest using Java 17.0.19 with PID 70981 (started by jangjunseo in /Users/jangjunseo/Desktop/codei_13th_develop/13-sprint-mission)
26-08-15 20:02:36.232 [Test worker] INFO  c.s.m.d.c.ChannelControllerTest - The following 1 profile is active: "dev"
26-08-15 20:02:37.651 [Test worker] INFO  o.s.b.a.w.s.WelcomePageHandlerMapping - Adding welcome page: class path resource [static/index.html]
26-08-15 20:02:38.189 [Test worker] INFO  o.s.b.t.m.w.SpringBootMockServletContext - Initializing Spring TestDispatcherServlet ''
26-08-15 20:02:38.189 [Test worker] INFO  o.s.t.w.s.TestDispatcherServlet - Initializing Servlet ''
26-08-15 20:02:38.191 [Test worker] INFO  o.s.t.w.s.TestDispatcherServlet - Completed initialization in 1 ms
26-08-15 20:02:38.236 [Test worker] INFO  c.s.m.d.c.ChannelControllerTest - Started ChannelControllerTest in 2.435 seconds (process running for 3.708)
26-08-15 20:02:38.570 [Test worker] INFO  c.s.m.d.controller.ChannelController - [Public 채널 생성 완료] channelId: b36e3c6b-a975-460a-a122-a4c8b2eeed62
26-08-15 20:02:38.666 [Test worker] WARN  c.s.m.d.e.GlobalExceptionHandler - [예외 발생] type=ChannelNotFoundException, code=CHANNEL_NOT_FOUND, message=존재하지 않는 채널입니다., details={channelId=50a34237-13ff-4f84-b5b5-ae5b696d62d7}
26-08-15 20:02:38.681 [Test worker] INFO  o.s.t.c.s.AnnotationConfigContextLoaderUtils - Could not detect default configuration classes for test class [com.sprint.mission.discodeit.controller.MessageControllerTest]: MessageControllerTest does not declare any static, non-private, non-final, nested classes annotated with @Configuration.
26-08-15 20:02:38.688 [Test worker] INFO  o.s.b.t.c.SpringBootTestContextBootstrapper - Found @SpringBootConfiguration com.sprint.mission.discodeit.DiscodeitApplication for test class com.sprint.mission.discodeit.controller.MessageControllerTest
26-08-15 20:02:38.717 [Test worker] INFO  c.s.m.d.c.MessageControllerTest - Starting MessageControllerTest using Java 17.0.19 with PID 70981 (started by jangjunseo in /Users/jangjunseo/Desktop/codei_13th_develop/13-sprint-mission)
26-08-15 20:02:38.717 [Test worker] INFO  c.s.m.d.c.MessageControllerTest - The following 1 profile is active: "dev"
26-08-15 20:02:38.887 [Test worker] INFO  o.s.b.a.w.s.WelcomePageHandlerMapping - Adding welcome page: class path resource [static/index.html]
26-08-15 20:02:38.934 [Test worker] INFO  o.s.b.t.m.w.SpringBootMockServletContext - Initializing Spring TestDispatcherServlet ''
26-08-15 20:02:38.934 [Test worker] INFO  o.s.t.w.s.TestDispatcherServlet - Initializing Servlet ''
26-08-15 20:02:38.935 [Test worker] INFO  o.s.t.w.s.TestDispatcherServlet - Completed initialization in 1 ms
26-08-15 20:02:38.941 [Test worker] INFO  c.s.m.d.c.MessageControllerTest - Started MessageControllerTest in 0.25 seconds (process running for 4.412)
26-08-15 20:02:38.954 [Test worker] WARN  c.s.m.d.e.GlobalExceptionHandler - [예외 발생] type=MessageNotFoundException, code=MESSAGE_NOT_FOUND, message=존재하지 않는 메시지입니다., details={messageId=f4aaccbf-7260-4e92-8308-c74c4b4afc1b}
26-08-15 20:02:39.028 [Test worker] INFO  c.s.m.d.controller.MessageController - [메시지 생성 완료] messageId: 41dca23b-4ce4-4354-abf9-77a953591542
26-08-15 20:02:39.058 [Test worker] INFO  o.s.t.c.s.AnnotationConfigContextLoaderUtils - Could not detect default configuration classes for test class [com.sprint.mission.discodeit.controller.UserControllerTest]: UserControllerTest does not declare any static, non-private, non-final, nested classes annotated with @Configuration.
26-08-15 20:02:39.074 [Test worker] INFO  o.s.b.t.c.SpringBootTestContextBootstrapper - Found @SpringBootConfiguration com.sprint.mission.discodeit.DiscodeitApplication for test class com.sprint.mission.discodeit.controller.UserControllerTest
26-08-15 20:02:39.130 [Test worker] INFO  c.s.m.d.c.UserControllerTest - Starting UserControllerTest using Java 17.0.19 with PID 70981 (started by jangjunseo in /Users/jangjunseo/Desktop/codei_13th_develop/13-sprint-mission)
26-08-15 20:02:39.130 [Test worker] INFO  c.s.m.d.c.UserControllerTest - The following 1 profile is active: "dev"
26-08-15 20:02:39.326 [Test worker] INFO  o.s.b.a.w.s.WelcomePageHandlerMapping - Adding welcome page: class path resource [static/index.html]
26-08-15 20:02:39.361 [Test worker] INFO  o.s.b.t.m.w.SpringBootMockServletContext - Initializing Spring TestDispatcherServlet ''
26-08-15 20:02:39.362 [Test worker] INFO  o.s.t.w.s.TestDispatcherServlet - Initializing Servlet ''
26-08-15 20:02:39.363 [Test worker] INFO  o.s.t.w.s.TestDispatcherServlet - Completed initialization in 1 ms
26-08-15 20:02:39.372 [Test worker] INFO  c.s.m.d.c.UserControllerTest - Started UserControllerTest in 0.281 seconds (process running for 4.843)
26-08-15 20:02:39.401 [Test worker] WARN  c.s.m.d.e.GlobalExceptionHandler - [예외 발생] type=DuplicateUsernameException, code=DUPLICATE_USERNAME, message=이미 사용중인 username입니다., details={username=duplicateUser}
26-08-15 20:02:39.411 [Test worker] INFO  c.s.m.d.controller.UserController - [User 생성 완료] userId: b4bde7b9-e993-40d7-b389-aff0233afc2b
26-08-15 20:02:39.422 [Test worker] INFO  o.s.t.c.s.AnnotationConfigContextLoaderUtils - Could not detect default configuration classes for test class [com.sprint.mission.discodeit.integration.ChannelIntegrationTest]: ChannelIntegrationTest does not declare any static, non-private, non-final, nested classes annotated with @Configuration.
26-08-15 20:02:39.433 [Test worker] INFO  o.s.b.t.c.SpringBootTestContextBootstrapper - Found @SpringBootConfiguration com.sprint.mission.discodeit.DiscodeitApplication for test class com.sprint.mission.discodeit.integration.ChannelIntegrationTest
26-08-15 20:02:39.461 [Test worker] INFO  c.s.m.d.i.ChannelIntegrationTest - Starting ChannelIntegrationTest using Java 17.0.19 with PID 70981 (started by jangjunseo in /Users/jangjunseo/Desktop/codei_13th_develop/13-sprint-mission)
26-08-15 20:02:39.462 [Test worker] INFO  c.s.m.d.i.ChannelIntegrationTest - The following 1 profile is active: "test"
26-08-15 20:02:40.094 [Test worker] INFO  o.s.d.r.c.RepositoryConfigurationDelegate - Bootstrapping Spring Data JPA repositories in DEFAULT mode.
26-08-15 20:02:40.149 [Test worker] INFO  o.s.d.r.c.RepositoryConfigurationDelegate - Finished Spring Data repository scanning in 43 ms. Found 6 JPA repository interfaces.
26-08-15 20:02:40.736 [Test worker] INFO  o.h.jpa.internal.util.LogHelper - HHH000204: Processing PersistenceUnitInfo [name: default]
26-08-15 20:02:40.812 [Test worker] INFO  org.hibernate.Version - HHH000412: Hibernate ORM core version 6.6.2.Final
26-08-15 20:02:40.849 [Test worker] INFO  o.h.c.i.RegionFactoryInitiator - HHH000026: Second-level cache disabled
26-08-15 20:02:40.990 [Test worker] INFO  o.s.o.j.p.SpringPersistenceUnitInfo - No LoadTimeWeaver setup: ignoring JPA class transformer
26-08-15 20:02:41.022 [Test worker] INFO  com.zaxxer.hikari.HikariDataSource - HikariPool-1 - Starting...
26-08-15 20:02:41.501 [Test worker] INFO  com.zaxxer.hikari.pool.HikariPool - HikariPool-1 - Added connection conn0: url=jdbc:h2:mem:testdb user=SA
26-08-15 20:02:41.503 [Test worker] INFO  com.zaxxer.hikari.HikariDataSource - HikariPool-1 - Start completed.
26-08-15 20:02:41.601 [Test worker] INFO  o.hibernate.orm.connections.pooling - HHH10001005: Database info:
	Database JDBC URL [Connecting through datasource 'HikariDataSource (HikariPool-1)']
	Database driver: undefined/unknown
	Database version: 2.3.232
	Autocommit mode: undefined/unknown
	Isolation level: undefined/unknown
	Minimum pool size: undefined/unknown
	Maximum pool size: undefined/unknown
26-08-15 20:02:42.555 [Test worker] INFO  o.h.e.t.j.p.i.JtaPlatformInitiator - HHH000489: No JTA platform available (set 'hibernate.transaction.jta.platform' to enable JTA platform integration)
26-08-15 20:02:42.568 [Test worker] DEBUG org.hibernate.SQL - 
    drop table if exists binary_contents cascade 
26-08-15 20:02:42.572 [Test worker] DEBUG org.hibernate.SQL - 
    drop table if exists channels cascade 
26-08-15 20:02:42.572 [Test worker] DEBUG org.hibernate.SQL - 
    drop table if exists message_attachments cascade 
26-08-15 20:02:42.572 [Test worker] DEBUG org.hibernate.SQL - 
    drop table if exists messages cascade 
26-08-15 20:02:42.572 [Test worker] DEBUG org.hibernate.SQL - 
    drop table if exists read_statuses cascade 
26-08-15 20:02:42.573 [Test worker] DEBUG org.hibernate.SQL - 
    drop table if exists user_statuses cascade 
26-08-15 20:02:42.573 [Test worker] DEBUG org.hibernate.SQL - 
    drop table if exists users cascade 
26-08-15 20:02:42.577 [Test worker] DEBUG org.hibernate.SQL - 
    create table binary_contents (
        created_at timestamp(6) with time zone,
        size bigint not null,
        id uuid not null,
        content_type varchar(255),
        file_name varchar(255),
        primary key (id)
    )
26-08-15 20:02:42.584 [Test worker] DEBUG org.hibernate.SQL - 
    create table channels (
        created_at timestamp(6) with time zone,
        id uuid not null,
        description varchar(255),
        name varchar(255),
        type enum ('PRIVATE','PUBLIC'),
        primary key (id)
    )
26-08-15 20:02:42.586 [Test worker] DEBUG org.hibernate.SQL - 
    create table message_attachments (
        attachment_id uuid not null,
        message_id uuid not null
    )
26-08-15 20:02:42.587 [Test worker] DEBUG org.hibernate.SQL - 
    create table messages (
        created_at timestamp(6) with time zone,
        author_id uuid,
        channel_id uuid,
        id uuid not null,
        content varchar(255),
        primary key (id)
    )
26-08-15 20:02:42.588 [Test worker] DEBUG org.hibernate.SQL - 
    create table read_statuses (
        created_at timestamp(6) with time zone,
        last_read_at timestamp(6) with time zone,
        channel_id uuid,
        id uuid not null,
        user_id uuid,
        primary key (id)
    )
26-08-15 20:02:42.590 [Test worker] DEBUG org.hibernate.SQL - 
    create table user_statuses (
        created_at timestamp(6) with time zone,
        last_active_at timestamp(6) with time zone,
        id uuid not null,
        user_id uuid unique,
        primary key (id)
    )
26-08-15 20:02:42.592 [Test worker] DEBUG org.hibernate.SQL - 
    create table users (
        created_at timestamp(6) with time zone,
        id uuid not null,
        profile_id uuid unique,
        email varchar(255),
        password varchar(255),
        username varchar(255),
        primary key (id)
    )
26-08-15 20:02:42.594 [Test worker] DEBUG org.hibernate.SQL - 
    alter table if exists message_attachments 
       add constraint FKsd1m8rb8jcpbcnb7rpdue7ctc 
       foreign key (attachment_id) 
       references binary_contents
26-08-15 20:02:42.611 [Test worker] DEBUG org.hibernate.SQL - 
    alter table if exists message_attachments 
       add constraint FKj7twd218e2gqw9cmlhwvo1rth 
       foreign key (message_id) 
       references messages
26-08-15 20:02:42.613 [Test worker] DEBUG org.hibernate.SQL - 
    alter table if exists messages 
       add constraint FKowtlim26svclkatusptbgi7u1 
       foreign key (author_id) 
       references users
26-08-15 20:02:42.614 [Test worker] DEBUG org.hibernate.SQL - 
    alter table if exists messages 
       add constraint FK3u3ckbhwq9se1cmopk2pq05b2 
       foreign key (channel_id) 
       references channels
26-08-15 20:02:42.616 [Test worker] DEBUG org.hibernate.SQL - 
    alter table if exists read_statuses 
       add constraint FKa38ri44ml4gfdpklx4ahqr8gd 
       foreign key (channel_id) 
       references channels
26-08-15 20:02:42.617 [Test worker] DEBUG org.hibernate.SQL - 
    alter table if exists read_statuses 
       add constraint FKml3k4wr9sj5yxrmj6d0aoib2e 
       foreign key (user_id) 
       references users
26-08-15 20:02:42.619 [Test worker] DEBUG org.hibernate.SQL - 
    alter table if exists user_statuses 
       add constraint FK4lfl3ei2ubchgcxrrpo3pw4mm 
       foreign key (user_id) 
       references users
26-08-15 20:02:42.620 [Test worker] DEBUG org.hibernate.SQL - 
    alter table if exists users 
       add constraint FKtbudycgrip49xdptogmhfqnso 
       foreign key (profile_id) 
       references binary_contents
26-08-15 20:02:42.624 [Test worker] INFO  o.s.o.j.LocalContainerEntityManagerFactoryBean - Initialized JPA EntityManagerFactory for persistence unit 'default'
26-08-15 20:02:43.420 [Test worker] INFO  o.s.b.a.w.s.WelcomePageHandlerMapping - Adding welcome page: class path resource [static/index.html]
26-08-15 20:02:43.930 [Test worker] INFO  o.s.b.t.m.w.SpringBootMockServletContext - Initializing Spring TestDispatcherServlet ''
26-08-15 20:02:43.930 [Test worker] INFO  o.s.t.w.s.TestDispatcherServlet - Initializing Servlet ''
26-08-15 20:02:43.935 [Test worker] INFO  o.s.b.a.e.web.EndpointLinksResolver - Exposing 4 endpoints beneath base path '/actuator'
26-08-15 20:02:43.949 [Test worker] INFO  o.s.t.w.s.TestDispatcherServlet - Completed initialization in 19 ms
26-08-15 20:02:43.995 [Test worker] INFO  c.s.m.d.i.ChannelIntegrationTest - Started ChannelIntegrationTest in 4.558 seconds (process running for 9.466)
26-08-15 20:02:44.053 [Test worker] INFO  c.s.m.d.s.basic.BasicChannelService - PUBLIC 채널 생성 요청 - name: 통합테스트채널
26-08-15 20:02:44.183 [Test worker] DEBUG org.hibernate.SQL - 
    /* <criteria> */ select
        m1_0.id,
        m1_0.author_id,
        m1_0.channel_id,
        m1_0.content,
        m1_0.created_at 
    from
        messages m1_0 
    where
        m1_0.channel_id=? 
    order by
        m1_0.created_at desc 
    fetch
        first ? rows only
26-08-15 20:02:44.189 [Test worker] TRACE org.hibernate.orm.jdbc.bind - binding parameter (1:UUID) <- [158cd9f0-073e-40aa-b259-1b697641bb2a]
26-08-15 20:02:44.196 [Test worker] TRACE org.hibernate.orm.jdbc.bind - binding parameter (2:INTEGER) <- [1]
26-08-15 20:02:44.229 [Test worker] INFO  c.s.m.d.s.basic.BasicChannelService - PUBLIC 채널 생성 완료 - channelId: 158cd9f0-073e-40aa-b259-1b697641bb2a
26-08-15 20:02:44.229 [Test worker] INFO  c.s.m.d.controller.ChannelController - [Public 채널 생성 완료] channelId: 158cd9f0-073e-40aa-b259-1b697641bb2a
26-08-15 20:02:44.242 [Test worker] DEBUG org.hibernate.SQL - 
    /* insert for
        com.sprint.mission.discodeit.entity.Channel */insert 
    into
        channels (created_at, description, name, type, id) 
    values
        (?, ?, ?, ?, ?)
26-08-15 20:02:44.244 [Test worker] TRACE org.hibernate.orm.jdbc.bind - binding parameter (1:TIMESTAMP_UTC) <- [2026-08-15T11:02:44.068256Z]
26-08-15 20:02:44.244 [Test worker] TRACE org.hibernate.orm.jdbc.bind - binding parameter (2:VARCHAR) <- [설명]
26-08-15 20:02:44.245 [Test worker] TRACE org.hibernate.orm.jdbc.bind - binding parameter (3:VARCHAR) <- [통합테스트채널]
26-08-15 20:02:44.245 [Test worker] TRACE org.hibernate.orm.jdbc.bind - binding parameter (4:ENUM) <- [PUBLIC]
26-08-15 20:02:44.245 [Test worker] TRACE org.hibernate.orm.jdbc.bind - binding parameter (5:UUID) <- [158cd9f0-073e-40aa-b259-1b697641bb2a]
26-08-15 20:02:44.247 [Test worker] DEBUG org.hibernate.SQL - 
    /* <criteria> */ select
        c1_0.id,
        c1_0.created_at,
        c1_0.description,
        c1_0.name,
        c1_0.type 
    from
        channels c1_0
26-08-15 20:02:44.298 [Test worker] INFO  c.s.m.d.s.basic.BasicChannelService - 채널 삭제 요청 - channelId: 2fc925f4-1ca7-4223-8c17-5a1eaa0c8834
26-08-15 20:02:44.550 [Test worker] DEBUG org.hibernate.SQL - 
    /* insert for
        com.sprint.mission.discodeit.entity.Channel */insert 
    into
        channels (created_at, description, name, type, id) 
    values
        (?, ?, ?, ?, ?)
26-08-15 20:02:44.551 [Test worker] TRACE org.hibernate.orm.jdbc.bind - binding parameter (1:TIMESTAMP_UTC) <- [2026-08-15T11:02:44.297476Z]
26-08-15 20:02:44.551 [Test worker] TRACE org.hibernate.orm.jdbc.bind - binding parameter (2:VARCHAR) <- [설명]
26-08-15 20:02:44.551 [Test worker] TRACE org.hibernate.orm.jdbc.bind - binding parameter (3:VARCHAR) <- [삭제할채널]
26-08-15 20:02:44.551 [Test worker] TRACE org.hibernate.orm.jdbc.bind - binding parameter (4:ENUM) <- [PUBLIC]
26-08-15 20:02:44.551 [Test worker] TRACE org.hibernate.orm.jdbc.bind - binding parameter (5:UUID) <- [2fc925f4-1ca7-4223-8c17-5a1eaa0c8834]
26-08-15 20:02:44.552 [Test worker] DEBUG org.hibernate.SQL - 
    /* select
        count(*) 
    from
        Channel x 
    WHERE
        x.id = :id */ select
            count(*) 
        from
            channels c1_0 
        where
            c1_0.id=?
26-08-15 20:02:44.553 [Test worker] TRACE org.hibernate.orm.jdbc.bind - binding parameter (1:UUID) <- [2fc925f4-1ca7-4223-8c17-5a1eaa0c8834]
26-08-15 20:02:44.562 [Test worker] INFO  c.s.m.d.s.basic.BasicChannelService - 채널 삭제 완료 - channelId: 2fc925f4-1ca7-4223-8c17-5a1eaa0c8834
26-08-15 20:02:44.563 [Test worker] INFO  c.s.m.d.controller.ChannelController - [채널 삭제 완료] channelId: 2fc925f4-1ca7-4223-8c17-5a1eaa0c8834
26-08-15 20:02:44.576 [Test worker] INFO  c.s.m.d.s.basic.BasicChannelService - 채널 수정 요청 - channelId: 58808094-4d80-4e77-9a06-ebed0048c786
26-08-15 20:02:44.577 [Test worker] INFO  c.s.m.d.s.basic.BasicChannelService - 채널 수정 완료 - channelId: 58808094-4d80-4e77-9a06-ebed0048c786
26-08-15 20:02:44.583 [Test worker] DEBUG org.hibernate.SQL - 
    /* <criteria> */ select
        m1_0.id,
        m1_0.author_id,
        m1_0.channel_id,
        m1_0.content,
        m1_0.created_at 
    from
        messages m1_0 
    where
        m1_0.channel_id=? 
    order by
        m1_0.created_at desc 
    fetch
        first ? rows only
26-08-15 20:02:44.584 [Test worker] TRACE org.hibernate.orm.jdbc.bind - binding parameter (1:UUID) <- [58808094-4d80-4e77-9a06-ebed0048c786]
26-08-15 20:02:44.584 [Test worker] TRACE org.hibernate.orm.jdbc.bind - binding parameter (2:INTEGER) <- [1]
26-08-15 20:02:44.585 [Test worker] INFO  c.s.m.d.controller.ChannelController - [채널 수정 완료] channelId: 58808094-4d80-4e77-9a06-ebed0048c786
26-08-15 20:02:44.592 [Test worker] INFO  o.s.t.c.s.AnnotationConfigContextLoaderUtils - Could not detect default configuration classes for test class [com.sprint.mission.discodeit.integration.MessageIntegrationTest]: MessageIntegrationTest does not declare any static, non-private, non-final, nested classes annotated with @Configuration.
26-08-15 20:02:44.597 [Test worker] INFO  o.s.b.t.c.SpringBootTestContextBootstrapper - Found @SpringBootConfiguration com.sprint.mission.discodeit.DiscodeitApplication for test class com.sprint.mission.discodeit.integration.MessageIntegrationTest
26-08-15 20:02:44.624 [Test worker] INFO  c.s.m.d.s.basic.BasicMessageService - 메시지 수정 요청 - messageId: fd643849-a3b6-43d0-95f7-a6bb1d008991
26-08-15 20:02:44.626 [Test worker] INFO  c.s.m.d.s.basic.BasicMessageService - 메시지 수정 완료 - messageId: fd643849-a3b6-43d0-95f7-a6bb1d008991
26-08-15 20:02:44.628 [Test worker] INFO  c.s.m.d.controller.MessageController - [메시지 수정 완료] messageId: fd643849-a3b6-43d0-95f7-a6bb1d008991
26-08-15 20:02:44.648 [Test worker] INFO  c.s.m.d.s.basic.BasicMessageService - 채널 메시지 목록 조회 요청 - channelId: 9dc8a29e-09a7-46ac-9496-c829f19e9b3c
26-08-15 20:02:44.660 [Test worker] DEBUG org.hibernate.SQL - 
    /* insert for
        com.sprint.mission.discodeit.entity.User */insert 
    into
        users (created_at, email, password, profile_id, username, id) 
    values
        (?, ?, ?, ?, ?, ?)
26-08-15 20:02:44.661 [Test worker] TRACE org.hibernate.orm.jdbc.bind - binding parameter (1:TIMESTAMP_UTC) <- [2026-08-15T11:02:44.647178Z]
26-08-15 20:02:44.661 [Test worker] TRACE org.hibernate.orm.jdbc.bind - binding parameter (2:VARCHAR) <- [listauthor@example.com]
26-08-15 20:02:44.661 [Test worker] TRACE org.hibernate.orm.jdbc.bind - binding parameter (3:VARCHAR) <- [password1234!]
26-08-15 20:02:44.661 [Test worker] TRACE org.hibernate.orm.jdbc.bind - binding parameter (4:UUID) <- [null]
26-08-15 20:02:44.661 [Test worker] TRACE org.hibernate.orm.jdbc.bind - binding parameter (5:VARCHAR) <- [listAuthor]
26-08-15 20:02:44.661 [Test worker] TRACE org.hibernate.orm.jdbc.bind - binding parameter (6:UUID) <- [96514e2d-31be-40ca-b995-cfb39b410cae]
26-08-15 20:02:44.662 [Test worker] DEBUG org.hibernate.SQL - 
    /* insert for
        com.sprint.mission.discodeit.entity.Channel */insert 
    into
        channels (created_at, description, name, type, id) 
    values
        (?, ?, ?, ?, ?)
26-08-15 20:02:44.662 [Test worker] TRACE org.hibernate.orm.jdbc.bind - binding parameter (1:TIMESTAMP_UTC) <- [2026-08-15T11:02:44.647562Z]
26-08-15 20:02:44.662 [Test worker] TRACE org.hibernate.orm.jdbc.bind - binding parameter (2:VARCHAR) <- [설명]
26-08-15 20:02:44.663 [Test worker] TRACE org.hibernate.orm.jdbc.bind - binding parameter (3:VARCHAR) <- [채널3]
26-08-15 20:02:44.663 [Test worker] TRACE org.hibernate.orm.jdbc.bind - binding parameter (4:ENUM) <- [PUBLIC]
26-08-15 20:02:44.663 [Test worker] TRACE org.hibernate.orm.jdbc.bind - binding parameter (5:UUID) <- [9dc8a29e-09a7-46ac-9496-c829f19e9b3c]
26-08-15 20:02:44.663 [Test worker] DEBUG org.hibernate.SQL - 
    /* insert for
        com.sprint.mission.discodeit.entity.Message */insert 
    into
        messages (author_id, channel_id, content, created_at, id) 
    values
        (?, ?, ?, ?, ?)
26-08-15 20:02:44.663 [Test worker] TRACE org.hibernate.orm.jdbc.bind - binding parameter (1:UUID) <- [96514e2d-31be-40ca-b995-cfb39b410cae]
26-08-15 20:02:44.663 [Test worker] TRACE org.hibernate.orm.jdbc.bind - binding parameter (2:UUID) <- [9dc8a29e-09a7-46ac-9496-c829f19e9b3c]
26-08-15 20:02:44.664 [Test worker] TRACE org.hibernate.orm.jdbc.bind - binding parameter (3:VARCHAR) <- [메시지1]
26-08-15 20:02:44.664 [Test worker] TRACE org.hibernate.orm.jdbc.bind - binding parameter (4:TIMESTAMP_UTC) <- [2026-08-15T11:02:44.647787Z]
26-08-15 20:02:44.664 [Test worker] TRACE org.hibernate.orm.jdbc.bind - binding parameter (5:UUID) <- [e1f90338-59ce-408c-81a8-7945f6989676]
26-08-15 20:02:44.667 [Test worker] DEBUG org.hibernate.SQL - 
    /* <criteria> */ select
        m1_0.id,
        a1_0.id,
        a1_0.created_at,
        a1_0.email,
        a1_0.password,
        p1_0.id,
        p1_0.content_type,
        p1_0.created_at,
        p1_0.file_name,
        p1_0.size,
        a1_0.username,
        us1_0.id,
        us1_0.created_at,
        us1_0.last_active_at,
        c2_0.id,
        c2_0.created_at,
        c2_0.description,
        c2_0.name,
        c2_0.type,
        m1_0.content,
        m1_0.created_at 
    from
        messages m1_0 
    left join
        users a1_0 
            on a1_0.id=m1_0.author_id 
    left join
        binary_contents p1_0 
            on p1_0.id=a1_0.profile_id 
    left join
        user_statuses us1_0 
            on a1_0.id=us1_0.user_id 
    left join
        channels c2_0 
            on c2_0.id=m1_0.channel_id 
    where
        m1_0.channel_id=? 
    order by
        m1_0.created_at desc 
    fetch
        first ? rows only
26-08-15 20:02:44.668 [Test worker] TRACE org.hibernate.orm.jdbc.bind - binding parameter (1:UUID) <- [9dc8a29e-09a7-46ac-9496-c829f19e9b3c]
26-08-15 20:02:44.668 [Test worker] TRACE org.hibernate.orm.jdbc.bind - binding parameter (2:INTEGER) <- [51]
26-08-15 20:02:44.671 [Test worker] INFO  c.s.m.d.s.basic.BasicMessageService - 채널 메시지 목록 조회 완료 - 페이지: 0, 다음 페이지 여부: false
26-08-15 20:02:44.681 [Test worker] INFO  c.s.m.d.s.basic.BasicMessageService - 메시지 삭제 요청 - messageId: e7a05c7c-e1bb-4c85-8edc-ae2bc0532ee0
26-08-15 20:02:44.682 [Test worker] INFO  c.s.m.d.s.basic.BasicMessageService - 메시지 삭제 완료 - messageId: e7a05c7c-e1bb-4c85-8edc-ae2bc0532ee0
26-08-15 20:02:44.682 [Test worker] INFO  c.s.m.d.controller.MessageController - [메시지 삭제 완료] messageId: e7a05c7c-e1bb-4c85-8edc-ae2bc0532ee0
26-08-15 20:02:44.695 [Test worker] INFO  c.s.m.d.s.basic.BasicMessageService - 메시지 생성 요청 - channelId: 927d8c16-9cd4-423d-83a8-5737e18217b1, authorId: 252bb720-3e00-4552-95ee-1f698bb76ec0
26-08-15 20:02:44.699 [Test worker] DEBUG org.hibernate.SQL - 
    /* <criteria> */ select
        bc1_0.id,
        bc1_0.content_type,
        bc1_0.created_at,
        bc1_0.file_name,
        bc1_0.size 
    from
        binary_contents bc1_0 
    where
        bc1_0.id in (?)
26-08-15 20:02:44.700 [Test worker] TRACE org.hibernate.orm.jdbc.bind - binding parameter (1:UUID) <- [null]
26-08-15 20:02:44.700 [Test worker] INFO  c.s.m.d.s.basic.BasicMessageService - 메시지 생성 완료 - messageId: 1979c243-ca63-4411-bb53-65eed6505cc7
26-08-15 20:02:44.701 [Test worker] INFO  c.s.m.d.controller.MessageController - [메시지 생성 완료] messageId: 1979c243-ca63-4411-bb53-65eed6505cc7
26-08-15 20:02:44.705 [Test worker] INFO  o.s.t.c.s.AnnotationConfigContextLoaderUtils - Could not detect default configuration classes for test class [com.sprint.mission.discodeit.integration.UserIntegrationTest]: UserIntegrationTest does not declare any static, non-private, non-final, nested classes annotated with @Configuration.
26-08-15 20:02:44.706 [Test worker] INFO  o.s.b.t.c.SpringBootTestContextBootstrapper - Found @SpringBootConfiguration com.sprint.mission.discodeit.DiscodeitApplication for test class com.sprint.mission.discodeit.integration.UserIntegrationTest
26-08-15 20:02:44.711 [Test worker] INFO  c.s.m.d.s.basic.BasicUserService - 유저 삭제 요청 - userId: e2fe4630-74fc-455c-9f5d-17f6f99ce16b
26-08-15 20:02:44.712 [Test worker] INFO  c.s.m.d.s.basic.BasicUserService - 유저 삭제 완료 - userId: e2fe4630-74fc-455c-9f5d-17f6f99ce16b
26-08-15 20:02:44.713 [Test worker] INFO  c.s.m.d.controller.UserController - [User 삭제 완료] userId: e2fe4630-74fc-455c-9f5d-17f6f99ce16b
26-08-15 20:02:44.718 [Test worker] INFO  c.s.m.d.s.basic.BasicUserService - 유저 전체 조회 요청
26-08-15 20:02:44.720 [Test worker] DEBUG org.hibernate.SQL - 
    /* insert for
        com.sprint.mission.discodeit.entity.User */insert 
    into
        users (created_at, email, password, profile_id, username, id) 
    values
        (?, ?, ?, ?, ?, ?)
26-08-15 20:02:44.721 [Test worker] TRACE org.hibernate.orm.jdbc.bind - binding parameter (1:TIMESTAMP_UTC) <- [2026-08-15T11:02:44.718196Z]
26-08-15 20:02:44.721 [Test worker] TRACE org.hibernate.orm.jdbc.bind - binding parameter (2:VARCHAR) <- [listuser@example.com]
26-08-15 20:02:44.721 [Test worker] TRACE org.hibernate.orm.jdbc.bind - binding parameter (3:VARCHAR) <- [password1234!]
26-08-15 20:02:44.721 [Test worker] TRACE org.hibernate.orm.jdbc.bind - binding parameter (4:UUID) <- [null]
26-08-15 20:02:44.721 [Test worker] TRACE org.hibernate.orm.jdbc.bind - binding parameter (5:VARCHAR) <- [listUser]
26-08-15 20:02:44.721 [Test worker] TRACE org.hibernate.orm.jdbc.bind - binding parameter (6:UUID) <- [929ea049-194e-4eab-bf7e-4d2f46f02c76]
26-08-15 20:02:44.722 [Test worker] DEBUG org.hibernate.SQL - 
    /* <criteria> */ select
        u1_0.id,
        u1_0.created_at,
        u1_0.email,
        u1_0.password,
        p1_0.id,
        p1_0.content_type,
        p1_0.created_at,
        p1_0.file_name,
        p1_0.size,
        u1_0.username,
        us1_0.id,
        us1_0.created_at,
        us1_0.last_active_at 
    from
        users u1_0 
    left join
        binary_contents p1_0 
            on p1_0.id=u1_0.profile_id 
    left join
        user_statuses us1_0 
            on u1_0.id=us1_0.user_id
26-08-15 20:02:44.723 [Test worker] INFO  c.s.m.d.s.basic.BasicUserService - 유저 전체 조회 완료 - 유저 수: 1
26-08-15 20:02:44.736 [Test worker] INFO  c.s.m.d.s.basic.BasicUserService - 유저 생성 요청 - username: integrationUser, email: integration@example.com
26-08-15 20:02:44.738 [Test worker] DEBUG org.hibernate.SQL - 
    /* <criteria> */ select
        u1_0.id,
        u1_0.created_at,
        u1_0.email,
        u1_0.password,
        u1_0.profile_id,
        u1_0.username 
    from
        users u1_0 
    where
        u1_0.username=?
26-08-15 20:02:44.738 [Test worker] TRACE org.hibernate.orm.jdbc.bind - binding parameter (1:VARCHAR) <- [integrationUser]
26-08-15 20:02:44.740 [Test worker] DEBUG org.hibernate.SQL - 
    /* <criteria> */ select
        u1_0.id,
        u1_0.created_at,
        u1_0.email,
        u1_0.password,
        u1_0.profile_id,
        u1_0.username 
    from
        users u1_0 
    where
        u1_0.email=?
26-08-15 20:02:44.741 [Test worker] TRACE org.hibernate.orm.jdbc.bind - binding parameter (1:VARCHAR) <- [integration@example.com]
26-08-15 20:02:44.744 [Test worker] INFO  c.s.m.d.s.basic.BasicUserService - 유저 생성 완료 - userId: 368d1bcd-54a6-4b78-b339-28ea07fa3c83
26-08-15 20:02:44.744 [Test worker] INFO  c.s.m.d.controller.UserController - [User 생성 완료] userId: 368d1bcd-54a6-4b78-b339-28ea07fa3c83
26-08-15 20:02:44.747 [Test worker] DEBUG org.hibernate.SQL - 
    /* insert for
        com.sprint.mission.discodeit.entity.User */insert 
    into
        users (created_at, email, password, profile_id, username, id) 
    values
        (?, ?, ?, ?, ?, ?)
26-08-15 20:02:44.747 [Test worker] TRACE org.hibernate.orm.jdbc.bind - binding parameter (1:TIMESTAMP_UTC) <- [2026-08-15T11:02:44.741910Z]
26-08-15 20:02:44.747 [Test worker] TRACE org.hibernate.orm.jdbc.bind - binding parameter (2:VARCHAR) <- [integration@example.com]
26-08-15 20:02:44.748 [Test worker] TRACE org.hibernate.orm.jdbc.bind - binding parameter (3:VARCHAR) <- [password1234!]
26-08-15 20:02:44.748 [Test worker] TRACE org.hibernate.orm.jdbc.bind - binding parameter (4:UUID) <- [null]
26-08-15 20:02:44.748 [Test worker] TRACE org.hibernate.orm.jdbc.bind - binding parameter (5:VARCHAR) <- [integrationUser]
26-08-15 20:02:44.748 [Test worker] TRACE org.hibernate.orm.jdbc.bind - binding parameter (6:UUID) <- [368d1bcd-54a6-4b78-b339-28ea07fa3c83]
26-08-15 20:02:44.748 [Test worker] DEBUG org.hibernate.SQL - 
    /* insert for
        com.sprint.mission.discodeit.entity.UserStatus */insert 
    into
        user_statuses (created_at, last_active_at, user_id, id) 
    values
        (?, ?, ?, ?)
26-08-15 20:02:44.748 [Test worker] TRACE org.hibernate.orm.jdbc.bind - binding parameter (1:TIMESTAMP_UTC) <- [2026-08-15T11:02:44.742659Z]
26-08-15 20:02:44.748 [Test worker] TRACE org.hibernate.orm.jdbc.bind - binding parameter (2:TIMESTAMP_UTC) <- [2026-08-15T11:02:44.742086Z]
26-08-15 20:02:44.749 [Test worker] TRACE org.hibernate.orm.jdbc.bind - binding parameter (3:UUID) <- [368d1bcd-54a6-4b78-b339-28ea07fa3c83]
26-08-15 20:02:44.749 [Test worker] TRACE org.hibernate.orm.jdbc.bind - binding parameter (4:UUID) <- [56402cee-4a26-489d-a8df-f57d111d69bc]
26-08-15 20:02:44.749 [Test worker] DEBUG org.hibernate.SQL - 
    /* <criteria> */ select
        u1_0.id,
        u1_0.created_at,
        u1_0.email,
        u1_0.password,
        u1_0.profile_id,
        u1_0.username 
    from
        users u1_0 
    where
        u1_0.username=?
26-08-15 20:02:44.749 [Test worker] TRACE org.hibernate.orm.jdbc.bind - binding parameter (1:VARCHAR) <- [integrationUser]
26-08-15 20:02:44.755 [Test worker] INFO  o.s.t.c.s.AnnotationConfigContextLoaderUtils - Could not detect default configuration classes for test class [com.sprint.mission.discodeit.repository.ChannelRepositoryTest]: ChannelRepositoryTest does not declare any static, non-private, non-final, nested classes annotated with @Configuration.
26-08-15 20:02:44.763 [Test worker] INFO  o.s.b.t.c.SpringBootTestContextBootstrapper - Found @SpringBootConfiguration com.sprint.mission.discodeit.DiscodeitApplication for test class com.sprint.mission.discodeit.repository.ChannelRepositoryTest
26-08-15 20:02:44.782 [Test worker] INFO  c.s.m.d.r.ChannelRepositoryTest - Starting ChannelRepositoryTest using Java 17.0.19 with PID 70981 (started by jangjunseo in /Users/jangjunseo/Desktop/codei_13th_develop/13-sprint-mission)
26-08-15 20:02:44.782 [Test worker] INFO  c.s.m.d.r.ChannelRepositoryTest - The following 1 profile is active: "test"
26-08-15 20:02:44.823 [Test worker] INFO  o.s.d.r.c.RepositoryConfigurationDelegate - Bootstrapping Spring Data JPA repositories in DEFAULT mode.
26-08-15 20:02:44.834 [Test worker] INFO  o.s.d.r.c.RepositoryConfigurationDelegate - Finished Spring Data repository scanning in 9 ms. Found 6 JPA repository interfaces.
26-08-15 20:02:44.841 [Test worker] INFO  o.s.b.t.a.j.TestDatabaseAutoConfiguration$EmbeddedDataSourceBeanFactoryPostProcessor - Replacing 'dataSource' DataSource bean with embedded version
26-08-15 20:02:44.854 [Test worker] INFO  o.s.j.d.e.EmbeddedDatabaseFactory - Starting embedded database: url='jdbc:h2:mem:58bb3b33-2cf7-4162-82cd-9186a41e0824;DB_CLOSE_DELAY=-1;DB_CLOSE_ON_EXIT=false', username='sa'
26-08-15 20:02:44.871 [Test worker] INFO  o.h.jpa.internal.util.LogHelper - HHH000204: Processing PersistenceUnitInfo [name: default]
26-08-15 20:02:44.872 [Test worker] INFO  o.h.c.i.RegionFactoryInitiator - HHH000026: Second-level cache disabled
26-08-15 20:02:44.878 [Test worker] INFO  o.s.o.j.p.SpringPersistenceUnitInfo - No LoadTimeWeaver setup: ignoring JPA class transformer
26-08-15 20:02:44.880 [Test worker] INFO  o.hibernate.orm.connections.pooling - HHH10001005: Database info:
	Database JDBC URL [Connecting through datasource 'org.springframework.jdbc.datasource.embedded.EmbeddedDatabaseFactory$EmbeddedDataSourceProxy@77843867']
	Database driver: undefined/unknown
	Database version: 2.3.232
	Autocommit mode: undefined/unknown
	Isolation level: undefined/unknown
	Minimum pool size: undefined/unknown
	Maximum pool size: undefined/unknown
26-08-15 20:02:44.960 [Test worker] INFO  o.h.e.t.j.p.i.JtaPlatformInitiator - HHH000489: No JTA platform available (set 'hibernate.transaction.jta.platform' to enable JTA platform integration)
26-08-15 20:02:44.961 [Test worker] DEBUG org.hibernate.SQL - 
    drop table if exists binary_contents cascade 
26-08-15 20:02:44.961 [Test worker] DEBUG org.hibernate.SQL - 
    drop table if exists channels cascade 
26-08-15 20:02:44.961 [Test worker] DEBUG org.hibernate.SQL - 
    drop table if exists message_attachments cascade 
26-08-15 20:02:44.961 [Test worker] DEBUG org.hibernate.SQL - 
    drop table if exists messages cascade 
26-08-15 20:02:44.962 [Test worker] DEBUG org.hibernate.SQL - 
    drop table if exists read_statuses cascade 
26-08-15 20:02:44.962 [Test worker] DEBUG org.hibernate.SQL - 
    drop table if exists user_statuses cascade 
26-08-15 20:02:44.962 [Test worker] DEBUG org.hibernate.SQL - 
    drop table if exists users cascade 
26-08-15 20:02:44.962 [Test worker] DEBUG org.hibernate.SQL - 
    create table binary_contents (
        created_at timestamp(6) with time zone,
        size bigint not null,
        id uuid not null,
        content_type varchar(255),
        file_name varchar(255),
        primary key (id)
    )
26-08-15 20:02:44.963 [Test worker] DEBUG org.hibernate.SQL - 
    create table channels (
        created_at timestamp(6) with time zone,
        id uuid not null,
        description varchar(255),
        name varchar(255),
        type enum ('PRIVATE','PUBLIC'),
        primary key (id)
    )
26-08-15 20:02:44.964 [Test worker] DEBUG org.hibernate.SQL - 
    create table message_attachments (
        attachment_id uuid not null,
        message_id uuid not null
    )
26-08-15 20:02:44.964 [Test worker] DEBUG org.hibernate.SQL - 
    create table messages (
        created_at timestamp(6) with time zone,
        author_id uuid,
        channel_id uuid,
        id uuid not null,
        content varchar(255),
        primary key (id)
    )
26-08-15 20:02:44.965 [Test worker] DEBUG org.hibernate.SQL - 
    create table read_statuses (
        created_at timestamp(6) with time zone,
        last_read_at timestamp(6) with time zone,
        channel_id uuid,
        id uuid not null,
        user_id uuid,
        primary key (id)
    )
26-08-15 20:02:44.965 [Test worker] DEBUG org.hibernate.SQL - 
    create table user_statuses (
        created_at timestamp(6) with time zone,
        last_active_at timestamp(6) with time zone,
        id uuid not null,
        user_id uuid unique,
        primary key (id)
    )
26-08-15 20:02:44.966 [Test worker] DEBUG org.hibernate.SQL - 
    create table users (
        created_at timestamp(6) with time zone,
        id uuid not null,
        profile_id uuid unique,
        email varchar(255),
        password varchar(255),
        username varchar(255),
        primary key (id)
    )
26-08-15 20:02:44.967 [Test worker] DEBUG org.hibernate.SQL - 
    alter table if exists message_attachments 
       add constraint FKsd1m8rb8jcpbcnb7rpdue7ctc 
       foreign key (attachment_id) 
       references binary_contents
26-08-15 20:02:44.968 [Test worker] DEBUG org.hibernate.SQL - 
    alter table if exists message_attachments 
       add constraint FKj7twd218e2gqw9cmlhwvo1rth 
       foreign key (message_id) 
       references messages
26-08-15 20:02:44.969 [Test worker] DEBUG org.hibernate.SQL - 
    alter table if exists messages 
       add constraint FKowtlim26svclkatusptbgi7u1 
       foreign key (author_id) 
       references users
26-08-15 20:02:44.970 [Test worker] DEBUG org.hibernate.SQL - 
    alter table if exists messages 
       add constraint FK3u3ckbhwq9se1cmopk2pq05b2 
       foreign key (channel_id) 
       references channels
26-08-15 20:02:44.971 [Test worker] DEBUG org.hibernate.SQL - 
    alter table if exists read_statuses 
       add constraint FKa38ri44ml4gfdpklx4ahqr8gd 
       foreign key (channel_id) 
       references channels
26-08-15 20:02:44.972 [Test worker] DEBUG org.hibernate.SQL - 
    alter table if exists read_statuses 
       add constraint FKml3k4wr9sj5yxrmj6d0aoib2e 
       foreign key (user_id) 
       references users
26-08-15 20:02:44.973 [Test worker] DEBUG org.hibernate.SQL - 
    alter table if exists user_statuses 
       add constraint FK4lfl3ei2ubchgcxrrpo3pw4mm 
       foreign key (user_id) 
       references users
26-08-15 20:02:44.975 [Test worker] DEBUG org.hibernate.SQL - 
    alter table if exists users 
       add constraint FKtbudycgrip49xdptogmhfqnso 
       foreign key (profile_id) 
       references binary_contents
26-08-15 20:02:44.976 [Test worker] INFO  o.s.o.j.LocalContainerEntityManagerFactoryBean - Initialized JPA EntityManagerFactory for persistence unit 'default'
26-08-15 20:02:45.027 [Test worker] INFO  c.s.m.d.r.ChannelRepositoryTest - Started ChannelRepositoryTest in 0.261 seconds (process running for 10.498)
26-08-15 20:02:45.031 [Test worker] DEBUG org.hibernate.SQL - 
    /* insert for
        com.sprint.mission.discodeit.entity.Channel */insert 
    into
        channels (created_at, description, name, type, id) 
    values
        (?, ?, ?, ?, ?)
26-08-15 20:02:45.031 [Test worker] TRACE org.hibernate.orm.jdbc.bind - binding parameter (1:TIMESTAMP_UTC) <- [2026-08-15T11:02:45.030280Z]
26-08-15 20:02:45.031 [Test worker] TRACE org.hibernate.orm.jdbc.bind - binding parameter (2:VARCHAR) <- [설명]
26-08-15 20:02:45.031 [Test worker] TRACE org.hibernate.orm.jdbc.bind - binding parameter (3:VARCHAR) <- [공지]
26-08-15 20:02:45.031 [Test worker] TRACE org.hibernate.orm.jdbc.bind - binding parameter (4:ENUM) <- [PUBLIC]
26-08-15 20:02:45.031 [Test worker] TRACE org.hibernate.orm.jdbc.bind - binding parameter (5:UUID) <- [d250fc9f-8220-4110-89c4-7ff29534477e]
26-08-15 20:02:45.041 [Test worker] DEBUG org.hibernate.SQL - 
    select
        c1_0.id,
        c1_0.created_at,
        c1_0.description,
        c1_0.name,
        c1_0.type 
    from
        channels c1_0 
    where
        c1_0.id=?
26-08-15 20:02:45.042 [Test worker] TRACE org.hibernate.orm.jdbc.bind - binding parameter (1:UUID) <- [a81a4c85-5522-456f-bfc5-12bccb825197]
26-08-15 20:02:45.045 [Test worker] INFO  o.s.t.c.s.AnnotationConfigContextLoaderUtils - Could not detect default configuration classes for test class [com.sprint.mission.discodeit.repository.MessageRepositoryTest]: MessageRepositoryTest does not declare any static, non-private, non-final, nested classes annotated with @Configuration.
26-08-15 20:02:45.049 [Test worker] INFO  o.s.b.t.c.SpringBootTestContextBootstrapper - Found @SpringBootConfiguration com.sprint.mission.discodeit.DiscodeitApplication for test class com.sprint.mission.discodeit.repository.MessageRepositoryTest
26-08-15 20:02:45.052 [Test worker] DEBUG org.hibernate.SQL - 
    /* insert for
        com.sprint.mission.discodeit.entity.User */insert 
    into
        users (created_at, email, password, profile_id, username, id) 
    values
        (?, ?, ?, ?, ?, ?)
26-08-15 20:02:45.053 [Test worker] TRACE org.hibernate.orm.jdbc.bind - binding parameter (1:TIMESTAMP_UTC) <- [2026-08-15T11:02:45.051987Z]
26-08-15 20:02:45.053 [Test worker] TRACE org.hibernate.orm.jdbc.bind - binding parameter (2:VARCHAR) <- [writer2@example.com]
26-08-15 20:02:45.053 [Test worker] TRACE org.hibernate.orm.jdbc.bind - binding parameter (3:VARCHAR) <- [pw123456789!]
26-08-15 20:02:45.053 [Test worker] TRACE org.hibernate.orm.jdbc.bind - binding parameter (4:UUID) <- [null]
26-08-15 20:02:45.053 [Test worker] TRACE org.hibernate.orm.jdbc.bind - binding parameter (5:VARCHAR) <- [writer2]
26-08-15 20:02:45.053 [Test worker] TRACE org.hibernate.orm.jdbc.bind - binding parameter (6:UUID) <- [1d6ac1b7-6844-4fd9-85d2-823706c64c59]
26-08-15 20:02:45.054 [Test worker] DEBUG org.hibernate.SQL - 
    /* insert for
        com.sprint.mission.discodeit.entity.Channel */insert 
    into
        channels (created_at, description, name, type, id) 
    values
        (?, ?, ?, ?, ?)
26-08-15 20:02:45.054 [Test worker] TRACE org.hibernate.orm.jdbc.bind - binding parameter (1:TIMESTAMP_UTC) <- [2026-08-15T11:02:45.052344Z]
26-08-15 20:02:45.054 [Test worker] TRACE org.hibernate.orm.jdbc.bind - binding parameter (2:VARCHAR) <- [설명]
26-08-15 20:02:45.054 [Test worker] TRACE org.hibernate.orm.jdbc.bind - binding parameter (3:VARCHAR) <- [공지2]
26-08-15 20:02:45.054 [Test worker] TRACE org.hibernate.orm.jdbc.bind - binding parameter (4:ENUM) <- [PUBLIC]
26-08-15 20:02:45.054 [Test worker] TRACE org.hibernate.orm.jdbc.bind - binding parameter (5:UUID) <- [f3e14d06-5e1f-400d-a524-19efd221fdfa]
26-08-15 20:02:45.055 [Test worker] DEBUG org.hibernate.SQL - 
    /* insert for
        com.sprint.mission.discodeit.entity.Message */insert 
    into
        messages (author_id, channel_id, content, created_at, id) 
    values
        (?, ?, ?, ?, ?)
26-08-15 20:02:45.055 [Test worker] TRACE org.hibernate.orm.jdbc.bind - binding parameter (1:UUID) <- [1d6ac1b7-6844-4fd9-85d2-823706c64c59]
26-08-15 20:02:45.055 [Test worker] TRACE org.hibernate.orm.jdbc.bind - binding parameter (2:UUID) <- [f3e14d06-5e1f-400d-a524-19efd221fdfa]
26-08-15 20:02:45.055 [Test worker] TRACE org.hibernate.orm.jdbc.bind - binding parameter (3:VARCHAR) <- [첫번째]
26-08-15 20:02:45.055 [Test worker] TRACE org.hibernate.orm.jdbc.bind - binding parameter (4:TIMESTAMP_UTC) <- [2026-08-15T11:02:45.052466Z]
26-08-15 20:02:45.055 [Test worker] TRACE org.hibernate.orm.jdbc.bind - binding parameter (5:UUID) <- [3af47076-b2da-4233-b8ea-dae58df6ae0a]
26-08-15 20:02:45.080 [Test worker] DEBUG org.hibernate.SQL - 
    /* insert for
        com.sprint.mission.discodeit.entity.Message */insert 
    into
        messages (author_id, channel_id, content, created_at, id) 
    values
        (?, ?, ?, ?, ?)
26-08-15 20:02:45.080 [Test worker] TRACE org.hibernate.orm.jdbc.bind - binding parameter (1:UUID) <- [1d6ac1b7-6844-4fd9-85d2-823706c64c59]
26-08-15 20:02:45.081 [Test worker] TRACE org.hibernate.orm.jdbc.bind - binding parameter (2:UUID) <- [f3e14d06-5e1f-400d-a524-19efd221fdfa]
26-08-15 20:02:45.081 [Test worker] TRACE org.hibernate.orm.jdbc.bind - binding parameter (3:VARCHAR) <- [두번째]
26-08-15 20:02:45.081 [Test worker] TRACE org.hibernate.orm.jdbc.bind - binding parameter (4:TIMESTAMP_UTC) <- [2026-08-15T11:02:45.079471Z]
26-08-15 20:02:45.081 [Test worker] TRACE org.hibernate.orm.jdbc.bind - binding parameter (5:UUID) <- [ed49e34b-5620-4740-84d3-c54b85129d2d]
26-08-15 20:02:45.086 [Test worker] DEBUG org.hibernate.SQL - 
    /* <criteria> */ select
        m1_0.id,
        a1_0.id,
        a1_0.created_at,
        a1_0.email,
        a1_0.password,
        p1_0.id,
        p1_0.content_type,
        p1_0.created_at,
        p1_0.file_name,
        p1_0.size,
        a1_0.username,
        us1_0.id,
        us1_0.created_at,
        us1_0.last_active_at,
        c2_0.id,
        c2_0.created_at,
        c2_0.description,
        c2_0.name,
        c2_0.type,
        m1_0.content,
        m1_0.created_at 
    from
        messages m1_0 
    left join
        users a1_0 
            on a1_0.id=m1_0.author_id 
    left join
        binary_contents p1_0 
            on p1_0.id=a1_0.profile_id 
    left join
        user_statuses us1_0 
            on a1_0.id=us1_0.user_id 
    left join
        channels c2_0 
            on c2_0.id=m1_0.channel_id 
    where
        m1_0.channel_id=? 
        and m1_0.created_at<? 
    order by
        m1_0.created_at desc 
    fetch
        first ? rows only
26-08-15 20:02:45.088 [Test worker] TRACE org.hibernate.orm.jdbc.bind - binding parameter (1:UUID) <- [f3e14d06-5e1f-400d-a524-19efd221fdfa]
26-08-15 20:02:45.088 [Test worker] TRACE org.hibernate.orm.jdbc.bind - binding parameter (2:TIMESTAMP_UTC) <- [2026-08-15T11:02:45.068712Z]
26-08-15 20:02:45.088 [Test worker] TRACE org.hibernate.orm.jdbc.bind - binding parameter (3:INTEGER) <- [11]
26-08-15 20:02:45.102 [Test worker] DEBUG org.hibernate.SQL - 
    /* insert for
        com.sprint.mission.discodeit.entity.User */insert 
    into
        users (created_at, email, password, profile_id, username, id) 
    values
        (?, ?, ?, ?, ?, ?)
26-08-15 20:02:45.103 [Test worker] TRACE org.hibernate.orm.jdbc.bind - binding parameter (1:TIMESTAMP_UTC) <- [2026-08-15T11:02:45.102465Z]
26-08-15 20:02:45.103 [Test worker] TRACE org.hibernate.orm.jdbc.bind - binding parameter (2:VARCHAR) <- [writer3@example.com]
26-08-15 20:02:45.103 [Test worker] TRACE org.hibernate.orm.jdbc.bind - binding parameter (3:VARCHAR) <- [pw123456789!]
26-08-15 20:02:45.103 [Test worker] TRACE org.hibernate.orm.jdbc.bind - binding parameter (4:UUID) <- [null]
26-08-15 20:02:45.103 [Test worker] TRACE org.hibernate.orm.jdbc.bind - binding parameter (5:VARCHAR) <- [writer3]
26-08-15 20:02:45.104 [Test worker] TRACE org.hibernate.orm.jdbc.bind - binding parameter (6:UUID) <- [cccd964a-58b5-4dc4-938a-16cd046d4c93]
26-08-15 20:02:45.105 [Test worker] DEBUG org.hibernate.SQL - 
    /* insert for
        com.sprint.mission.discodeit.entity.Channel */insert 
    into
        channels (created_at, description, name, type, id) 
    values
        (?, ?, ?, ?, ?)
26-08-15 20:02:45.105 [Test worker] TRACE org.hibernate.orm.jdbc.bind - binding parameter (1:TIMESTAMP_UTC) <- [2026-08-15T11:02:45.102651Z]
26-08-15 20:02:45.105 [Test worker] TRACE org.hibernate.orm.jdbc.bind - binding parameter (2:VARCHAR) <- [설명]
26-08-15 20:02:45.105 [Test worker] TRACE org.hibernate.orm.jdbc.bind - binding parameter (3:VARCHAR) <- [공지3]
26-08-15 20:02:45.105 [Test worker] TRACE org.hibernate.orm.jdbc.bind - binding parameter (4:ENUM) <- [PUBLIC]
26-08-15 20:02:45.105 [Test worker] TRACE org.hibernate.orm.jdbc.bind - binding parameter (5:UUID) <- [980df7d9-edfe-446b-a14b-dcaac9c9101e]
26-08-15 20:02:45.107 [Test worker] DEBUG org.hibernate.SQL - 
    /* <criteria> */ select
        m1_0.id,
        a1_0.id,
        a1_0.created_at,
        a1_0.email,
        a1_0.password,
        p1_0.id,
        p1_0.content_type,
        p1_0.created_at,
        p1_0.file_name,
        p1_0.size,
        a1_0.username,
        us1_0.id,
        us1_0.created_at,
        us1_0.last_active_at,
        c2_0.id,
        c2_0.created_at,
        c2_0.description,
        c2_0.name,
        c2_0.type,
        m1_0.content,
        m1_0.created_at 
    from
        messages m1_0 
    left join
        users a1_0 
            on a1_0.id=m1_0.author_id 
    left join
        binary_contents p1_0 
            on p1_0.id=a1_0.profile_id 
    left join
        user_statuses us1_0 
            on a1_0.id=us1_0.user_id 
    left join
        channels c2_0 
            on c2_0.id=m1_0.channel_id 
    where
        m1_0.channel_id=? 
        and m1_0.created_at<? 
    fetch
        first ? rows only
26-08-15 20:02:45.108 [Test worker] TRACE org.hibernate.orm.jdbc.bind - binding parameter (1:UUID) <- [980df7d9-edfe-446b-a14b-dcaac9c9101e]
26-08-15 20:02:45.108 [Test worker] TRACE org.hibernate.orm.jdbc.bind - binding parameter (2:TIMESTAMP_UTC) <- [2026-08-15T10:02:45.105699Z]
26-08-15 20:02:45.108 [Test worker] TRACE org.hibernate.orm.jdbc.bind - binding parameter (3:INTEGER) <- [11]
26-08-15 20:02:45.113 [Test worker] DEBUG org.hibernate.SQL - 
    /* insert for
        com.sprint.mission.discodeit.entity.User */insert 
    into
        users (created_at, email, password, profile_id, username, id) 
    values
        (?, ?, ?, ?, ?, ?)
26-08-15 20:02:45.114 [Test worker] TRACE org.hibernate.orm.jdbc.bind - binding parameter (1:TIMESTAMP_UTC) <- [2026-08-15T11:02:45.112161Z]
26-08-15 20:02:45.114 [Test worker] TRACE org.hibernate.orm.jdbc.bind - binding parameter (2:VARCHAR) <- [writer@example.com]
26-08-15 20:02:45.114 [Test worker] TRACE org.hibernate.orm.jdbc.bind - binding parameter (3:VARCHAR) <- [pw123456789!]
26-08-15 20:02:45.114 [Test worker] TRACE org.hibernate.orm.jdbc.bind - binding parameter (4:UUID) <- [null]
26-08-15 20:02:45.114 [Test worker] TRACE org.hibernate.orm.jdbc.bind - binding parameter (5:VARCHAR) <- [writer]
26-08-15 20:02:45.114 [Test worker] TRACE org.hibernate.orm.jdbc.bind - binding parameter (6:UUID) <- [fa92b3a3-a26c-4ab2-9ead-157a8069cbc5]
26-08-15 20:02:45.115 [Test worker] DEBUG org.hibernate.SQL - 
    /* insert for
        com.sprint.mission.discodeit.entity.Channel */insert 
    into
        channels (created_at, description, name, type, id) 
    values
        (?, ?, ?, ?, ?)
26-08-15 20:02:45.115 [Test worker] TRACE org.hibernate.orm.jdbc.bind - binding parameter (1:TIMESTAMP_UTC) <- [2026-08-15T11:02:45.112372Z]
26-08-15 20:02:45.115 [Test worker] TRACE org.hibernate.orm.jdbc.bind - binding parameter (2:VARCHAR) <- [설명]
26-08-15 20:02:45.115 [Test worker] TRACE org.hibernate.orm.jdbc.bind - binding parameter (3:VARCHAR) <- [공지]
26-08-15 20:02:45.115 [Test worker] TRACE org.hibernate.orm.jdbc.bind - binding parameter (4:ENUM) <- [PUBLIC]
26-08-15 20:02:45.115 [Test worker] TRACE org.hibernate.orm.jdbc.bind - binding parameter (5:UUID) <- [c149459c-d94a-47d4-8657-cca6d868de87]
26-08-15 20:02:45.116 [Test worker] DEBUG org.hibernate.SQL - 
    /* insert for
        com.sprint.mission.discodeit.entity.Message */insert 
    into
        messages (author_id, channel_id, content, created_at, id) 
    values
        (?, ?, ?, ?, ?)
26-08-15 20:02:45.116 [Test worker] TRACE org.hibernate.orm.jdbc.bind - binding parameter (1:UUID) <- [fa92b3a3-a26c-4ab2-9ead-157a8069cbc5]
26-08-15 20:02:45.117 [Test worker] TRACE org.hibernate.orm.jdbc.bind - binding parameter (2:UUID) <- [c149459c-d94a-47d4-8657-cca6d868de87]
26-08-15 20:02:45.117 [Test worker] TRACE org.hibernate.orm.jdbc.bind - binding parameter (3:VARCHAR) <- [내용0]
26-08-15 20:02:45.117 [Test worker] TRACE org.hibernate.orm.jdbc.bind - binding parameter (4:TIMESTAMP_UTC) <- [2026-08-15T11:02:45.112673Z]
26-08-15 20:02:45.117 [Test worker] TRACE org.hibernate.orm.jdbc.bind - binding parameter (5:UUID) <- [cc8469ec-f125-4de1-aab4-aa73f18a28e3]
26-08-15 20:02:45.118 [Test worker] DEBUG org.hibernate.SQL - 
    /* insert for
        com.sprint.mission.discodeit.entity.Message */insert 
    into
        messages (author_id, channel_id, content, created_at, id) 
    values
        (?, ?, ?, ?, ?)
26-08-15 20:02:45.118 [Test worker] TRACE org.hibernate.orm.jdbc.bind - binding parameter (1:UUID) <- [fa92b3a3-a26c-4ab2-9ead-157a8069cbc5]
26-08-15 20:02:45.118 [Test worker] TRACE org.hibernate.orm.jdbc.bind - binding parameter (2:UUID) <- [c149459c-d94a-47d4-8657-cca6d868de87]
26-08-15 20:02:45.118 [Test worker] TRACE org.hibernate.orm.jdbc.bind - binding parameter (3:VARCHAR) <- [내용1]
26-08-15 20:02:45.118 [Test worker] TRACE org.hibernate.orm.jdbc.bind - binding parameter (4:TIMESTAMP_UTC) <- [2026-08-15T11:02:45.112834Z]
26-08-15 20:02:45.118 [Test worker] TRACE org.hibernate.orm.jdbc.bind - binding parameter (5:UUID) <- [6117fadc-6dab-41cd-97a0-636608a2bf44]
26-08-15 20:02:45.118 [Test worker] DEBUG org.hibernate.SQL - 
    /* insert for
        com.sprint.mission.discodeit.entity.Message */insert 
    into
        messages (author_id, channel_id, content, created_at, id) 
    values
        (?, ?, ?, ?, ?)
26-08-15 20:02:45.119 [Test worker] TRACE org.hibernate.orm.jdbc.bind - binding parameter (1:UUID) <- [fa92b3a3-a26c-4ab2-9ead-157a8069cbc5]
26-08-15 20:02:45.119 [Test worker] TRACE org.hibernate.orm.jdbc.bind - binding parameter (2:UUID) <- [c149459c-d94a-47d4-8657-cca6d868de87]
26-08-15 20:02:45.119 [Test worker] TRACE org.hibernate.orm.jdbc.bind - binding parameter (3:VARCHAR) <- [내용2]
26-08-15 20:02:45.119 [Test worker] TRACE org.hibernate.orm.jdbc.bind - binding parameter (4:TIMESTAMP_UTC) <- [2026-08-15T11:02:45.113181Z]
26-08-15 20:02:45.119 [Test worker] TRACE org.hibernate.orm.jdbc.bind - binding parameter (5:UUID) <- [f0b8ac29-11f9-42b0-950e-25ea361281d0]
26-08-15 20:02:45.122 [Test worker] DEBUG org.hibernate.SQL - 
    /* <criteria> */ select
        m1_0.id,
        a1_0.id,
        a1_0.created_at,
        a1_0.email,
        a1_0.password,
        p1_0.id,
        p1_0.content_type,
        p1_0.created_at,
        p1_0.file_name,
        p1_0.size,
        a1_0.username,
        us1_0.id,
        us1_0.created_at,
        us1_0.last_active_at,
        c2_0.id,
        c2_0.created_at,
        c2_0.description,
        c2_0.name,
        c2_0.type,
        m1_0.content,
        m1_0.created_at 
    from
        messages m1_0 
    left join
        users a1_0 
            on a1_0.id=m1_0.author_id 
    left join
        binary_contents p1_0 
            on p1_0.id=a1_0.profile_id 
    left join
        user_statuses us1_0 
            on a1_0.id=us1_0.user_id 
    left join
        channels c2_0 
            on c2_0.id=m1_0.channel_id 
    where
        m1_0.channel_id=? 
    order by
        m1_0.created_at desc 
    fetch
        first ? rows only
26-08-15 20:02:45.123 [Test worker] TRACE org.hibernate.orm.jdbc.bind - binding parameter (1:UUID) <- [c149459c-d94a-47d4-8657-cca6d868de87]
26-08-15 20:02:45.123 [Test worker] TRACE org.hibernate.orm.jdbc.bind - binding parameter (2:INTEGER) <- [11]
26-08-15 20:02:45.129 [Test worker] DEBUG org.hibernate.SQL - 
    /* <criteria> */ select
        m1_0.id,
        a1_0.id,
        a1_0.created_at,
        a1_0.email,
        a1_0.password,
        p1_0.id,
        p1_0.content_type,
        p1_0.created_at,
        p1_0.file_name,
        p1_0.size,
        a1_0.username,
        us1_0.id,
        us1_0.created_at,
        us1_0.last_active_at,
        c2_0.id,
        c2_0.created_at,
        c2_0.description,
        c2_0.name,
        c2_0.type,
        m1_0.content,
        m1_0.created_at 
    from
        messages m1_0 
    left join
        users a1_0 
            on a1_0.id=m1_0.author_id 
    left join
        binary_contents p1_0 
            on p1_0.id=a1_0.profile_id 
    left join
        user_statuses us1_0 
            on a1_0.id=us1_0.user_id 
    left join
        channels c2_0 
            on c2_0.id=m1_0.channel_id 
    where
        m1_0.channel_id=? 
    fetch
        first ? rows only
26-08-15 20:02:45.130 [Test worker] TRACE org.hibernate.orm.jdbc.bind - binding parameter (1:UUID) <- [be310a6f-21d3-4c45-9808-49c53526b11e]
26-08-15 20:02:45.130 [Test worker] TRACE org.hibernate.orm.jdbc.bind - binding parameter (2:INTEGER) <- [11]
26-08-15 20:02:45.133 [Test worker] INFO  o.s.t.c.s.AnnotationConfigContextLoaderUtils - Could not detect default configuration classes for test class [com.sprint.mission.discodeit.repository.ReadStatusRepositoryTest]: ReadStatusRepositoryTest does not declare any static, non-private, non-final, nested classes annotated with @Configuration.
26-08-15 20:02:45.136 [Test worker] INFO  o.s.b.t.c.SpringBootTestContextBootstrapper - Found @SpringBootConfiguration com.sprint.mission.discodeit.DiscodeitApplication for test class com.sprint.mission.discodeit.repository.ReadStatusRepositoryTest
26-08-15 20:02:45.141 [Test worker] DEBUG org.hibernate.SQL - 
    /* <criteria> */ select
        rs1_0.id,
        rs1_0.channel_id,
        rs1_0.created_at,
        rs1_0.last_read_at,
        rs1_0.user_id 
    from
        read_statuses rs1_0 
    where
        rs1_0.user_id=? 
    order by
        rs1_0.created_at desc 
    fetch
        first ? rows only
26-08-15 20:02:45.141 [Test worker] TRACE org.hibernate.orm.jdbc.bind - binding parameter (1:UUID) <- [7649e0a3-f726-4552-a84e-9fb1a78502ff]
26-08-15 20:02:45.141 [Test worker] TRACE org.hibernate.orm.jdbc.bind - binding parameter (2:INTEGER) <- [3]
26-08-15 20:02:45.149 [Test worker] DEBUG org.hibernate.SQL - 
    /* insert for
        com.sprint.mission.discodeit.entity.User */insert 
    into
        users (created_at, email, password, profile_id, username, id) 
    values
        (?, ?, ?, ?, ?, ?)
26-08-15 20:02:45.149 [Test worker] TRACE org.hibernate.orm.jdbc.bind - binding parameter (1:TIMESTAMP_UTC) <- [2026-08-15T11:02:45.145417Z]
26-08-15 20:02:45.149 [Test worker] TRACE org.hibernate.orm.jdbc.bind - binding parameter (2:VARCHAR) <- [reader2@example.com]
26-08-15 20:02:45.149 [Test worker] TRACE org.hibernate.orm.jdbc.bind - binding parameter (3:VARCHAR) <- [pw123456789!]
26-08-15 20:02:45.149 [Test worker] TRACE org.hibernate.orm.jdbc.bind - binding parameter (4:UUID) <- [null]
26-08-15 20:02:45.149 [Test worker] TRACE org.hibernate.orm.jdbc.bind - binding parameter (5:VARCHAR) <- [reader2]
26-08-15 20:02:45.149 [Test worker] TRACE org.hibernate.orm.jdbc.bind - binding parameter (6:UUID) <- [6c485a43-c9bd-42dc-ac7d-ddceedc1d468]
26-08-15 20:02:45.150 [Test worker] DEBUG org.hibernate.SQL - 
    /* insert for
        com.sprint.mission.discodeit.entity.Channel */insert 
    into
        channels (created_at, description, name, type, id) 
    values
        (?, ?, ?, ?, ?)
26-08-15 20:02:45.150 [Test worker] TRACE org.hibernate.orm.jdbc.bind - binding parameter (1:TIMESTAMP_UTC) <- [2026-08-15T11:02:45.145748Z]
26-08-15 20:02:45.150 [Test worker] TRACE org.hibernate.orm.jdbc.bind - binding parameter (2:VARCHAR) <- [설명]
26-08-15 20:02:45.150 [Test worker] TRACE org.hibernate.orm.jdbc.bind - binding parameter (3:VARCHAR) <- [채널0]
26-08-15 20:02:45.150 [Test worker] TRACE org.hibernate.orm.jdbc.bind - binding parameter (4:ENUM) <- [PUBLIC]
26-08-15 20:02:45.150 [Test worker] TRACE org.hibernate.orm.jdbc.bind - binding parameter (5:UUID) <- [30efa845-4f62-4369-9e9a-138d01b884c9]
26-08-15 20:02:45.150 [Test worker] DEBUG org.hibernate.SQL - 
    /* insert for
        com.sprint.mission.discodeit.entity.ReadStatus */insert 
    into
        read_statuses (channel_id, created_at, last_read_at, user_id, id) 
    values
        (?, ?, ?, ?, ?)
26-08-15 20:02:45.151 [Test worker] TRACE org.hibernate.orm.jdbc.bind - binding parameter (1:UUID) <- [30efa845-4f62-4369-9e9a-138d01b884c9]
26-08-15 20:02:45.151 [Test worker] TRACE org.hibernate.orm.jdbc.bind - binding parameter (2:TIMESTAMP_UTC) <- [2026-08-15T11:02:45.146308Z]
26-08-15 20:02:45.151 [Test worker] TRACE org.hibernate.orm.jdbc.bind - binding parameter (3:TIMESTAMP_UTC) <- [2026-08-15T11:02:45.145826Z]
26-08-15 20:02:45.151 [Test worker] TRACE org.hibernate.orm.jdbc.bind - binding parameter (4:UUID) <- [6c485a43-c9bd-42dc-ac7d-ddceedc1d468]
26-08-15 20:02:45.151 [Test worker] TRACE org.hibernate.orm.jdbc.bind - binding parameter (5:UUID) <- [c7ff66f0-411e-4ee0-a04c-73172751f46a]
26-08-15 20:02:45.151 [Test worker] DEBUG org.hibernate.SQL - 
    /* insert for
        com.sprint.mission.discodeit.entity.Channel */insert 
    into
        channels (created_at, description, name, type, id) 
    values
        (?, ?, ?, ?, ?)
26-08-15 20:02:45.151 [Test worker] TRACE org.hibernate.orm.jdbc.bind - binding parameter (1:TIMESTAMP_UTC) <- [2026-08-15T11:02:45.147737Z]
26-08-15 20:02:45.151 [Test worker] TRACE org.hibernate.orm.jdbc.bind - binding parameter (2:VARCHAR) <- [설명]
26-08-15 20:02:45.151 [Test worker] TRACE org.hibernate.orm.jdbc.bind - binding parameter (3:VARCHAR) <- [채널1]
26-08-15 20:02:45.151 [Test worker] TRACE org.hibernate.orm.jdbc.bind - binding parameter (4:ENUM) <- [PUBLIC]
26-08-15 20:02:45.151 [Test worker] TRACE org.hibernate.orm.jdbc.bind - binding parameter (5:UUID) <- [6c25fc19-7ac0-45bc-bf8d-ebef60825a9b]
26-08-15 20:02:45.152 [Test worker] DEBUG org.hibernate.SQL - 
    /* insert for
        com.sprint.mission.discodeit.entity.ReadStatus */insert 
    into
        read_statuses (channel_id, created_at, last_read_at, user_id, id) 
    values
        (?, ?, ?, ?, ?)
26-08-15 20:02:45.152 [Test worker] TRACE org.hibernate.orm.jdbc.bind - binding parameter (1:UUID) <- [6c25fc19-7ac0-45bc-bf8d-ebef60825a9b]
26-08-15 20:02:45.152 [Test worker] TRACE org.hibernate.orm.jdbc.bind - binding parameter (2:TIMESTAMP_UTC) <- [2026-08-15T11:02:45.147855Z]
26-08-15 20:02:45.152 [Test worker] TRACE org.hibernate.orm.jdbc.bind - binding parameter (3:TIMESTAMP_UTC) <- [2026-08-15T11:02:45.147806Z]
26-08-15 20:02:45.152 [Test worker] TRACE org.hibernate.orm.jdbc.bind - binding parameter (4:UUID) <- [6c485a43-c9bd-42dc-ac7d-ddceedc1d468]
26-08-15 20:02:45.152 [Test worker] TRACE org.hibernate.orm.jdbc.bind - binding parameter (5:UUID) <- [ba9d609b-9500-4e81-a37a-aeba6be7a0cd]
26-08-15 20:02:45.153 [Test worker] DEBUG org.hibernate.SQL - 
    /* insert for
        com.sprint.mission.discodeit.entity.Channel */insert 
    into
        channels (created_at, description, name, type, id) 
    values
        (?, ?, ?, ?, ?)
26-08-15 20:02:45.153 [Test worker] TRACE org.hibernate.orm.jdbc.bind - binding parameter (1:TIMESTAMP_UTC) <- [2026-08-15T11:02:45.147969Z]
26-08-15 20:02:45.153 [Test worker] TRACE org.hibernate.orm.jdbc.bind - binding parameter (2:VARCHAR) <- [설명]
26-08-15 20:02:45.153 [Test worker] TRACE org.hibernate.orm.jdbc.bind - binding parameter (3:VARCHAR) <- [채널2]
26-08-15 20:02:45.153 [Test worker] TRACE org.hibernate.orm.jdbc.bind - binding parameter (4:ENUM) <- [PUBLIC]
26-08-15 20:02:45.153 [Test worker] TRACE org.hibernate.orm.jdbc.bind - binding parameter (5:UUID) <- [18498709-febb-4135-bdf3-31ea10316dbf]
26-08-15 20:02:45.153 [Test worker] DEBUG org.hibernate.SQL - 
    /* insert for
        com.sprint.mission.discodeit.entity.ReadStatus */insert 
    into
        read_statuses (channel_id, created_at, last_read_at, user_id, id) 
    values
        (?, ?, ?, ?, ?)
26-08-15 20:02:45.153 [Test worker] TRACE org.hibernate.orm.jdbc.bind - binding parameter (1:UUID) <- [18498709-febb-4135-bdf3-31ea10316dbf]
26-08-15 20:02:45.153 [Test worker] TRACE org.hibernate.orm.jdbc.bind - binding parameter (2:TIMESTAMP_UTC) <- [2026-08-15T11:02:45.148116Z]
26-08-15 20:02:45.153 [Test worker] TRACE org.hibernate.orm.jdbc.bind - binding parameter (3:TIMESTAMP_UTC) <- [2026-08-15T11:02:45.148030Z]
26-08-15 20:02:45.153 [Test worker] TRACE org.hibernate.orm.jdbc.bind - binding parameter (4:UUID) <- [6c485a43-c9bd-42dc-ac7d-ddceedc1d468]
26-08-15 20:02:45.154 [Test worker] TRACE org.hibernate.orm.jdbc.bind - binding parameter (5:UUID) <- [98355490-4bb6-4ead-9295-650ea3da9ea4]
26-08-15 20:02:45.154 [Test worker] DEBUG org.hibernate.SQL - 
    /* insert for
        com.sprint.mission.discodeit.entity.Channel */insert 
    into
        channels (created_at, description, name, type, id) 
    values
        (?, ?, ?, ?, ?)
26-08-15 20:02:45.154 [Test worker] TRACE org.hibernate.orm.jdbc.bind - binding parameter (1:TIMESTAMP_UTC) <- [2026-08-15T11:02:45.148247Z]
26-08-15 20:02:45.154 [Test worker] TRACE org.hibernate.orm.jdbc.bind - binding parameter (2:VARCHAR) <- [설명]
26-08-15 20:02:45.154 [Test worker] TRACE org.hibernate.orm.jdbc.bind - binding parameter (3:VARCHAR) <- [채널3]
26-08-15 20:02:45.154 [Test worker] TRACE org.hibernate.orm.jdbc.bind - binding parameter (4:ENUM) <- [PUBLIC]
26-08-15 20:02:45.154 [Test worker] TRACE org.hibernate.orm.jdbc.bind - binding parameter (5:UUID) <- [160a4c6e-f333-4f58-918c-8a8237075263]
26-08-15 20:02:45.154 [Test worker] DEBUG org.hibernate.SQL - 
    /* insert for
        com.sprint.mission.discodeit.entity.ReadStatus */insert 
    into
        read_statuses (channel_id, created_at, last_read_at, user_id, id) 
    values
        (?, ?, ?, ?, ?)
26-08-15 20:02:45.154 [Test worker] TRACE org.hibernate.orm.jdbc.bind - binding parameter (1:UUID) <- [160a4c6e-f333-4f58-918c-8a8237075263]
26-08-15 20:02:45.155 [Test worker] TRACE org.hibernate.orm.jdbc.bind - binding parameter (2:TIMESTAMP_UTC) <- [2026-08-15T11:02:45.148352Z]
26-08-15 20:02:45.155 [Test worker] TRACE org.hibernate.orm.jdbc.bind - binding parameter (3:TIMESTAMP_UTC) <- [2026-08-15T11:02:45.148310Z]
26-08-15 20:02:45.155 [Test worker] TRACE org.hibernate.orm.jdbc.bind - binding parameter (4:UUID) <- [6c485a43-c9bd-42dc-ac7d-ddceedc1d468]
26-08-15 20:02:45.155 [Test worker] TRACE org.hibernate.orm.jdbc.bind - binding parameter (5:UUID) <- [28035dd3-247e-4ac9-bfe2-c736aa2017d3]
26-08-15 20:02:45.155 [Test worker] DEBUG org.hibernate.SQL - 
    /* insert for
        com.sprint.mission.discodeit.entity.Channel */insert 
    into
        channels (created_at, description, name, type, id) 
    values
        (?, ?, ?, ?, ?)
26-08-15 20:02:45.155 [Test worker] TRACE org.hibernate.orm.jdbc.bind - binding parameter (1:TIMESTAMP_UTC) <- [2026-08-15T11:02:45.148455Z]
26-08-15 20:02:45.155 [Test worker] TRACE org.hibernate.orm.jdbc.bind - binding parameter (2:VARCHAR) <- [설명]
26-08-15 20:02:45.155 [Test worker] TRACE org.hibernate.orm.jdbc.bind - binding parameter (3:VARCHAR) <- [채널4]
26-08-15 20:02:45.155 [Test worker] TRACE org.hibernate.orm.jdbc.bind - binding parameter (4:ENUM) <- [PUBLIC]
26-08-15 20:02:45.155 [Test worker] TRACE org.hibernate.orm.jdbc.bind - binding parameter (5:UUID) <- [af344bc8-52de-44e7-8a82-69fe4483fae9]
26-08-15 20:02:45.156 [Test worker] DEBUG org.hibernate.SQL - 
    /* insert for
        com.sprint.mission.discodeit.entity.ReadStatus */insert 
    into
        read_statuses (channel_id, created_at, last_read_at, user_id, id) 
    values
        (?, ?, ?, ?, ?)
26-08-15 20:02:45.156 [Test worker] TRACE org.hibernate.orm.jdbc.bind - binding parameter (1:UUID) <- [af344bc8-52de-44e7-8a82-69fe4483fae9]
26-08-15 20:02:45.156 [Test worker] TRACE org.hibernate.orm.jdbc.bind - binding parameter (2:TIMESTAMP_UTC) <- [2026-08-15T11:02:45.148552Z]
26-08-15 20:02:45.156 [Test worker] TRACE org.hibernate.orm.jdbc.bind - binding parameter (3:TIMESTAMP_UTC) <- [2026-08-15T11:02:45.148511Z]
26-08-15 20:02:45.156 [Test worker] TRACE org.hibernate.orm.jdbc.bind - binding parameter (4:UUID) <- [6c485a43-c9bd-42dc-ac7d-ddceedc1d468]
26-08-15 20:02:45.156 [Test worker] TRACE org.hibernate.orm.jdbc.bind - binding parameter (5:UUID) <- [cf2b17d8-7b37-4162-b43a-9eeafd7313e4]
26-08-15 20:02:45.157 [Test worker] DEBUG org.hibernate.SQL - 
    /* <criteria> */ select
        rs1_0.id,
        rs1_0.channel_id,
        rs1_0.created_at,
        rs1_0.last_read_at,
        rs1_0.user_id 
    from
        read_statuses rs1_0 
    where
        rs1_0.user_id=? 
    order by
        rs1_0.created_at desc 
    fetch
        first ? rows only
26-08-15 20:02:45.158 [Test worker] TRACE org.hibernate.orm.jdbc.bind - binding parameter (1:UUID) <- [6c485a43-c9bd-42dc-ac7d-ddceedc1d468]
26-08-15 20:02:45.158 [Test worker] TRACE org.hibernate.orm.jdbc.bind - binding parameter (2:INTEGER) <- [3]
26-08-15 20:02:45.162 [Test worker] DEBUG org.hibernate.SQL - 
    /* insert for
        com.sprint.mission.discodeit.entity.User */insert 
    into
        users (created_at, email, password, profile_id, username, id) 
    values
        (?, ?, ?, ?, ?, ?)
26-08-15 20:02:45.163 [Test worker] TRACE org.hibernate.orm.jdbc.bind - binding parameter (1:TIMESTAMP_UTC) <- [2026-08-15T11:02:45.162041Z]
26-08-15 20:02:45.163 [Test worker] TRACE org.hibernate.orm.jdbc.bind - binding parameter (2:VARCHAR) <- [reader@example.com]
26-08-15 20:02:45.163 [Test worker] TRACE org.hibernate.orm.jdbc.bind - binding parameter (3:VARCHAR) <- [pw123456789!]
26-08-15 20:02:45.163 [Test worker] TRACE org.hibernate.orm.jdbc.bind - binding parameter (4:UUID) <- [null]
26-08-15 20:02:45.163 [Test worker] TRACE org.hibernate.orm.jdbc.bind - binding parameter (5:VARCHAR) <- [reader]
26-08-15 20:02:45.163 [Test worker] TRACE org.hibernate.orm.jdbc.bind - binding parameter (6:UUID) <- [6d046791-2055-4d2a-ab7f-92c759c433f8]
26-08-15 20:02:45.164 [Test worker] DEBUG org.hibernate.SQL - 
    /* insert for
        com.sprint.mission.discodeit.entity.Channel */insert 
    into
        channels (created_at, description, name, type, id) 
    values
        (?, ?, ?, ?, ?)
26-08-15 20:02:45.164 [Test worker] TRACE org.hibernate.orm.jdbc.bind - binding parameter (1:TIMESTAMP_UTC) <- [2026-08-15T11:02:45.162229Z]
26-08-15 20:02:45.164 [Test worker] TRACE org.hibernate.orm.jdbc.bind - binding parameter (2:VARCHAR) <- [설명]
26-08-15 20:02:45.164 [Test worker] TRACE org.hibernate.orm.jdbc.bind - binding parameter (3:VARCHAR) <- [공지]
26-08-15 20:02:45.164 [Test worker] TRACE org.hibernate.orm.jdbc.bind - binding parameter (4:ENUM) <- [PUBLIC]
26-08-15 20:02:45.164 [Test worker] TRACE org.hibernate.orm.jdbc.bind - binding parameter (5:UUID) <- [7ae4d303-04d2-4c58-8c24-a6149a761b1d]
26-08-15 20:02:45.164 [Test worker] DEBUG org.hibernate.SQL - 
    /* insert for
        com.sprint.mission.discodeit.entity.ReadStatus */insert 
    into
        read_statuses (channel_id, created_at, last_read_at, user_id, id) 
    values
        (?, ?, ?, ?, ?)
26-08-15 20:02:45.164 [Test worker] TRACE org.hibernate.orm.jdbc.bind - binding parameter (1:UUID) <- [7ae4d303-04d2-4c58-8c24-a6149a761b1d]
26-08-15 20:02:45.164 [Test worker] TRACE org.hibernate.orm.jdbc.bind - binding parameter (2:TIMESTAMP_UTC) <- [2026-08-15T11:02:45.162327Z]
26-08-15 20:02:45.164 [Test worker] TRACE org.hibernate.orm.jdbc.bind - binding parameter (3:TIMESTAMP_UTC) <- [2026-08-15T11:02:45.162294Z]
26-08-15 20:02:45.165 [Test worker] TRACE org.hibernate.orm.jdbc.bind - binding parameter (4:UUID) <- [6d046791-2055-4d2a-ab7f-92c759c433f8]
26-08-15 20:02:45.165 [Test worker] TRACE org.hibernate.orm.jdbc.bind - binding parameter (5:UUID) <- [0a47c5e7-8c59-413e-b79d-159e854b9338]
26-08-15 20:02:45.167 [Test worker] DEBUG org.hibernate.SQL - 
    /* <criteria> */ select
        rs1_0.id 
    from
        read_statuses rs1_0 
    where
        rs1_0.user_id=? 
        and rs1_0.channel_id=? 
    fetch
        first ? rows only
26-08-15 20:02:45.167 [Test worker] TRACE org.hibernate.orm.jdbc.bind - binding parameter (1:UUID) <- [6d046791-2055-4d2a-ab7f-92c759c433f8]
26-08-15 20:02:45.167 [Test worker] TRACE org.hibernate.orm.jdbc.bind - binding parameter (2:UUID) <- [7ae4d303-04d2-4c58-8c24-a6149a761b1d]
26-08-15 20:02:45.167 [Test worker] TRACE org.hibernate.orm.jdbc.bind - binding parameter (3:INTEGER) <- [1]
26-08-15 20:02:45.174 [Test worker] DEBUG org.hibernate.SQL - 
    /* <criteria> */ select
        rs1_0.id 
    from
        read_statuses rs1_0 
    where
        rs1_0.user_id=? 
        and rs1_0.channel_id=? 
    fetch
        first ? rows only
26-08-15 20:02:45.175 [Test worker] TRACE org.hibernate.orm.jdbc.bind - binding parameter (1:UUID) <- [677c9936-84c0-42da-902c-23c7eb35555b]
26-08-15 20:02:45.175 [Test worker] TRACE org.hibernate.orm.jdbc.bind - binding parameter (2:UUID) <- [93b6f16d-9539-4424-a6d9-bd7dcbc57bf4]
26-08-15 20:02:45.175 [Test worker] TRACE org.hibernate.orm.jdbc.bind - binding parameter (3:INTEGER) <- [1]
26-08-15 20:02:45.179 [Test worker] INFO  o.s.t.c.s.AnnotationConfigContextLoaderUtils - Could not detect default configuration classes for test class [com.sprint.mission.discodeit.repository.UserRepositoryTest]: UserRepositoryTest does not declare any static, non-private, non-final, nested classes annotated with @Configuration.
26-08-15 20:02:45.184 [Test worker] INFO  o.s.b.t.c.SpringBootTestContextBootstrapper - Found @SpringBootConfiguration com.sprint.mission.discodeit.DiscodeitApplication for test class com.sprint.mission.discodeit.repository.UserRepositoryTest
26-08-15 20:02:45.189 [Test worker] DEBUG org.hibernate.SQL - 
    /* <criteria> */ select
        u1_0.id,
        u1_0.created_at,
        u1_0.email,
        u1_0.password,
        u1_0.profile_id,
        u1_0.username 
    from
        users u1_0 
    where
        u1_0.email=?
26-08-15 20:02:45.189 [Test worker] TRACE org.hibernate.orm.jdbc.bind - binding parameter (1:VARCHAR) <- [nobody@example.com]
26-08-15 20:02:45.193 [Test worker] DEBUG org.hibernate.SQL - 
    /* insert for
        com.sprint.mission.discodeit.entity.User */insert 
    into
        users (created_at, email, password, profile_id, username, id) 
    values
        (?, ?, ?, ?, ?, ?)
26-08-15 20:02:45.194 [Test worker] TRACE org.hibernate.orm.jdbc.bind - binding parameter (1:TIMESTAMP_UTC) <- [2026-08-15T11:02:45.193454Z]
26-08-15 20:02:45.194 [Test worker] TRACE org.hibernate.orm.jdbc.bind - binding parameter (2:VARCHAR) <- [email@example.com]
26-08-15 20:02:45.194 [Test worker] TRACE org.hibernate.orm.jdbc.bind - binding parameter (3:VARCHAR) <- [password123!]
26-08-15 20:02:45.194 [Test worker] TRACE org.hibernate.orm.jdbc.bind - binding parameter (4:UUID) <- [null]
26-08-15 20:02:45.194 [Test worker] TRACE org.hibernate.orm.jdbc.bind - binding parameter (5:VARCHAR) <- [emailuser]
26-08-15 20:02:45.194 [Test worker] TRACE org.hibernate.orm.jdbc.bind - binding parameter (6:UUID) <- [ea667480-f117-4241-b00e-faf2815d43dc]
26-08-15 20:02:45.195 [Test worker] DEBUG org.hibernate.SQL - 
    /* <criteria> */ select
        u1_0.id,
        u1_0.created_at,
        u1_0.email,
        u1_0.password,
        u1_0.profile_id,
        u1_0.username 
    from
        users u1_0 
    where
        u1_0.email=?
26-08-15 20:02:45.196 [Test worker] TRACE org.hibernate.orm.jdbc.bind - binding parameter (1:VARCHAR) <- [email@example.com]
26-08-15 20:02:45.199 [Test worker] DEBUG org.hibernate.SQL - 
    /* insert for
        com.sprint.mission.discodeit.entity.User */insert 
    into
        users (created_at, email, password, profile_id, username, id) 
    values
        (?, ?, ?, ?, ?, ?)
26-08-15 20:02:45.199 [Test worker] TRACE org.hibernate.orm.jdbc.bind - binding parameter (1:TIMESTAMP_UTC) <- [2026-08-15T11:02:45.199140Z]
26-08-15 20:02:45.199 [Test worker] TRACE org.hibernate.orm.jdbc.bind - binding parameter (2:VARCHAR) <- [test@example.com]
26-08-15 20:02:45.199 [Test worker] TRACE org.hibernate.orm.jdbc.bind - binding parameter (3:VARCHAR) <- [password123!]
26-08-15 20:02:45.199 [Test worker] TRACE org.hibernate.orm.jdbc.bind - binding parameter (4:UUID) <- [null]
26-08-15 20:02:45.199 [Test worker] TRACE org.hibernate.orm.jdbc.bind - binding parameter (5:VARCHAR) <- [testuser]
26-08-15 20:02:45.199 [Test worker] TRACE org.hibernate.orm.jdbc.bind - binding parameter (6:UUID) <- [5c03c300-e866-4c04-b579-fea8223d875e]
26-08-15 20:02:45.201 [Test worker] DEBUG org.hibernate.SQL - 
    /* <criteria> */ select
        u1_0.id,
        u1_0.created_at,
        u1_0.email,
        u1_0.password,
        u1_0.profile_id,
        u1_0.username 
    from
        users u1_0 
    where
        u1_0.username=?
26-08-15 20:02:45.201 [Test worker] TRACE org.hibernate.orm.jdbc.bind - binding parameter (1:VARCHAR) <- [testuser]
26-08-15 20:02:45.205 [Test worker] DEBUG org.hibernate.SQL - 
    /* <criteria> */ select
        u1_0.id,
        u1_0.created_at,
        u1_0.email,
        u1_0.password,
        u1_0.profile_id,
        u1_0.username 
    from
        users u1_0 
    where
        u1_0.username=?
26-08-15 20:02:45.205 [Test worker] TRACE org.hibernate.orm.jdbc.bind - binding parameter (1:VARCHAR) <- [nonexistent]
26-08-15 20:02:45.509 [Test worker] INFO  c.s.m.d.s.basic.BasicChannelService - 유저의 채널 목록 조회 요청 - userId: 2f065ef4-baed-4e0e-ac96-fbdee2f3967f
26-08-15 20:02:45.510 [Test worker] INFO  c.s.m.d.s.basic.BasicChannelService - 채널 목록 조회 완료 - 채널 수: 1
26-08-15 20:02:45.525 [Test worker] INFO  c.s.m.d.s.basic.BasicChannelService - 채널 삭제 요청 - channelId: 3783927a-414b-40a8-9d52-890617f96d39
26-08-15 20:02:45.525 [Test worker] INFO  c.s.m.d.s.basic.BasicChannelService - 채널 삭제 완료 - channelId: 3783927a-414b-40a8-9d52-890617f96d39
26-08-15 20:02:45.542 [Test worker] INFO  c.s.m.d.s.basic.BasicChannelService - 채널 삭제 요청 - channelId: f653380d-a388-4a2c-96a5-64e97fb5b8e5
26-08-15 20:02:45.548 [Test worker] INFO  c.s.m.d.s.basic.BasicChannelService - PRIVATE 채널 생성 요청 - 참여자 수: 1
26-08-15 20:02:45.552 [Test worker] INFO  c.s.m.d.s.basic.BasicChannelService - PUBLIC 채널 생성 요청 - name: 공지
26-08-15 20:02:45.552 [Test worker] INFO  c.s.m.d.s.basic.BasicChannelService - PUBLIC 채널 생성 완료 - channelId: ce2bc332-3e37-4574-97d2-6a1112eeb1be
26-08-15 20:02:45.556 [Test worker] INFO  c.s.m.d.s.basic.BasicChannelService - 채널 수정 요청 - channelId: b9806cf4-2757-4473-afe5-a094e0fb7f21
26-08-15 20:02:45.558 [Test worker] INFO  c.s.m.d.s.basic.BasicChannelService - 채널 수정 요청 - channelId: 29879c96-8524-422d-8838-151cde413ef3
26-08-15 20:02:45.559 [Test worker] INFO  c.s.m.d.s.basic.BasicChannelService - 채널 수정 완료 - channelId: 29879c96-8524-422d-8838-151cde413ef3
26-08-15 20:02:45.672 [Test worker] INFO  c.s.m.d.s.basic.BasicMessageService - 메시지 삭제 요청 - messageId: 60402ceb-9369-487a-8b26-d84e5f983cbe
26-08-15 20:02:45.672 [Test worker] INFO  c.s.m.d.s.basic.BasicMessageService - 메시지 삭제 완료 - messageId: 60402ceb-9369-487a-8b26-d84e5f983cbe
26-08-15 20:02:45.674 [Test worker] INFO  c.s.m.d.s.basic.BasicMessageService - 메시지 수정 요청 - messageId: 38ff10c6-564c-4a1c-b404-bfb846a09174
26-08-15 20:02:45.678 [Test worker] INFO  c.s.m.d.s.basic.BasicMessageService - 메시지 삭제 요청 - messageId: fb52a652-dd62-4f90-a278-bf31ab181226
26-08-15 20:02:45.680 [Test worker] INFO  c.s.m.d.s.basic.BasicMessageService - 메시지 생성 요청 - channelId: 0ecd6fc4-684f-4545-b790-5b24fc1ccb88, authorId: 6b45aaa9-c48e-473e-bd36-5f9d76c43f4e
26-08-15 20:02:45.683 [Test worker] INFO  c.s.m.d.s.basic.BasicMessageService - 채널 메시지 목록 조회 요청 - channelId: 90b8792a-6eb5-4137-98cd-abd8b41d19ba
26-08-15 20:02:45.683 [Test worker] INFO  c.s.m.d.s.basic.BasicMessageService - 채널 메시지 목록 조회 완료 - 페이지: 0, 다음 페이지 여부: false
26-08-15 20:02:45.685 [Test worker] INFO  c.s.m.d.s.basic.BasicMessageService - 메시지 수정 요청 - messageId: 8f364da2-72ec-4fc4-898c-e64d6a99067f
26-08-15 20:02:45.685 [Test worker] INFO  c.s.m.d.s.basic.BasicMessageService - 메시지 수정 완료 - messageId: 8f364da2-72ec-4fc4-898c-e64d6a99067f
26-08-15 20:02:45.688 [Test worker] INFO  c.s.m.d.s.basic.BasicMessageService - 메시지 생성 요청 - channelId: 308988d5-9114-44be-ab87-d97a51e6e86b, authorId: 399dcd33-7ee2-40ab-8416-7f2c613c0393
26-08-15 20:02:45.688 [Test worker] INFO  c.s.m.d.s.basic.BasicMessageService - 메시지 생성 완료 - messageId: null
26-08-15 20:02:45.761 [Test worker] INFO  c.s.m.d.s.basic.BasicUserService - 유저 삭제 요청 - userId: e9e106b4-29f5-4c21-8568-bb3097ab3f15
26-08-15 20:02:45.761 [Test worker] INFO  c.s.m.d.s.basic.BasicUserService - 유저 삭제 완료 - userId: e9e106b4-29f5-4c21-8568-bb3097ab3f15
26-08-15 20:02:45.763 [Test worker] INFO  c.s.m.d.s.basic.BasicUserService - 유저 삭제 요청 - userId: d1526b2b-a0ea-4ef9-b954-6670e2b1f08b
26-08-15 20:02:45.765 [Test worker] INFO  c.s.m.d.s.basic.BasicUserService - 유저 생성 요청 - username: duplicateUser, email: test@example.com
26-08-15 20:02:45.767 [Test worker] INFO  c.s.m.d.s.basic.BasicUserService - 유저 수정 요청 - userId: a563f66e-6e24-4521-8ee9-fd49f9ea5823
26-08-15 20:02:45.767 [Test worker] INFO  c.s.m.d.s.basic.BasicUserService - 유저 수정 완료 - userId: a563f66e-6e24-4521-8ee9-fd49f9ea5823
26-08-15 20:02:45.769 [Test worker] INFO  c.s.m.d.s.basic.BasicUserService - 유저 생성 요청 - username: testuser, email: test@example.com
26-08-15 20:02:45.769 [Test worker] INFO  c.s.m.d.s.basic.BasicUserService - 유저 생성 완료 - userId: null
26-08-15 20:02:45.771 [Test worker] INFO  c.s.m.d.s.basic.BasicUserService - 유저 수정 요청 - userId: d6acc8db-38d9-4aaf-9564-deb4af0ea34d
26-08-15 20:02:45.843 [Test worker] INFO  o.s.t.c.s.AnnotationConfigContextLoaderUtils - Could not detect default configuration classes for test class [com.sprint.mission.discodeit.storage.s3.S3BinaryContentStorageTest]: S3BinaryContentStorageTest does not declare any static, non-private, non-final, nested classes annotated with @Configuration.
26-08-15 20:02:45.855 [Test worker] INFO  o.s.b.t.c.SpringBootTestContextBootstrapper - Found @SpringBootConfiguration com.sprint.mission.discodeit.DiscodeitApplication for test class com.sprint.mission.discodeit.storage.s3.S3BinaryContentStorageTest
26-08-15 20:02:45.891 [Test worker] INFO  c.s.m.d.s.s.S3BinaryContentStorageTest - Starting S3BinaryContentStorageTest using Java 17.0.19 with PID 70981 (started by jangjunseo in /Users/jangjunseo/Desktop/codei_13th_develop/13-sprint-mission)
26-08-15 20:02:45.892 [Test worker] INFO  c.s.m.d.s.s.S3BinaryContentStorageTest - The following 1 profile is active: "test"
26-08-15 20:02:46.119 [Test worker] INFO  o.s.d.r.c.RepositoryConfigurationDelegate - Bootstrapping Spring Data JPA repositories in DEFAULT mode.
26-08-15 20:02:46.135 [Test worker] INFO  o.s.d.r.c.RepositoryConfigurationDelegate - Finished Spring Data repository scanning in 13 ms. Found 6 JPA repository interfaces.
26-08-15 20:02:46.232 [Test worker] INFO  o.h.jpa.internal.util.LogHelper - HHH000204: Processing PersistenceUnitInfo [name: default]
26-08-15 20:02:46.235 [Test worker] INFO  o.h.c.i.RegionFactoryInitiator - HHH000026: Second-level cache disabled
26-08-15 20:02:46.244 [Test worker] INFO  o.s.o.j.p.SpringPersistenceUnitInfo - No LoadTimeWeaver setup: ignoring JPA class transformer
26-08-15 20:02:46.245 [Test worker] INFO  com.zaxxer.hikari.HikariDataSource - HikariPool-2 - Starting...
26-08-15 20:02:46.245 [Test worker] INFO  com.zaxxer.hikari.pool.HikariPool - HikariPool-2 - Added connection conn28: url=jdbc:h2:mem:testdb user=SA
26-08-15 20:02:46.246 [Test worker] INFO  com.zaxxer.hikari.HikariDataSource - HikariPool-2 - Start completed.
26-08-15 20:02:46.246 [Test worker] INFO  o.hibernate.orm.connections.pooling - HHH10001005: Database info:
	Database JDBC URL [Connecting through datasource 'HikariDataSource (HikariPool-2)']
	Database driver: undefined/unknown
	Database version: 2.3.232
	Autocommit mode: undefined/unknown
	Isolation level: undefined/unknown
	Minimum pool size: undefined/unknown
	Maximum pool size: undefined/unknown
26-08-15 20:02:46.333 [Test worker] INFO  o.h.e.t.j.p.i.JtaPlatformInitiator - HHH000489: No JTA platform available (set 'hibernate.transaction.jta.platform' to enable JTA platform integration)
26-08-15 20:02:46.334 [Test worker] DEBUG org.hibernate.SQL - 
    drop table if exists binary_contents cascade 
26-08-15 20:02:46.335 [Test worker] DEBUG org.hibernate.SQL - 
    drop table if exists channels cascade 
26-08-15 20:02:46.336 [Test worker] DEBUG org.hibernate.SQL - 
    drop table if exists message_attachments cascade 
26-08-15 20:02:46.336 [Test worker] DEBUG org.hibernate.SQL - 
    drop table if exists messages cascade 
26-08-15 20:02:46.336 [Test worker] DEBUG org.hibernate.SQL - 
    drop table if exists read_statuses cascade 
26-08-15 20:02:46.337 [Test worker] DEBUG org.hibernate.SQL - 
    drop table if exists user_statuses cascade 
26-08-15 20:02:46.337 [Test worker] DEBUG org.hibernate.SQL - 
    drop table if exists users cascade 
26-08-15 20:02:46.337 [Test worker] DEBUG org.hibernate.SQL - 
    create table binary_contents (
        created_at timestamp(6) with time zone,
        size bigint not null,
        id uuid not null,
        content_type varchar(255),
        file_name varchar(255),
        primary key (id)
    )
26-08-15 20:02:46.338 [Test worker] DEBUG org.hibernate.SQL - 
    create table channels (
        created_at timestamp(6) with time zone,
        id uuid not null,
        description varchar(255),
        name varchar(255),
        type enum ('PRIVATE','PUBLIC'),
        primary key (id)
    )
26-08-15 20:02:46.339 [Test worker] DEBUG org.hibernate.SQL - 
    create table message_attachments (
        attachment_id uuid not null,
        message_id uuid not null
    )
26-08-15 20:02:46.339 [Test worker] DEBUG org.hibernate.SQL - 
    create table messages (
        created_at timestamp(6) with time zone,
        author_id uuid,
        channel_id uuid,
        id uuid not null,
        content varchar(255),
        primary key (id)
    )
26-08-15 20:02:46.340 [Test worker] DEBUG org.hibernate.SQL - 
    create table read_statuses (
        created_at timestamp(6) with time zone,
        last_read_at timestamp(6) with time zone,
        channel_id uuid,
        id uuid not null,
        user_id uuid,
        primary key (id)
    )
26-08-15 20:02:46.340 [Test worker] DEBUG org.hibernate.SQL - 
    create table user_statuses (
        created_at timestamp(6) with time zone,
        last_active_at timestamp(6) with time zone,
        id uuid not null,
        user_id uuid unique,
        primary key (id)
    )
26-08-15 20:02:46.341 [Test worker] DEBUG org.hibernate.SQL - 
    create table users (
        created_at timestamp(6) with time zone,
        id uuid not null,
        profile_id uuid unique,
        email varchar(255),
        password varchar(255),
        username varchar(255),
        primary key (id)
    )
26-08-15 20:02:46.341 [Test worker] DEBUG org.hibernate.SQL - 
    alter table if exists message_attachments 
       add constraint FKsd1m8rb8jcpbcnb7rpdue7ctc 
       foreign key (attachment_id) 
       references binary_contents
26-08-15 20:02:46.342 [Test worker] DEBUG org.hibernate.SQL - 
    alter table if exists message_attachments 
       add constraint FKj7twd218e2gqw9cmlhwvo1rth 
       foreign key (message_id) 
       references messages
26-08-15 20:02:46.343 [Test worker] DEBUG org.hibernate.SQL - 
    alter table if exists messages 
       add constraint FKowtlim26svclkatusptbgi7u1 
       foreign key (author_id) 
       references users
26-08-15 20:02:46.344 [Test worker] DEBUG org.hibernate.SQL - 
    alter table if exists messages 
       add constraint FK3u3ckbhwq9se1cmopk2pq05b2 
       foreign key (channel_id) 
       references channels
26-08-15 20:02:46.345 [Test worker] DEBUG org.hibernate.SQL - 
    alter table if exists read_statuses 
       add constraint FKa38ri44ml4gfdpklx4ahqr8gd 
       foreign key (channel_id) 
       references channels
26-08-15 20:02:46.346 [Test worker] DEBUG org.hibernate.SQL - 
    alter table if exists read_statuses 
       add constraint FKml3k4wr9sj5yxrmj6d0aoib2e 
       foreign key (user_id) 
       references users
26-08-15 20:02:46.347 [Test worker] DEBUG org.hibernate.SQL - 
    alter table if exists user_statuses 
       add constraint FK4lfl3ei2ubchgcxrrpo3pw4mm 
       foreign key (user_id) 
       references users
26-08-15 20:02:46.347 [Test worker] DEBUG org.hibernate.SQL - 
    alter table if exists users 
       add constraint FKtbudycgrip49xdptogmhfqnso 
       foreign key (profile_id) 
       references binary_contents
26-08-15 20:02:46.349 [Test worker] INFO  o.s.o.j.LocalContainerEntityManagerFactoryBean - Initialized JPA EntityManagerFactory for persistence unit 'default'
26-08-15 20:02:46.417 [Test worker] WARN  o.s.w.c.s.GenericWebApplicationContext - Exception encountered during context initialization - cancelling refresh attempt: org.springframework.beans.factory.UnsatisfiedDependencyException: Error creating bean with name 'binaryContentController' defined in file [/Users/jangjunseo/Desktop/codei_13th_develop/13-sprint-mission/build/classes/java/main/com/sprint/mission/discodeit/controller/BinaryContentController.class]: Unsatisfied dependency expressed through constructor parameter 0: Error creating bean with name 'basicBinaryContentService' defined in file [/Users/jangjunseo/Desktop/codei_13th_develop/13-sprint-mission/build/classes/java/main/com/sprint/mission/discodeit/service/basic/BasicBinaryContentService.class]: Unsatisfied dependency expressed through constructor parameter 2: Error creating bean with name 's3BinaryContentStorage' defined in file [/Users/jangjunseo/Desktop/codei_13th_develop/13-sprint-mission/build/classes/java/main/com/sprint/mission/discodeit/storage/s3/S3BinaryContentStorage.class]: Unexpected exception during bean creation
26-08-15 20:02:46.417 [Test worker] INFO  o.s.o.j.LocalContainerEntityManagerFactoryBean - Closing JPA EntityManagerFactory for persistence unit 'default'
26-08-15 20:02:46.418 [Test worker] DEBUG org.hibernate.SQL - 
    drop table if exists binary_contents cascade 
26-08-15 20:02:46.418 [Test worker] DEBUG org.hibernate.SQL - 
    drop table if exists channels cascade 
26-08-15 20:02:46.419 [Test worker] DEBUG org.hibernate.SQL - 
    drop table if exists message_attachments cascade 
26-08-15 20:02:46.419 [Test worker] DEBUG org.hibernate.SQL - 
    drop table if exists messages cascade 
26-08-15 20:02:46.420 [Test worker] DEBUG org.hibernate.SQL - 
    drop table if exists read_statuses cascade 
26-08-15 20:02:46.420 [Test worker] DEBUG org.hibernate.SQL - 
    drop table if exists user_statuses cascade 
26-08-15 20:02:46.420 [Test worker] DEBUG org.hibernate.SQL - 
    drop table if exists users cascade 
26-08-15 20:02:46.421 [Test worker] INFO  com.zaxxer.hikari.HikariDataSource - HikariPool-2 - Shutdown initiated...
26-08-15 20:02:46.452 [Test worker] INFO  com.zaxxer.hikari.HikariDataSource - HikariPool-2 - Shutdown completed.
26-08-15 20:02:46.475 [Test worker] INFO  o.s.b.a.l.ConditionEvaluationReportLogger - 

Error starting ApplicationContext. To display the condition evaluation report re-run your application with 'debug' enabled.
26-08-15 20:02:46.496 [Test worker] ERROR o.s.boot.SpringApplication - Application run failed
org.springframework.beans.factory.UnsatisfiedDependencyException: Error creating bean with name 'binaryContentController' defined in file [/Users/jangjunseo/Desktop/codei_13th_develop/13-sprint-mission/build/classes/java/main/com/sprint/mission/discodeit/controller/BinaryContentController.class]: Unsatisfied dependency expressed through constructor parameter 0: Error creating bean with name 'basicBinaryContentService' defined in file [/Users/jangjunseo/Desktop/codei_13th_develop/13-sprint-mission/build/classes/java/main/com/sprint/mission/discodeit/service/basic/BasicBinaryContentService.class]: Unsatisfied dependency expressed through constructor parameter 2: Error creating bean with name 's3BinaryContentStorage' defined in file [/Users/jangjunseo/Desktop/codei_13th_develop/13-sprint-mission/build/classes/java/main/com/sprint/mission/discodeit/storage/s3/S3BinaryContentStorage.class]: Unexpected exception during bean creation
	at org.springframework.beans.factory.support.ConstructorResolver.createArgumentArray(ConstructorResolver.java:804)
	at org.springframework.beans.factory.support.ConstructorResolver.autowireConstructor(ConstructorResolver.java:240)
	at org.springframework.beans.factory.support.AbstractAutowireCapableBeanFactory.autowireConstructor(AbstractAutowireCapableBeanFactory.java:1371)
	at org.springframework.beans.factory.support.AbstractAutowireCapableBeanFactory.createBeanInstance(AbstractAutowireCapableBeanFactory.java:1208)
	at org.springframework.beans.factory.support.AbstractAutowireCapableBeanFactory.doCreateBean(AbstractAutowireCapableBeanFactory.java:563)
	at org.springframework.beans.factory.support.AbstractAutowireCapableBeanFactory.createBean(AbstractAutowireCapableBeanFactory.java:523)
	at org.springframework.beans.factory.support.AbstractBeanFactory.lambda$doGetBean$0(AbstractBeanFactory.java:336)
	at org.springframework.beans.factory.support.DefaultSingletonBeanRegistry.getSingleton(DefaultSingletonBeanRegistry.java:288)
	at org.springframework.beans.factory.support.AbstractBeanFactory.doGetBean(AbstractBeanFactory.java:334)
	at org.springframework.beans.factory.support.AbstractBeanFactory.getBean(AbstractBeanFactory.java:199)
	at org.springframework.beans.factory.support.DefaultListableBeanFactory.instantiateSingleton(DefaultListableBeanFactory.java:1122)
	at org.springframework.beans.factory.support.DefaultListableBeanFactory.preInstantiateSingleton(DefaultListableBeanFactory.java:1093)
	at org.springframework.beans.factory.support.DefaultListableBeanFactory.preInstantiateSingletons(DefaultListableBeanFactory.java:1030)
	at org.springframework.context.support.AbstractApplicationContext.finishBeanFactoryInitialization(AbstractApplicationContext.java:987)
	at org.springframework.context.support.AbstractApplicationContext.refresh(AbstractApplicationContext.java:627)
	at org.springframework.boot.SpringApplication.refresh(SpringApplication.java:752)
	at org.springframework.boot.SpringApplication.refreshContext(SpringApplication.java:439)
	at org.springframework.boot.SpringApplication.run(SpringApplication.java:318)
	at org.springframework.boot.test.context.SpringBootContextLoader.lambda$loadContext$3(SpringBootContextLoader.java:137)
	at org.springframework.util.function.ThrowingSupplier.get(ThrowingSupplier.java:58)
	at org.springframework.util.function.ThrowingSupplier.get(ThrowingSupplier.java:46)
	at org.springframework.boot.SpringApplication.withHook(SpringApplication.java:1461)
	at org.springframework.boot.test.context.SpringBootContextLoader$ContextLoaderHook.run(SpringBootContextLoader.java:553)
	at org.springframework.boot.test.context.SpringBootContextLoader.loadContext(SpringBootContextLoader.java:137)
	at org.springframework.boot.test.context.SpringBootContextLoader.loadContext(SpringBootContextLoader.java:108)
	at org.springframework.test.context.cache.DefaultCacheAwareContextLoaderDelegate.loadContextInternal(DefaultCacheAwareContextLoaderDelegate.java:225)
	at org.springframework.test.context.cache.DefaultCacheAwareContextLoaderDelegate.loadContext(DefaultCacheAwareContextLoaderDelegate.java:152)
	at org.springframework.test.context.support.DefaultTestContext.getApplicationContext(DefaultTestContext.java:130)
	at org.springframework.test.context.web.ServletTestExecutionListener.setUpRequestContextIfNecessary(ServletTestExecutionListener.java:191)
	at org.springframework.test.context.web.ServletTestExecutionListener.prepareTestInstance(ServletTestExecutionListener.java:130)
	at org.springframework.test.context.TestContextManager.prepareTestInstance(TestContextManager.java:260)
	at org.springframework.test.context.junit.jupiter.SpringExtension.postProcessTestInstance(SpringExtension.java:160)
	at org.junit.jupiter.engine.descriptor.ClassBasedTestDescriptor.lambda$invokeTestInstancePostProcessors$11(ClassBasedTestDescriptor.java:378)
	at org.junit.jupiter.engine.descriptor.ClassBasedTestDescriptor.executeAndMaskThrowable(ClassBasedTestDescriptor.java:383)
	at org.junit.jupiter.engine.descriptor.ClassBasedTestDescriptor.lambda$invokeTestInstancePostProcessors$12(ClassBasedTestDescriptor.java:378)
	at java.base/java.util.stream.ForEachOps$ForEachOp$OfRef.accept(ForEachOps.java:183)
	at java.base/java.util.stream.ReferencePipeline$3$1.accept(ReferencePipeline.java:197)
	at java.base/java.util.stream.ReferencePipeline$2$1.accept(ReferencePipeline.java:179)
	at java.base/java.util.stream.ReferencePipeline$3$1.accept(ReferencePipeline.java:197)
	at java.base/java.util.ArrayList$ArrayListSpliterator.forEachRemaining(ArrayList.java:1625)
	at java.base/java.util.stream.AbstractPipeline.copyInto(AbstractPipeline.java:509)
	at java.base/java.util.stream.AbstractPipeline.wrapAndCopyInto(AbstractPipeline.java:499)
	at java.base/java.util.stream.ForEachOps$ForEachOp.evaluateSequential(ForEachOps.java:150)
	at java.base/java.util.stream.ForEachOps$ForEachOp$OfRef.evaluateSequential(ForEachOps.java:173)
	at java.base/java.util.stream.AbstractPipeline.evaluate(AbstractPipeline.java:234)
	at java.base/java.util.stream.ReferencePipeline.forEach(ReferencePipeline.java:596)
	at org.junit.jupiter.engine.descriptor.ClassBasedTestDescriptor.invokeTestInstancePostProcessors(ClassBasedTestDescriptor.java:377)
	at org.junit.jupiter.engine.descriptor.ClassBasedTestDescriptor.lambda$instantiateAndPostProcessTestInstance$7(ClassBasedTestDescriptor.java:290)
	at org.junit.platform.engine.support.hierarchical.ThrowableCollector.execute(ThrowableCollector.java:73)
	at org.junit.jupiter.engine.descriptor.ClassBasedTestDescriptor.instantiateAndPostProcessTestInstance(ClassBasedTestDescriptor.java:289)
	at org.junit.jupiter.engine.descriptor.ClassBasedTestDescriptor.lambda$testInstancesProvider$5(ClassBasedTestDescriptor.java:279)
	at java.base/java.util.Optional.orElseGet(Optional.java:364)
	at org.junit.jupiter.engine.descriptor.ClassBasedTestDescriptor.lambda$testInstancesProvider$6(ClassBasedTestDescriptor.java:278)
	at org.junit.jupiter.engine.execution.TestInstancesProvider.getTestInstances(TestInstancesProvider.java:31)
	at org.junit.jupiter.engine.descriptor.TestMethodTestDescriptor.lambda$prepare$1(TestMethodTestDescriptor.java:105)
	at org.junit.platform.engine.support.hierarchical.ThrowableCollector.execute(ThrowableCollector.java:73)
	at org.junit.jupiter.engine.descriptor.TestMethodTestDescriptor.prepare(TestMethodTestDescriptor.java:104)
	at org.junit.jupiter.engine.descriptor.TestMethodTestDescriptor.prepare(TestMethodTestDescriptor.java:68)
	at org.junit.platform.engine.support.hierarchical.NodeTestTask.lambda$prepare$2(NodeTestTask.java:128)
	at org.junit.platform.engine.support.hierarchical.ThrowableCollector.execute(ThrowableCollector.java:73)
	at org.junit.platform.engine.support.hierarchical.NodeTestTask.prepare(NodeTestTask.java:128)
	at org.junit.platform.engine.support.hierarchical.NodeTestTask.execute(NodeTestTask.java:95)
	at java.base/java.util.ArrayList.forEach(ArrayList.java:1511)
	at org.junit.platform.engine.support.hierarchical.SameThreadHierarchicalTestExecutorService.invokeAll(SameThreadHierarchicalTestExecutorService.java:41)
	at org.junit.platform.engine.support.hierarchical.NodeTestTask.lambda$executeRecursively$6(NodeTestTask.java:160)
	at org.junit.platform.engine.support.hierarchical.ThrowableCollector.execute(ThrowableCollector.java:73)
	at org.junit.platform.engine.support.hierarchical.NodeTestTask.lambda$executeRecursively$8(NodeTestTask.java:146)
	at org.junit.platform.engine.support.hierarchical.Node.around(Node.java:137)
	at org.junit.platform.engine.support.hierarchical.NodeTestTask.lambda$executeRecursively$9(NodeTestTask.java:144)
	at org.junit.platform.engine.support.hierarchical.ThrowableCollector.execute(ThrowableCollector.java:73)
	at org.junit.platform.engine.support.hierarchical.NodeTestTask.executeRecursively(NodeTestTask.java:143)
	at org.junit.platform.engine.support.hierarchical.NodeTestTask.execute(NodeTestTask.java:100)
	at java.base/java.util.ArrayList.forEach(ArrayList.java:1511)
	at org.junit.platform.engine.support.hierarchical.SameThreadHierarchicalTestExecutorService.invokeAll(SameThreadHierarchicalTestExecutorService.java:41)
	at org.junit.platform.engine.support.hierarchical.NodeTestTask.lambda$executeRecursively$6(NodeTestTask.java:160)
	at org.junit.platform.engine.support.hierarchical.ThrowableCollector.execute(ThrowableCollector.java:73)
	at org.junit.platform.engine.support.hierarchical.NodeTestTask.lambda$executeRecursively$8(NodeTestTask.java:146)
	at org.junit.platform.engine.support.hierarchical.Node.around(Node.java:137)
	at org.junit.platform.engine.support.hierarchical.NodeTestTask.lambda$executeRecursively$9(NodeTestTask.java:144)
	at org.junit.platform.engine.support.hierarchical.ThrowableCollector.execute(ThrowableCollector.java:73)
	at org.junit.platform.engine.support.hierarchical.NodeTestTask.executeRecursively(NodeTestTask.java:143)
	at org.junit.platform.engine.support.hierarchical.NodeTestTask.execute(NodeTestTask.java:100)
	at org.junit.platform.engine.support.hierarchical.SameThreadHierarchicalTestExecutorService.submit(SameThreadHierarchicalTestExecutorService.java:35)
	at org.junit.platform.engine.support.hierarchical.HierarchicalTestExecutor.execute(HierarchicalTestExecutor.java:57)
	at org.junit.platform.engine.support.hierarchical.HierarchicalTestEngine.execute(HierarchicalTestEngine.java:54)
	at org.junit.platform.launcher.core.EngineExecutionOrchestrator.execute(EngineExecutionOrchestrator.java:198)
	at org.junit.platform.launcher.core.EngineExecutionOrchestrator.execute(EngineExecutionOrchestrator.java:169)
	at org.junit.platform.launcher.core.EngineExecutionOrchestrator.execute(EngineExecutionOrchestrator.java:93)
	at org.junit.platform.launcher.core.EngineExecutionOrchestrator.lambda$execute$0(EngineExecutionOrchestrator.java:58)
	at org.junit.platform.launcher.core.EngineExecutionOrchestrator.withInterceptedStreams(EngineExecutionOrchestrator.java:141)
	at org.junit.platform.launcher.core.EngineExecutionOrchestrator.execute(EngineExecutionOrchestrator.java:57)
	at org.junit.platform.launcher.core.DefaultLauncher.execute(DefaultLauncher.java:103)
	at org.junit.platform.launcher.core.DefaultLauncher.execute(DefaultLauncher.java:85)
	at org.junit.platform.launcher.core.DelegatingLauncher.execute(DelegatingLauncher.java:47)
	at org.gradle.api.internal.tasks.testing.junitplatform.JUnitPlatformTestClassProcessor$CollectAllTestClassesExecutor.processAllTestClasses(JUnitPlatformTestClassProcessor.java:124)
	at org.gradle.api.internal.tasks.testing.junitplatform.JUnitPlatformTestClassProcessor$CollectAllTestClassesExecutor.access$000(JUnitPlatformTestClassProcessor.java:99)
	at org.gradle.api.internal.tasks.testing.junitplatform.JUnitPlatformTestClassProcessor.stop(JUnitPlatformTestClassProcessor.java:94)
	at org.gradle.api.internal.tasks.testing.SuiteTestClassProcessor.stop(SuiteTestClassProcessor.java:63)
	at java.base/jdk.internal.reflect.NativeMethodAccessorImpl.invoke0(Native Method)
	at java.base/jdk.internal.reflect.NativeMethodAccessorImpl.invoke(NativeMethodAccessorImpl.java:77)
	at java.base/jdk.internal.reflect.DelegatingMethodAccessorImpl.invoke(DelegatingMethodAccessorImpl.java:43)
	at java.base/java.lang.reflect.Method.invoke(Method.java:569)
	at org.gradle.internal.dispatch.ReflectionDispatch.dispatch(ReflectionDispatch.java:36)
	at org.gradle.internal.dispatch.ReflectionDispatch.dispatch(ReflectionDispatch.java:24)
	at org.gradle.internal.dispatch.ContextClassLoaderDispatch.dispatch(ContextClassLoaderDispatch.java:33)
	at org.gradle.internal.dispatch.ProxyDispatchAdapter$DispatchingInvocationHandler.invoke(ProxyDispatchAdapter.java:92)
	at jdk.proxy2/jdk.proxy2.$Proxy6.stop(Unknown Source)
	at org.gradle.api.internal.tasks.testing.worker.TestWorker$3.run(TestWorker.java:200)
	at org.gradle.api.internal.tasks.testing.worker.TestWorker.executeAndMaintainThreadName(TestWorker.java:132)
	at org.gradle.api.internal.tasks.testing.worker.TestWorker.execute(TestWorker.java:103)
	at org.gradle.api.internal.tasks.testing.worker.TestWorker.execute(TestWorker.java:63)
	at org.gradle.process.internal.worker.child.ActionExecutionWorker.execute(ActionExecutionWorker.java:56)
	at org.gradle.process.internal.worker.child.SystemApplicationClassLoaderWorker.call(SystemApplicationClassLoaderWorker.java:122)
	at org.gradle.process.internal.worker.child.SystemApplicationClassLoaderWorker.call(SystemApplicationClassLoaderWorker.java:72)
	at worker.org.gradle.process.internal.worker.GradleWorkerMain.run(GradleWorkerMain.java:69)
	at worker.org.gradle.process.internal.worker.GradleWorkerMain.main(GradleWorkerMain.java:74)
Caused by: org.springframework.beans.factory.UnsatisfiedDependencyException: Error creating bean with name 'basicBinaryContentService' defined in file [/Users/jangjunseo/Desktop/codei_13th_develop/13-sprint-mission/build/classes/java/main/com/sprint/mission/discodeit/service/basic/BasicBinaryContentService.class]: Unsatisfied dependency expressed through constructor parameter 2: Error creating bean with name 's3BinaryContentStorage' defined in file [/Users/jangjunseo/Desktop/codei_13th_develop/13-sprint-mission/build/classes/java/main/com/sprint/mission/discodeit/storage/s3/S3BinaryContentStorage.class]: Unexpected exception during bean creation
	at org.springframework.beans.factory.support.ConstructorResolver.createArgumentArray(ConstructorResolver.java:804)
	at org.springframework.beans.factory.support.ConstructorResolver.autowireConstructor(ConstructorResolver.java:240)
	at org.springframework.beans.factory.support.AbstractAutowireCapableBeanFactory.autowireConstructor(AbstractAutowireCapableBeanFactory.java:1371)
	at org.springframework.beans.factory.support.AbstractAutowireCapableBeanFactory.createBeanInstance(AbstractAutowireCapableBeanFactory.java:1208)
	at org.springframework.beans.factory.support.AbstractAutowireCapableBeanFactory.doCreateBean(AbstractAutowireCapableBeanFactory.java:563)
	at org.springframework.beans.factory.support.AbstractAutowireCapableBeanFactory.createBean(AbstractAutowireCapableBeanFactory.java:523)
	at org.springframework.beans.factory.support.AbstractBeanFactory.lambda$doGetBean$0(AbstractBeanFactory.java:336)
	at org.springframework.beans.factory.support.DefaultSingletonBeanRegistry.getSingleton(DefaultSingletonBeanRegistry.java:288)
	at org.springframework.beans.factory.support.AbstractBeanFactory.doGetBean(AbstractBeanFactory.java:334)
	at org.springframework.beans.factory.support.AbstractBeanFactory.getBean(AbstractBeanFactory.java:199)
	at org.springframework.beans.factory.config.DependencyDescriptor.resolveCandidate(DependencyDescriptor.java:254)
	at org.springframework.beans.factory.support.DefaultListableBeanFactory.doResolveDependency(DefaultListableBeanFactory.java:1626)
	at org.springframework.beans.factory.support.DefaultListableBeanFactory.resolveDependency(DefaultListableBeanFactory.java:1514)
	at org.springframework.beans.factory.support.ConstructorResolver.resolveAutowiredArgument(ConstructorResolver.java:913)
	at org.springframework.beans.factory.support.ConstructorResolver.createArgumentArray(ConstructorResolver.java:791)
	... 115 common frames omitted
Caused by: org.springframework.beans.factory.BeanCreationException: Error creating bean with name 's3BinaryContentStorage' defined in file [/Users/jangjunseo/Desktop/codei_13th_develop/13-sprint-mission/build/classes/java/main/com/sprint/mission/discodeit/storage/s3/S3BinaryContentStorage.class]: Unexpected exception during bean creation
	at org.springframework.beans.factory.support.AbstractAutowireCapableBeanFactory.createBean(AbstractAutowireCapableBeanFactory.java:536)
	at org.springframework.beans.factory.support.AbstractBeanFactory.lambda$doGetBean$0(AbstractBeanFactory.java:336)
	at org.springframework.beans.factory.support.DefaultSingletonBeanRegistry.getSingleton(DefaultSingletonBeanRegistry.java:288)
	at org.springframework.beans.factory.support.AbstractBeanFactory.doGetBean(AbstractBeanFactory.java:334)
	at org.springframework.beans.factory.support.AbstractBeanFactory.getBean(AbstractBeanFactory.java:199)
	at org.springframework.beans.factory.config.DependencyDescriptor.resolveCandidate(DependencyDescriptor.java:254)
	at org.springframework.beans.factory.support.DefaultListableBeanFactory.doResolveDependency(DefaultListableBeanFactory.java:1626)
	at org.springframework.beans.factory.support.DefaultListableBeanFactory.resolveDependency(DefaultListableBeanFactory.java:1514)
	at org.springframework.beans.factory.support.ConstructorResolver.resolveAutowiredArgument(ConstructorResolver.java:913)
	at org.springframework.beans.factory.support.ConstructorResolver.createArgumentArray(ConstructorResolver.java:791)
	... 129 common frames omitted
Caused by: org.springframework.util.PlaceholderResolutionException: Could not resolve placeholder 'AWS_S3_REGION' in value "${AWS_S3_REGION}" <-- "${discodeit.storage.s3.region}"
	at org.springframework.util.PlaceholderResolutionException.withValue(PlaceholderResolutionException.java:81)
	at org.springframework.util.PlaceholderParser$ParsedValue.resolve(PlaceholderParser.java:416)
	at org.springframework.util.PlaceholderParser.replacePlaceholders(PlaceholderParser.java:128)
	at org.springframework.util.PropertyPlaceholderHelper.parseStringValue(PropertyPlaceholderHelper.java:118)
	at org.springframework.util.PropertyPlaceholderHelper.replacePlaceholders(PropertyPlaceholderHelper.java:114)
	at org.springframework.core.env.AbstractPropertyResolver.doResolvePlaceholders(AbstractPropertyResolver.java:255)
	at org.springframework.core.env.AbstractPropertyResolver.resolveRequiredPlaceholders(AbstractPropertyResolver.java:226)
	at org.springframework.context.support.PropertySourcesPlaceholderConfigurer.lambda$processProperties$0(PropertySourcesPlaceholderConfigurer.java:201)
	at org.springframework.beans.factory.support.AbstractBeanFactory.resolveEmbeddedValue(AbstractBeanFactory.java:963)
	at org.springframework.beans.factory.support.DefaultListableBeanFactory.doResolveDependency(DefaultListableBeanFactory.java:1536)
	at org.springframework.beans.factory.support.DefaultListableBeanFactory.resolveDependency(DefaultListableBeanFactory.java:1514)
	at org.springframework.beans.factory.support.ConstructorResolver.resolveAutowiredArgument(ConstructorResolver.java:913)
	at org.springframework.beans.factory.support.ConstructorResolver.createArgumentArray(ConstructorResolver.java:791)
	at org.springframework.beans.factory.support.ConstructorResolver.autowireConstructor(ConstructorResolver.java:240)
	at org.springframework.beans.factory.support.AbstractAutowireCapableBeanFactory.autowireConstructor(AbstractAutowireCapableBeanFactory.java:1371)
	at org.springframework.beans.factory.support.AbstractAutowireCapableBeanFactory.createBeanInstance(AbstractAutowireCapableBeanFactory.java:1208)
	at org.springframework.beans.factory.support.AbstractAutowireCapableBeanFactory.doCreateBean(AbstractAutowireCapableBeanFactory.java:563)
	at org.springframework.beans.factory.support.AbstractAutowireCapableBeanFactory.createBean(AbstractAutowireCapableBeanFactory.java:523)
	... 138 common frames omitted
26-08-15 20:02:46.504 [Test worker] WARN  o.s.test.context.TestContextManager - Caught exception while allowing TestExecutionListener [org.springframework.test.context.web.ServletTestExecutionListener] to prepare test instance [com.sprint.mission.discodeit.storage.s3.S3BinaryContentStorageTest@7d8b9d87]
java.lang.IllegalStateException: Failed to load ApplicationContext for [WebMergedContextConfiguration@9390526 testClass = com.sprint.mission.discodeit.storage.s3.S3BinaryContentStorageTest, locations = [], classes = [com.sprint.mission.discodeit.DiscodeitApplication], contextInitializerClasses = [], activeProfiles = ["test"], propertySourceDescriptors = [PropertySourceDescriptor[locations=[], ignoreResourceNotFound=false, name=null, propertySourceFactory=null, encoding=null]], propertySourceProperties = ["discodeit.storage.type=s3", "org.springframework.boot.test.context.SpringBootTestContextBootstrapper=true"], contextCustomizers = [org.springframework.boot.test.autoconfigure.OnFailureConditionReportContextCustomizerFactory$OnFailureConditionReportContextCustomizer@fc807c1, org.springframework.boot.test.autoconfigure.actuate.observability.ObservabilityContextCustomizerFactory$DisableObservabilityContextCustomizer@1f, org.springframework.boot.test.autoconfigure.properties.PropertyMappingContextCustomizer@0, org.springframework.boot.test.autoconfigure.web.servlet.WebDriverContextCustomizer@3c83468e, org.springframework.boot.test.context.filter.ExcludeFilterContextCustomizer@6d11ceef, org.springframework.boot.test.json.DuplicateJsonObjectContextCustomizerFactory$DuplicateJsonObjectContextCustomizer@6fa0450e, org.springframework.boot.test.mock.mockito.MockitoContextCustomizer@0, org.springframework.boot.test.web.client.TestRestTemplateContextCustomizer@1435103b, org.springframework.boot.test.web.reactor.netty.DisableReactorResourceFactoryGlobalResourcesContextCustomizerFactory$DisableReactorResourceFactoryGlobalResourcesContextCustomizerCustomizer@cda6019, org.springframework.test.context.support.DynamicPropertiesContextCustomizer@0, org.springframework.boot.test.context.SpringBootTestAnnotation@20ae3a71], resourceBasePath = "src/main/webapp", contextLoader = org.springframework.boot.test.context.SpringBootContextLoader, parent = null]
	at org.springframework.test.context.cache.DefaultCacheAwareContextLoaderDelegate.loadContext(DefaultCacheAwareContextLoaderDelegate.java:180)
	at org.springframework.test.context.support.DefaultTestContext.getApplicationContext(DefaultTestContext.java:130)
	at org.springframework.test.context.web.ServletTestExecutionListener.setUpRequestContextIfNecessary(ServletTestExecutionListener.java:191)
	at org.springframework.test.context.web.ServletTestExecutionListener.prepareTestInstance(ServletTestExecutionListener.java:130)
	at org.springframework.test.context.TestContextManager.prepareTestInstance(TestContextManager.java:260)
	at org.springframework.test.context.junit.jupiter.SpringExtension.postProcessTestInstance(SpringExtension.java:160)
	at org.junit.jupiter.engine.descriptor.ClassBasedTestDescriptor.lambda$invokeTestInstancePostProcessors$11(ClassBasedTestDescriptor.java:378)
	at org.junit.jupiter.engine.descriptor.ClassBasedTestDescriptor.executeAndMaskThrowable(ClassBasedTestDescriptor.java:383)
	at org.junit.jupiter.engine.descriptor.ClassBasedTestDescriptor.lambda$invokeTestInstancePostProcessors$12(ClassBasedTestDescriptor.java:378)
	at java.base/java.util.stream.ForEachOps$ForEachOp$OfRef.accept(ForEachOps.java:183)
	at java.base/java.util.stream.ReferencePipeline$3$1.accept(ReferencePipeline.java:197)
	at java.base/java.util.stream.ReferencePipeline$2$1.accept(ReferencePipeline.java:179)
	at java.base/java.util.stream.ReferencePipeline$3$1.accept(ReferencePipeline.java:197)
	at java.base/java.util.ArrayList$ArrayListSpliterator.forEachRemaining(ArrayList.java:1625)
	at java.base/java.util.stream.AbstractPipeline.copyInto(AbstractPipeline.java:509)
	at java.base/java.util.stream.AbstractPipeline.wrapAndCopyInto(AbstractPipeline.java:499)
	at java.base/java.util.stream.ForEachOps$ForEachOp.evaluateSequential(ForEachOps.java:150)
	at java.base/java.util.stream.ForEachOps$ForEachOp$OfRef.evaluateSequential(ForEachOps.java:173)
	at java.base/java.util.stream.AbstractPipeline.evaluate(AbstractPipeline.java:234)
	at java.base/java.util.stream.ReferencePipeline.forEach(ReferencePipeline.java:596)
	at org.junit.jupiter.engine.descriptor.ClassBasedTestDescriptor.invokeTestInstancePostProcessors(ClassBasedTestDescriptor.java:377)
	at org.junit.jupiter.engine.descriptor.ClassBasedTestDescriptor.lambda$instantiateAndPostProcessTestInstance$7(ClassBasedTestDescriptor.java:290)
	at org.junit.platform.engine.support.hierarchical.ThrowableCollector.execute(ThrowableCollector.java:73)
	at org.junit.jupiter.engine.descriptor.ClassBasedTestDescriptor.instantiateAndPostProcessTestInstance(ClassBasedTestDescriptor.java:289)
	at org.junit.jupiter.engine.descriptor.ClassBasedTestDescriptor.lambda$testInstancesProvider$5(ClassBasedTestDescriptor.java:279)
	at java.base/java.util.Optional.orElseGet(Optional.java:364)
	at org.junit.jupiter.engine.descriptor.ClassBasedTestDescriptor.lambda$testInstancesProvider$6(ClassBasedTestDescriptor.java:278)
	at org.junit.jupiter.engine.execution.TestInstancesProvider.getTestInstances(TestInstancesProvider.java:31)
	at org.junit.jupiter.engine.descriptor.TestMethodTestDescriptor.lambda$prepare$1(TestMethodTestDescriptor.java:105)
	at org.junit.platform.engine.support.hierarchical.ThrowableCollector.execute(ThrowableCollector.java:73)
	at org.junit.jupiter.engine.descriptor.TestMethodTestDescriptor.prepare(TestMethodTestDescriptor.java:104)
	at org.junit.jupiter.engine.descriptor.TestMethodTestDescriptor.prepare(TestMethodTestDescriptor.java:68)
	at org.junit.platform.engine.support.hierarchical.NodeTestTask.lambda$prepare$2(NodeTestTask.java:128)
	at org.junit.platform.engine.support.hierarchical.ThrowableCollector.execute(ThrowableCollector.java:73)
	at org.junit.platform.engine.support.hierarchical.NodeTestTask.prepare(NodeTestTask.java:128)
	at org.junit.platform.engine.support.hierarchical.NodeTestTask.execute(NodeTestTask.java:95)
	at java.base/java.util.ArrayList.forEach(ArrayList.java:1511)
	at org.junit.platform.engine.support.hierarchical.SameThreadHierarchicalTestExecutorService.invokeAll(SameThreadHierarchicalTestExecutorService.java:41)
	at org.junit.platform.engine.support.hierarchical.NodeTestTask.lambda$executeRecursively$6(NodeTestTask.java:160)
	at org.junit.platform.engine.support.hierarchical.ThrowableCollector.execute(ThrowableCollector.java:73)
	at org.junit.platform.engine.support.hierarchical.NodeTestTask.lambda$executeRecursively$8(NodeTestTask.java:146)
	at org.junit.platform.engine.support.hierarchical.Node.around(Node.java:137)
	at org.junit.platform.engine.support.hierarchical.NodeTestTask.lambda$executeRecursively$9(NodeTestTask.java:144)
	at org.junit.platform.engine.support.hierarchical.ThrowableCollector.execute(ThrowableCollector.java:73)
	at org.junit.platform.engine.support.hierarchical.NodeTestTask.executeRecursively(NodeTestTask.java:143)
	at org.junit.platform.engine.support.hierarchical.NodeTestTask.execute(NodeTestTask.java:100)
	at java.base/java.util.ArrayList.forEach(ArrayList.java:1511)
	at org.junit.platform.engine.support.hierarchical.SameThreadHierarchicalTestExecutorService.invokeAll(SameThreadHierarchicalTestExecutorService.java:41)
	at org.junit.platform.engine.support.hierarchical.NodeTestTask.lambda$executeRecursively$6(NodeTestTask.java:160)
	at org.junit.platform.engine.support.hierarchical.ThrowableCollector.execute(ThrowableCollector.java:73)
	at org.junit.platform.engine.support.hierarchical.NodeTestTask.lambda$executeRecursively$8(NodeTestTask.java:146)
	at org.junit.platform.engine.support.hierarchical.Node.around(Node.java:137)
	at org.junit.platform.engine.support.hierarchical.NodeTestTask.lambda$executeRecursively$9(NodeTestTask.java:144)
	at org.junit.platform.engine.support.hierarchical.ThrowableCollector.execute(ThrowableCollector.java:73)
	at org.junit.platform.engine.support.hierarchical.NodeTestTask.executeRecursively(NodeTestTask.java:143)
	at org.junit.platform.engine.support.hierarchical.NodeTestTask.execute(NodeTestTask.java:100)
	at org.junit.platform.engine.support.hierarchical.SameThreadHierarchicalTestExecutorService.submit(SameThreadHierarchicalTestExecutorService.java:35)
	at org.junit.platform.engine.support.hierarchical.HierarchicalTestExecutor.execute(HierarchicalTestExecutor.java:57)
	at org.junit.platform.engine.support.hierarchical.HierarchicalTestEngine.execute(HierarchicalTestEngine.java:54)
	at org.junit.platform.launcher.core.EngineExecutionOrchestrator.execute(EngineExecutionOrchestrator.java:198)
	at org.junit.platform.launcher.core.EngineExecutionOrchestrator.execute(EngineExecutionOrchestrator.java:169)
	at org.junit.platform.launcher.core.EngineExecutionOrchestrator.execute(EngineExecutionOrchestrator.java:93)
	at org.junit.platform.launcher.core.EngineExecutionOrchestrator.lambda$execute$0(EngineExecutionOrchestrator.java:58)
	at org.junit.platform.launcher.core.EngineExecutionOrchestrator.withInterceptedStreams(EngineExecutionOrchestrator.java:141)
	at org.junit.platform.launcher.core.EngineExecutionOrchestrator.execute(EngineExecutionOrchestrator.java:57)
	at org.junit.platform.launcher.core.DefaultLauncher.execute(DefaultLauncher.java:103)
	at org.junit.platform.launcher.core.DefaultLauncher.execute(DefaultLauncher.java:85)
	at org.junit.platform.launcher.core.DelegatingLauncher.execute(DelegatingLauncher.java:47)
	at org.gradle.api.internal.tasks.testing.junitplatform.JUnitPlatformTestClassProcessor$CollectAllTestClassesExecutor.processAllTestClasses(JUnitPlatformTestClassProcessor.java:124)
	at org.gradle.api.internal.tasks.testing.junitplatform.JUnitPlatformTestClassProcessor$CollectAllTestClassesExecutor.access$000(JUnitPlatformTestClassProcessor.java:99)
	at org.gradle.api.internal.tasks.testing.junitplatform.JUnitPlatformTestClassProcessor.stop(JUnitPlatformTestClassProcessor.java:94)
	at org.gradle.api.internal.tasks.testing.SuiteTestClassProcessor.stop(SuiteTestClassProcessor.java:63)
	at java.base/jdk.internal.reflect.NativeMethodAccessorImpl.invoke0(Native Method)
	at java.base/jdk.internal.reflect.NativeMethodAccessorImpl.invoke(NativeMethodAccessorImpl.java:77)
	at java.base/jdk.internal.reflect.DelegatingMethodAccessorImpl.invoke(DelegatingMethodAccessorImpl.java:43)
	at java.base/java.lang.reflect.Method.invoke(Method.java:569)
	at org.gradle.internal.dispatch.ReflectionDispatch.dispatch(ReflectionDispatch.java:36)
	at org.gradle.internal.dispatch.ReflectionDispatch.dispatch(ReflectionDispatch.java:24)
	at org.gradle.internal.dispatch.ContextClassLoaderDispatch.dispatch(ContextClassLoaderDispatch.java:33)
	at org.gradle.internal.dispatch.ProxyDispatchAdapter$DispatchingInvocationHandler.invoke(ProxyDispatchAdapter.java:92)
	at jdk.proxy2/jdk.proxy2.$Proxy6.stop(Unknown Source)
	at org.gradle.api.internal.tasks.testing.worker.TestWorker$3.run(TestWorker.java:200)
	at org.gradle.api.internal.tasks.testing.worker.TestWorker.executeAndMaintainThreadName(TestWorker.java:132)
	at org.gradle.api.internal.tasks.testing.worker.TestWorker.execute(TestWorker.java:103)
	at org.gradle.api.internal.tasks.testing.worker.TestWorker.execute(TestWorker.java:63)
	at org.gradle.process.internal.worker.child.ActionExecutionWorker.execute(ActionExecutionWorker.java:56)
	at org.gradle.process.internal.worker.child.SystemApplicationClassLoaderWorker.call(SystemApplicationClassLoaderWorker.java:122)
	at org.gradle.process.internal.worker.child.SystemApplicationClassLoaderWorker.call(SystemApplicationClassLoaderWorker.java:72)
	at worker.org.gradle.process.internal.worker.GradleWorkerMain.run(GradleWorkerMain.java:69)
	at worker.org.gradle.process.internal.worker.GradleWorkerMain.main(GradleWorkerMain.java:74)
Caused by: org.springframework.beans.factory.UnsatisfiedDependencyException: Error creating bean with name 'binaryContentController' defined in file [/Users/jangjunseo/Desktop/codei_13th_develop/13-sprint-mission/build/classes/java/main/com/sprint/mission/discodeit/controller/BinaryContentController.class]: Unsatisfied dependency expressed through constructor parameter 0: Error creating bean with name 'basicBinaryContentService' defined in file [/Users/jangjunseo/Desktop/codei_13th_develop/13-sprint-mission/build/classes/java/main/com/sprint/mission/discodeit/service/basic/BasicBinaryContentService.class]: Unsatisfied dependency expressed through constructor parameter 2: Error creating bean with name 's3BinaryContentStorage' defined in file [/Users/jangjunseo/Desktop/codei_13th_develop/13-sprint-mission/build/classes/java/main/com/sprint/mission/discodeit/storage/s3/S3BinaryContentStorage.class]: Unexpected exception during bean creation
	at org.springframework.beans.factory.support.ConstructorResolver.createArgumentArray(ConstructorResolver.java:804)
	at org.springframework.beans.factory.support.ConstructorResolver.autowireConstructor(ConstructorResolver.java:240)
	at org.springframework.beans.factory.support.AbstractAutowireCapableBeanFactory.autowireConstructor(AbstractAutowireCapableBeanFactory.java:1371)
	at org.springframework.beans.factory.support.AbstractAutowireCapableBeanFactory.createBeanInstance(AbstractAutowireCapableBeanFactory.java:1208)
	at org.springframework.beans.factory.support.AbstractAutowireCapableBeanFactory.doCreateBean(AbstractAutowireCapableBeanFactory.java:563)
	at org.springframework.beans.factory.support.AbstractAutowireCapableBeanFactory.createBean(AbstractAutowireCapableBeanFactory.java:523)
	at org.springframework.beans.factory.support.AbstractBeanFactory.lambda$doGetBean$0(AbstractBeanFactory.java:336)
	at org.springframework.beans.factory.support.DefaultSingletonBeanRegistry.getSingleton(DefaultSingletonBeanRegistry.java:288)
	at org.springframework.beans.factory.support.AbstractBeanFactory.doGetBean(AbstractBeanFactory.java:334)
	at org.springframework.beans.factory.support.AbstractBeanFactory.getBean(AbstractBeanFactory.java:199)
	at org.springframework.beans.factory.support.DefaultListableBeanFactory.instantiateSingleton(DefaultListableBeanFactory.java:1122)
	at org.springframework.beans.factory.support.DefaultListableBeanFactory.preInstantiateSingleton(DefaultListableBeanFactory.java:1093)
	at org.springframework.beans.factory.support.DefaultListableBeanFactory.preInstantiateSingletons(DefaultListableBeanFactory.java:1030)
	at org.springframework.context.support.AbstractApplicationContext.finishBeanFactoryInitialization(AbstractApplicationContext.java:987)
	at org.springframework.context.support.AbstractApplicationContext.refresh(AbstractApplicationContext.java:627)
	at org.springframework.boot.SpringApplication.refresh(SpringApplication.java:752)
	at org.springframework.boot.SpringApplication.refreshContext(SpringApplication.java:439)
	at org.springframework.boot.SpringApplication.run(SpringApplication.java:318)
	at org.springframework.boot.test.context.SpringBootContextLoader.lambda$loadContext$3(SpringBootContextLoader.java:137)
	at org.springframework.util.function.ThrowingSupplier.get(ThrowingSupplier.java:58)
	at org.springframework.util.function.ThrowingSupplier.get(ThrowingSupplier.java:46)
	at org.springframework.boot.SpringApplication.withHook(SpringApplication.java:1461)
	at org.springframework.boot.test.context.SpringBootContextLoader$ContextLoaderHook.run(SpringBootContextLoader.java:553)
	at org.springframework.boot.test.context.SpringBootContextLoader.loadContext(SpringBootContextLoader.java:137)
	at org.springframework.boot.test.context.SpringBootContextLoader.loadContext(SpringBootContextLoader.java:108)
	at org.springframework.test.context.cache.DefaultCacheAwareContextLoaderDelegate.loadContextInternal(DefaultCacheAwareContextLoaderDelegate.java:225)
	at org.springframework.test.context.cache.DefaultCacheAwareContextLoaderDelegate.loadContext(DefaultCacheAwareContextLoaderDelegate.java:152)
	... 89 common frames omitted
Caused by: org.springframework.beans.factory.UnsatisfiedDependencyException: Error creating bean with name 'basicBinaryContentService' defined in file [/Users/jangjunseo/Desktop/codei_13th_develop/13-sprint-mission/build/classes/java/main/com/sprint/mission/discodeit/service/basic/BasicBinaryContentService.class]: Unsatisfied dependency expressed through constructor parameter 2: Error creating bean with name 's3BinaryContentStorage' defined in file [/Users/jangjunseo/Desktop/codei_13th_develop/13-sprint-mission/build/classes/java/main/com/sprint/mission/discodeit/storage/s3/S3BinaryContentStorage.class]: Unexpected exception during bean creation
	at org.springframework.beans.factory.support.ConstructorResolver.createArgumentArray(ConstructorResolver.java:804)
	at org.springframework.beans.factory.support.ConstructorResolver.autowireConstructor(ConstructorResolver.java:240)
	at org.springframework.beans.factory.support.AbstractAutowireCapableBeanFactory.autowireConstructor(AbstractAutowireCapableBeanFactory.java:1371)
	at org.springframework.beans.factory.support.AbstractAutowireCapableBeanFactory.createBeanInstance(AbstractAutowireCapableBeanFactory.java:1208)
	at org.springframework.beans.factory.support.AbstractAutowireCapableBeanFactory.doCreateBean(AbstractAutowireCapableBeanFactory.java:563)
	at org.springframework.beans.factory.support.AbstractAutowireCapableBeanFactory.createBean(AbstractAutowireCapableBeanFactory.java:523)
	at org.springframework.beans.factory.support.AbstractBeanFactory.lambda$doGetBean$0(AbstractBeanFactory.java:336)
	at org.springframework.beans.factory.support.DefaultSingletonBeanRegistry.getSingleton(DefaultSingletonBeanRegistry.java:288)
	at org.springframework.beans.factory.support.AbstractBeanFactory.doGetBean(AbstractBeanFactory.java:334)
	at org.springframework.beans.factory.support.AbstractBeanFactory.getBean(AbstractBeanFactory.java:199)
	at org.springframework.beans.factory.config.DependencyDescriptor.resolveCandidate(DependencyDescriptor.java:254)
	at org.springframework.beans.factory.support.DefaultListableBeanFactory.doResolveDependency(DefaultListableBeanFactory.java:1626)
	at org.springframework.beans.factory.support.DefaultListableBeanFactory.resolveDependency(DefaultListableBeanFactory.java:1514)
	at org.springframework.beans.factory.support.ConstructorResolver.resolveAutowiredArgument(ConstructorResolver.java:913)
	at org.springframework.beans.factory.support.ConstructorResolver.createArgumentArray(ConstructorResolver.java:791)
	... 115 common frames omitted
Caused by: org.springframework.beans.factory.BeanCreationException: Error creating bean with name 's3BinaryContentStorage' defined in file [/Users/jangjunseo/Desktop/codei_13th_develop/13-sprint-mission/build/classes/java/main/com/sprint/mission/discodeit/storage/s3/S3BinaryContentStorage.class]: Unexpected exception during bean creation
	at org.springframework.beans.factory.support.AbstractAutowireCapableBeanFactory.createBean(AbstractAutowireCapableBeanFactory.java:536)
	at org.springframework.beans.factory.support.AbstractBeanFactory.lambda$doGetBean$0(AbstractBeanFactory.java:336)
	at org.springframework.beans.factory.support.DefaultSingletonBeanRegistry.getSingleton(DefaultSingletonBeanRegistry.java:288)
	at org.springframework.beans.factory.support.AbstractBeanFactory.doGetBean(AbstractBeanFactory.java:334)
	at org.springframework.beans.factory.support.AbstractBeanFactory.getBean(AbstractBeanFactory.java:199)
	at org.springframework.beans.factory.config.DependencyDescriptor.resolveCandidate(DependencyDescriptor.java:254)
	at org.springframework.beans.factory.support.DefaultListableBeanFactory.doResolveDependency(DefaultListableBeanFactory.java:1626)
	at org.springframework.beans.factory.support.DefaultListableBeanFactory.resolveDependency(DefaultListableBeanFactory.java:1514)
	at org.springframework.beans.factory.support.ConstructorResolver.resolveAutowiredArgument(ConstructorResolver.java:913)
	at org.springframework.beans.factory.support.ConstructorResolver.createArgumentArray(ConstructorResolver.java:791)
	... 129 common frames omitted
Caused by: org.springframework.util.PlaceholderResolutionException: Could not resolve placeholder 'AWS_S3_REGION' in value "${AWS_S3_REGION}" <-- "${discodeit.storage.s3.region}"
	at org.springframework.util.PlaceholderResolutionException.withValue(PlaceholderResolutionException.java:81)
	at org.springframework.util.PlaceholderParser$ParsedValue.resolve(PlaceholderParser.java:416)
	at org.springframework.util.PlaceholderParser.replacePlaceholders(PlaceholderParser.java:128)
	at org.springframework.util.PropertyPlaceholderHelper.parseStringValue(PropertyPlaceholderHelper.java:118)
	at org.springframework.util.PropertyPlaceholderHelper.replacePlaceholders(PropertyPlaceholderHelper.java:114)
	at org.springframework.core.env.AbstractPropertyResolver.doResolvePlaceholders(AbstractPropertyResolver.java:255)
	at org.springframework.core.env.AbstractPropertyResolver.resolveRequiredPlaceholders(AbstractPropertyResolver.java:226)
	at org.springframework.context.support.PropertySourcesPlaceholderConfigurer.lambda$processProperties$0(PropertySourcesPlaceholderConfigurer.java:201)
	at org.springframework.beans.factory.support.AbstractBeanFactory.resolveEmbeddedValue(AbstractBeanFactory.java:963)
	at org.springframework.beans.factory.support.DefaultListableBeanFactory.doResolveDependency(DefaultListableBeanFactory.java:1536)
	at org.springframework.beans.factory.support.DefaultListableBeanFactory.resolveDependency(DefaultListableBeanFactory.java:1514)
	at org.springframework.beans.factory.support.ConstructorResolver.resolveAutowiredArgument(ConstructorResolver.java:913)
	at org.springframework.beans.factory.support.ConstructorResolver.createArgumentArray(ConstructorResolver.java:791)
	at org.springframework.beans.factory.support.ConstructorResolver.autowireConstructor(ConstructorResolver.java:240)
	at org.springframework.beans.factory.support.AbstractAutowireCapableBeanFactory.autowireConstructor(AbstractAutowireCapableBeanFactory.java:1371)
	at org.springframework.beans.factory.support.AbstractAutowireCapableBeanFactory.createBeanInstance(AbstractAutowireCapableBeanFactory.java:1208)
	at org.springframework.beans.factory.support.AbstractAutowireCapableBeanFactory.doCreateBean(AbstractAutowireCapableBeanFactory.java:563)
	at org.springframework.beans.factory.support.AbstractAutowireCapableBeanFactory.createBean(AbstractAutowireCapableBeanFactory.java:523)
	... 138 common frames omitted
26-08-15 20:02:46.507 [Test worker] WARN  o.s.test.context.TestContextManager - Caught exception while allowing TestExecutionListener [org.springframework.test.context.web.ServletTestExecutionListener] to prepare test instance [com.sprint.mission.discodeit.storage.s3.S3BinaryContentStorageTest@474dafb1]
java.lang.IllegalStateException: ApplicationContext failure threshold (1) exceeded: skipping repeated attempt to load context for [WebMergedContextConfiguration@9390526 testClass = com.sprint.mission.discodeit.storage.s3.S3BinaryContentStorageTest, locations = [], classes = [com.sprint.mission.discodeit.DiscodeitApplication], contextInitializerClasses = [], activeProfiles = ["test"], propertySourceDescriptors = [PropertySourceDescriptor[locations=[], ignoreResourceNotFound=false, name=null, propertySourceFactory=null, encoding=null]], propertySourceProperties = ["discodeit.storage.type=s3", "org.springframework.boot.test.context.SpringBootTestContextBootstrapper=true"], contextCustomizers = [org.springframework.boot.test.autoconfigure.OnFailureConditionReportContextCustomizerFactory$OnFailureConditionReportContextCustomizer@fc807c1, org.springframework.boot.test.autoconfigure.actuate.observability.ObservabilityContextCustomizerFactory$DisableObservabilityContextCustomizer@1f, org.springframework.boot.test.autoconfigure.properties.PropertyMappingContextCustomizer@0, org.springframework.boot.test.autoconfigure.web.servlet.WebDriverContextCustomizer@3c83468e, org.springframework.boot.test.context.filter.ExcludeFilterContextCustomizer@6d11ceef, org.springframework.boot.test.json.DuplicateJsonObjectContextCustomizerFactory$DuplicateJsonObjectContextCustomizer@6fa0450e, org.springframework.boot.test.mock.mockito.MockitoContextCustomizer@0, org.springframework.boot.test.web.client.TestRestTemplateContextCustomizer@1435103b, org.springframework.boot.test.web.reactor.netty.DisableReactorResourceFactoryGlobalResourcesContextCustomizerFactory$DisableReactorResourceFactoryGlobalResourcesContextCustomizerCustomizer@cda6019, org.springframework.test.context.support.DynamicPropertiesContextCustomizer@0, org.springframework.boot.test.context.SpringBootTestAnnotation@20ae3a71], resourceBasePath = "src/main/webapp", contextLoader = org.springframework.boot.test.context.SpringBootContextLoader, parent = null]
	at org.springframework.test.context.cache.DefaultCacheAwareContextLoaderDelegate.loadContext(DefaultCacheAwareContextLoaderDelegate.java:145)
	at org.springframework.test.context.support.DefaultTestContext.getApplicationContext(DefaultTestContext.java:130)
	at org.springframework.test.context.web.ServletTestExecutionListener.setUpRequestContextIfNecessary(ServletTestExecutionListener.java:191)
	at org.springframework.test.context.web.ServletTestExecutionListener.prepareTestInstance(ServletTestExecutionListener.java:130)
	at org.springframework.test.context.TestContextManager.prepareTestInstance(TestContextManager.java:260)
	at org.springframework.test.context.junit.jupiter.SpringExtension.postProcessTestInstance(SpringExtension.java:160)
	at org.junit.jupiter.engine.descriptor.ClassBasedTestDescriptor.lambda$invokeTestInstancePostProcessors$11(ClassBasedTestDescriptor.java:378)
	at org.junit.jupiter.engine.descriptor.ClassBasedTestDescriptor.executeAndMaskThrowable(ClassBasedTestDescriptor.java:383)
	at org.junit.jupiter.engine.descriptor.ClassBasedTestDescriptor.lambda$invokeTestInstancePostProcessors$12(ClassBasedTestDescriptor.java:378)
	at java.base/java.util.stream.ForEachOps$ForEachOp$OfRef.accept(ForEachOps.java:183)
	at java.base/java.util.stream.ReferencePipeline$3$1.accept(ReferencePipeline.java:197)
	at java.base/java.util.stream.ReferencePipeline$2$1.accept(ReferencePipeline.java:179)
	at java.base/java.util.stream.ReferencePipeline$3$1.accept(ReferencePipeline.java:197)
	at java.base/java.util.ArrayList$ArrayListSpliterator.forEachRemaining(ArrayList.java:1625)
	at java.base/java.util.stream.AbstractPipeline.copyInto(AbstractPipeline.java:509)
	at java.base/java.util.stream.AbstractPipeline.wrapAndCopyInto(AbstractPipeline.java:499)
	at java.base/java.util.stream.ForEachOps$ForEachOp.evaluateSequential(ForEachOps.java:150)
	at java.base/java.util.stream.ForEachOps$ForEachOp$OfRef.evaluateSequential(ForEachOps.java:173)
	at java.base/java.util.stream.AbstractPipeline.evaluate(AbstractPipeline.java:234)
	at java.base/java.util.stream.ReferencePipeline.forEach(ReferencePipeline.java:596)
	at org.junit.jupiter.engine.descriptor.ClassBasedTestDescriptor.invokeTestInstancePostProcessors(ClassBasedTestDescriptor.java:377)
	at org.junit.jupiter.engine.descriptor.ClassBasedTestDescriptor.lambda$instantiateAndPostProcessTestInstance$7(ClassBasedTestDescriptor.java:290)
	at org.junit.platform.engine.support.hierarchical.ThrowableCollector.execute(ThrowableCollector.java:73)
	at org.junit.jupiter.engine.descriptor.ClassBasedTestDescriptor.instantiateAndPostProcessTestInstance(ClassBasedTestDescriptor.java:289)
	at org.junit.jupiter.engine.descriptor.ClassBasedTestDescriptor.lambda$testInstancesProvider$5(ClassBasedTestDescriptor.java:279)
	at java.base/java.util.Optional.orElseGet(Optional.java:364)
	at org.junit.jupiter.engine.descriptor.ClassBasedTestDescriptor.lambda$testInstancesProvider$6(ClassBasedTestDescriptor.java:278)
	at org.junit.jupiter.engine.execution.TestInstancesProvider.getTestInstances(TestInstancesProvider.java:31)
	at org.junit.jupiter.engine.descriptor.TestMethodTestDescriptor.lambda$prepare$1(TestMethodTestDescriptor.java:105)
	at org.junit.platform.engine.support.hierarchical.ThrowableCollector.execute(ThrowableCollector.java:73)
	at org.junit.jupiter.engine.descriptor.TestMethodTestDescriptor.prepare(TestMethodTestDescriptor.java:104)
	at org.junit.jupiter.engine.descriptor.TestMethodTestDescriptor.prepare(TestMethodTestDescriptor.java:68)
	at org.junit.platform.engine.support.hierarchical.NodeTestTask.lambda$prepare$2(NodeTestTask.java:128)
	at org.junit.platform.engine.support.hierarchical.ThrowableCollector.execute(ThrowableCollector.java:73)
	at org.junit.platform.engine.support.hierarchical.NodeTestTask.prepare(NodeTestTask.java:128)
	at org.junit.platform.engine.support.hierarchical.NodeTestTask.execute(NodeTestTask.java:95)
	at java.base/java.util.ArrayList.forEach(ArrayList.java:1511)
	at org.junit.platform.engine.support.hierarchical.SameThreadHierarchicalTestExecutorService.invokeAll(SameThreadHierarchicalTestExecutorService.java:41)
	at org.junit.platform.engine.support.hierarchical.NodeTestTask.lambda$executeRecursively$6(NodeTestTask.java:160)
	at org.junit.platform.engine.support.hierarchical.ThrowableCollector.execute(ThrowableCollector.java:73)
	at org.junit.platform.engine.support.hierarchical.NodeTestTask.lambda$executeRecursively$8(NodeTestTask.java:146)
	at org.junit.platform.engine.support.hierarchical.Node.around(Node.java:137)
	at org.junit.platform.engine.support.hierarchical.NodeTestTask.lambda$executeRecursively$9(NodeTestTask.java:144)
	at org.junit.platform.engine.support.hierarchical.ThrowableCollector.execute(ThrowableCollector.java:73)
	at org.junit.platform.engine.support.hierarchical.NodeTestTask.executeRecursively(NodeTestTask.java:143)
	at org.junit.platform.engine.support.hierarchical.NodeTestTask.execute(NodeTestTask.java:100)
	at java.base/java.util.ArrayList.forEach(ArrayList.java:1511)
	at org.junit.platform.engine.support.hierarchical.SameThreadHierarchicalTestExecutorService.invokeAll(SameThreadHierarchicalTestExecutorService.java:41)
	at org.junit.platform.engine.support.hierarchical.NodeTestTask.lambda$executeRecursively$6(NodeTestTask.java:160)
	at org.junit.platform.engine.support.hierarchical.ThrowableCollector.execute(ThrowableCollector.java:73)
	at org.junit.platform.engine.support.hierarchical.NodeTestTask.lambda$executeRecursively$8(NodeTestTask.java:146)
	at org.junit.platform.engine.support.hierarchical.Node.around(Node.java:137)
	at org.junit.platform.engine.support.hierarchical.NodeTestTask.lambda$executeRecursively$9(NodeTestTask.java:144)
	at org.junit.platform.engine.support.hierarchical.ThrowableCollector.execute(ThrowableCollector.java:73)
	at org.junit.platform.engine.support.hierarchical.NodeTestTask.executeRecursively(NodeTestTask.java:143)
	at org.junit.platform.engine.support.hierarchical.NodeTestTask.execute(NodeTestTask.java:100)
	at org.junit.platform.engine.support.hierarchical.SameThreadHierarchicalTestExecutorService.submit(SameThreadHierarchicalTestExecutorService.java:35)
	at org.junit.platform.engine.support.hierarchical.HierarchicalTestExecutor.execute(HierarchicalTestExecutor.java:57)
	at org.junit.platform.engine.support.hierarchical.HierarchicalTestEngine.execute(HierarchicalTestEngine.java:54)
	at org.junit.platform.launcher.core.EngineExecutionOrchestrator.execute(EngineExecutionOrchestrator.java:198)
	at org.junit.platform.launcher.core.EngineExecutionOrchestrator.execute(EngineExecutionOrchestrator.java:169)
	at org.junit.platform.launcher.core.EngineExecutionOrchestrator.execute(EngineExecutionOrchestrator.java:93)
	at org.junit.platform.launcher.core.EngineExecutionOrchestrator.lambda$execute$0(EngineExecutionOrchestrator.java:58)
	at org.junit.platform.launcher.core.EngineExecutionOrchestrator.withInterceptedStreams(EngineExecutionOrchestrator.java:141)
	at org.junit.platform.launcher.core.EngineExecutionOrchestrator.execute(EngineExecutionOrchestrator.java:57)
	at org.junit.platform.launcher.core.DefaultLauncher.execute(DefaultLauncher.java:103)
	at org.junit.platform.launcher.core.DefaultLauncher.execute(DefaultLauncher.java:85)
	at org.junit.platform.launcher.core.DelegatingLauncher.execute(DelegatingLauncher.java:47)
	at org.gradle.api.internal.tasks.testing.junitplatform.JUnitPlatformTestClassProcessor$CollectAllTestClassesExecutor.processAllTestClasses(JUnitPlatformTestClassProcessor.java:124)
	at org.gradle.api.internal.tasks.testing.junitplatform.JUnitPlatformTestClassProcessor$CollectAllTestClassesExecutor.access$000(JUnitPlatformTestClassProcessor.java:99)
	at org.gradle.api.internal.tasks.testing.junitplatform.JUnitPlatformTestClassProcessor.stop(JUnitPlatformTestClassProcessor.java:94)
	at org.gradle.api.internal.tasks.testing.SuiteTestClassProcessor.stop(SuiteTestClassProcessor.java:63)
	at java.base/jdk.internal.reflect.NativeMethodAccessorImpl.invoke0(Native Method)
	at java.base/jdk.internal.reflect.NativeMethodAccessorImpl.invoke(NativeMethodAccessorImpl.java:77)
	at java.base/jdk.internal.reflect.DelegatingMethodAccessorImpl.invoke(DelegatingMethodAccessorImpl.java:43)
	at java.base/java.lang.reflect.Method.invoke(Method.java:569)
	at org.gradle.internal.dispatch.ReflectionDispatch.dispatch(ReflectionDispatch.java:36)
	at org.gradle.internal.dispatch.ReflectionDispatch.dispatch(ReflectionDispatch.java:24)
	at org.gradle.internal.dispatch.ContextClassLoaderDispatch.dispatch(ContextClassLoaderDispatch.java:33)
	at org.gradle.internal.dispatch.ProxyDispatchAdapter$DispatchingInvocationHandler.invoke(ProxyDispatchAdapter.java:92)
	at jdk.proxy2/jdk.proxy2.$Proxy6.stop(Unknown Source)
	at org.gradle.api.internal.tasks.testing.worker.TestWorker$3.run(TestWorker.java:200)
	at org.gradle.api.internal.tasks.testing.worker.TestWorker.executeAndMaintainThreadName(TestWorker.java:132)
	at org.gradle.api.internal.tasks.testing.worker.TestWorker.execute(TestWorker.java:103)
	at org.gradle.api.internal.tasks.testing.worker.TestWorker.execute(TestWorker.java:63)
	at org.gradle.process.internal.worker.child.ActionExecutionWorker.execute(ActionExecutionWorker.java:56)
	at org.gradle.process.internal.worker.child.SystemApplicationClassLoaderWorker.call(SystemApplicationClassLoaderWorker.java:122)
	at org.gradle.process.internal.worker.child.SystemApplicationClassLoaderWorker.call(SystemApplicationClassLoaderWorker.java:72)
	at worker.org.gradle.process.internal.worker.GradleWorkerMain.run(GradleWorkerMain.java:69)
	at worker.org.gradle.process.internal.worker.GradleWorkerMain.main(GradleWorkerMain.java:74)
26-08-15 20:02:46.543 [SpringApplicationShutdownHook] INFO  o.s.o.j.LocalContainerEntityManagerFactoryBean - Closing JPA EntityManagerFactory for persistence unit 'default'
26-08-15 20:02:46.543 [SpringApplicationShutdownHook] DEBUG org.hibernate.SQL - 
    drop table if exists binary_contents cascade 
26-08-15 20:02:46.543 [SpringApplicationShutdownHook] DEBUG org.hibernate.SQL - 
    drop table if exists channels cascade 
26-08-15 20:02:46.543 [SpringApplicationShutdownHook] DEBUG org.hibernate.SQL - 
    drop table if exists message_attachments cascade 
26-08-15 20:02:46.543 [SpringApplicationShutdownHook] DEBUG org.hibernate.SQL - 
    drop table if exists messages cascade 
26-08-15 20:02:46.543 [SpringApplicationShutdownHook] DEBUG org.hibernate.SQL - 
    drop table if exists read_statuses cascade 
26-08-15 20:02:46.543 [SpringApplicationShutdownHook] DEBUG org.hibernate.SQL - 
    drop table if exists user_statuses cascade 
26-08-15 20:02:46.543 [SpringApplicationShutdownHook] DEBUG org.hibernate.SQL - 
    drop table if exists users cascade 
26-08-15 20:02:46.544 [SpringApplicationShutdownHook] INFO  com.zaxxer.hikari.HikariDataSource - HikariPool-1 - Shutdown initiated...
26-08-15 20:02:46.782 [SpringApplicationShutdownHook] INFO  com.zaxxer.hikari.HikariDataSource - HikariPool-1 - Shutdown completed.
26-08-15 20:02:46.783 [SpringApplicationShutdownHook] INFO  o.s.o.j.LocalContainerEntityManagerFactoryBean - Closing JPA EntityManagerFactory for persistence unit 'default'
26-08-15 20:02:46.783 [SpringApplicationShutdownHook] DEBUG org.hibernate.SQL - 
    drop table if exists binary_contents cascade 
26-08-15 20:02:46.784 [SpringApplicationShutdownHook] DEBUG org.hibernate.SQL - 
    drop table if exists channels cascade 
26-08-15 20:02:46.785 [SpringApplicationShutdownHook] DEBUG org.hibernate.SQL - 
    drop table if exists message_attachments cascade 
26-08-15 20:02:46.785 [SpringApplicationShutdownHook] DEBUG org.hibernate.SQL - 
    drop table if exists messages cascade 
26-08-15 20:02:46.785 [SpringApplicationShutdownHook] DEBUG org.hibernate.SQL - 
    drop table if exists read_statuses cascade 
26-08-15 20:02:46.785 [SpringApplicationShutdownHook] DEBUG org.hibernate.SQL - 
    drop table if exists user_statuses cascade 
26-08-15 20:02:46.786 [SpringApplicationShutdownHook] DEBUG org.hibernate.SQL - 
    drop table if exists users cascade 
26-08-15 21:13:46.955 [background-preinit] INFO  o.h.validator.internal.util.Version - HV000001: Hibernate Validator 8.0.1.Final
26-08-15 21:13:47.011 [Test worker] INFO  c.s.m.d.c.ChannelControllerTest - Starting ChannelControllerTest using Java 17.0.19 with PID 71884 (started by jangjunseo in /Users/jangjunseo/Desktop/codei_13th_develop/13-sprint-mission)
26-08-15 21:13:47.012 [Test worker] INFO  c.s.m.d.c.ChannelControllerTest - The following 1 profile is active: "dev"
26-08-15 21:13:48.479 [Test worker] INFO  o.s.b.a.w.s.WelcomePageHandlerMapping - Adding welcome page: class path resource [static/index.html]
26-08-15 21:13:49.103 [Test worker] INFO  o.s.b.t.m.w.SpringBootMockServletContext - Initializing Spring TestDispatcherServlet ''
26-08-15 21:13:49.103 [Test worker] INFO  o.s.t.w.s.TestDispatcherServlet - Initializing Servlet ''
26-08-15 21:13:49.105 [Test worker] INFO  o.s.t.w.s.TestDispatcherServlet - Completed initialization in 2 ms
26-08-15 21:13:49.161 [Test worker] INFO  c.s.m.d.c.ChannelControllerTest - Started ChannelControllerTest in 2.595 seconds (process running for 3.651)
26-08-15 21:13:49.559 [Test worker] INFO  c.s.m.d.controller.ChannelController - [Public 채널 생성 완료] channelId: ea4bf176-37f5-43c9-95a1-b082f92a0076
26-08-15 21:13:49.651 [Test worker] WARN  c.s.m.d.e.GlobalExceptionHandler - [예외 발생] type=ChannelNotFoundException, code=CHANNEL_NOT_FOUND, message=존재하지 않는 채널입니다., details={channelId=01871263-010a-4edd-89db-0073bfda0b77}
26-08-15 21:13:49.667 [Test worker] INFO  o.s.t.c.s.AnnotationConfigContextLoaderUtils - Could not detect default configuration classes for test class [com.sprint.mission.discodeit.controller.MessageControllerTest]: MessageControllerTest does not declare any static, non-private, non-final, nested classes annotated with @Configuration.
26-08-15 21:13:49.674 [Test worker] INFO  o.s.b.t.c.SpringBootTestContextBootstrapper - Found @SpringBootConfiguration com.sprint.mission.discodeit.DiscodeitApplication for test class com.sprint.mission.discodeit.controller.MessageControllerTest
26-08-15 21:13:49.703 [Test worker] INFO  c.s.m.d.c.MessageControllerTest - Starting MessageControllerTest using Java 17.0.19 with PID 71884 (started by jangjunseo in /Users/jangjunseo/Desktop/codei_13th_develop/13-sprint-mission)
26-08-15 21:13:49.703 [Test worker] INFO  c.s.m.d.c.MessageControllerTest - The following 1 profile is active: "dev"
26-08-15 21:13:49.848 [Test worker] INFO  o.s.b.a.w.s.WelcomePageHandlerMapping - Adding welcome page: class path resource [static/index.html]
26-08-15 21:13:49.891 [Test worker] INFO  o.s.b.t.m.w.SpringBootMockServletContext - Initializing Spring TestDispatcherServlet ''
26-08-15 21:13:49.891 [Test worker] INFO  o.s.t.w.s.TestDispatcherServlet - Initializing Servlet ''
26-08-15 21:13:49.891 [Test worker] INFO  o.s.t.w.s.TestDispatcherServlet - Completed initialization in 0 ms
26-08-15 21:13:49.897 [Test worker] INFO  c.s.m.d.c.MessageControllerTest - Started MessageControllerTest in 0.221 seconds (process running for 4.388)
26-08-15 21:13:49.908 [Test worker] WARN  c.s.m.d.e.GlobalExceptionHandler - [예외 발생] type=MessageNotFoundException, code=MESSAGE_NOT_FOUND, message=존재하지 않는 메시지입니다., details={messageId=6405e45d-7450-40eb-84c2-ec761d14c84d}
26-08-15 21:13:49.956 [Test worker] INFO  c.s.m.d.controller.MessageController - [메시지 생성 완료] messageId: 3634a3fe-a2d2-45bc-b573-7b456b522e02
26-08-15 21:13:49.969 [Test worker] INFO  o.s.t.c.s.AnnotationConfigContextLoaderUtils - Could not detect default configuration classes for test class [com.sprint.mission.discodeit.controller.UserControllerTest]: UserControllerTest does not declare any static, non-private, non-final, nested classes annotated with @Configuration.
26-08-15 21:13:49.974 [Test worker] INFO  o.s.b.t.c.SpringBootTestContextBootstrapper - Found @SpringBootConfiguration com.sprint.mission.discodeit.DiscodeitApplication for test class com.sprint.mission.discodeit.controller.UserControllerTest
26-08-15 21:13:50.020 [Test worker] INFO  c.s.m.d.c.UserControllerTest - Starting UserControllerTest using Java 17.0.19 with PID 71884 (started by jangjunseo in /Users/jangjunseo/Desktop/codei_13th_develop/13-sprint-mission)
26-08-15 21:13:50.021 [Test worker] INFO  c.s.m.d.c.UserControllerTest - The following 1 profile is active: "dev"
26-08-15 21:13:50.212 [Test worker] INFO  o.s.b.a.w.s.WelcomePageHandlerMapping - Adding welcome page: class path resource [static/index.html]
26-08-15 21:13:50.249 [Test worker] INFO  o.s.b.t.m.w.SpringBootMockServletContext - Initializing Spring TestDispatcherServlet ''
26-08-15 21:13:50.249 [Test worker] INFO  o.s.t.w.s.TestDispatcherServlet - Initializing Servlet ''
26-08-15 21:13:50.249 [Test worker] INFO  o.s.t.w.s.TestDispatcherServlet - Completed initialization in 0 ms
26-08-15 21:13:50.254 [Test worker] INFO  c.s.m.d.c.UserControllerTest - Started UserControllerTest in 0.278 seconds (process running for 4.745)
26-08-15 21:13:50.278 [Test worker] WARN  c.s.m.d.e.GlobalExceptionHandler - [예외 발생] type=DuplicateUsernameException, code=DUPLICATE_USERNAME, message=이미 사용중인 username입니다., details={username=duplicateUser}
26-08-15 21:13:50.290 [Test worker] INFO  c.s.m.d.controller.UserController - [User 생성 완료] userId: 9651bd9f-0ee4-4b27-8d47-b4e806d02f0b
26-08-15 21:13:50.299 [Test worker] INFO  o.s.t.c.s.AnnotationConfigContextLoaderUtils - Could not detect default configuration classes for test class [com.sprint.mission.discodeit.integration.ChannelIntegrationTest]: ChannelIntegrationTest does not declare any static, non-private, non-final, nested classes annotated with @Configuration.
26-08-15 21:13:50.305 [Test worker] INFO  o.s.b.t.c.SpringBootTestContextBootstrapper - Found @SpringBootConfiguration com.sprint.mission.discodeit.DiscodeitApplication for test class com.sprint.mission.discodeit.integration.ChannelIntegrationTest
26-08-15 21:13:50.329 [Test worker] INFO  c.s.m.d.i.ChannelIntegrationTest - Starting ChannelIntegrationTest using Java 17.0.19 with PID 71884 (started by jangjunseo in /Users/jangjunseo/Desktop/codei_13th_develop/13-sprint-mission)
26-08-15 21:13:50.329 [Test worker] INFO  c.s.m.d.i.ChannelIntegrationTest - The following 1 profile is active: "test"
26-08-15 21:13:50.877 [Test worker] INFO  o.s.d.r.c.RepositoryConfigurationDelegate - Bootstrapping Spring Data JPA repositories in DEFAULT mode.
26-08-15 21:13:50.926 [Test worker] INFO  o.s.d.r.c.RepositoryConfigurationDelegate - Finished Spring Data repository scanning in 40 ms. Found 6 JPA repository interfaces.
26-08-15 21:13:51.424 [Test worker] INFO  o.h.jpa.internal.util.LogHelper - HHH000204: Processing PersistenceUnitInfo [name: default]
26-08-15 21:13:51.497 [Test worker] INFO  org.hibernate.Version - HHH000412: Hibernate ORM core version 6.6.2.Final
26-08-15 21:13:51.531 [Test worker] INFO  o.h.c.i.RegionFactoryInitiator - HHH000026: Second-level cache disabled
26-08-15 21:13:51.671 [Test worker] INFO  o.s.o.j.p.SpringPersistenceUnitInfo - No LoadTimeWeaver setup: ignoring JPA class transformer
26-08-15 21:13:51.704 [Test worker] INFO  com.zaxxer.hikari.HikariDataSource - HikariPool-1 - Starting...
26-08-15 21:13:52.073 [Test worker] INFO  com.zaxxer.hikari.pool.HikariPool - HikariPool-1 - Added connection conn0: url=jdbc:h2:mem:testdb user=SA
26-08-15 21:13:52.075 [Test worker] INFO  com.zaxxer.hikari.HikariDataSource - HikariPool-1 - Start completed.
26-08-15 21:13:52.159 [Test worker] INFO  o.hibernate.orm.connections.pooling - HHH10001005: Database info:
	Database JDBC URL [Connecting through datasource 'HikariDataSource (HikariPool-1)']
	Database driver: undefined/unknown
	Database version: 2.3.232
	Autocommit mode: undefined/unknown
	Isolation level: undefined/unknown
	Minimum pool size: undefined/unknown
	Maximum pool size: undefined/unknown
26-08-15 21:13:52.918 [Test worker] INFO  o.h.e.t.j.p.i.JtaPlatformInitiator - HHH000489: No JTA platform available (set 'hibernate.transaction.jta.platform' to enable JTA platform integration)
26-08-15 21:13:52.930 [Test worker] DEBUG org.hibernate.SQL - 
    drop table if exists binary_contents cascade 
26-08-15 21:13:52.933 [Test worker] DEBUG org.hibernate.SQL - 
    drop table if exists channels cascade 
26-08-15 21:13:52.934 [Test worker] DEBUG org.hibernate.SQL - 
    drop table if exists message_attachments cascade 
26-08-15 21:13:52.934 [Test worker] DEBUG org.hibernate.SQL - 
    drop table if exists messages cascade 
26-08-15 21:13:52.934 [Test worker] DEBUG org.hibernate.SQL - 
    drop table if exists read_statuses cascade 
26-08-15 21:13:52.934 [Test worker] DEBUG org.hibernate.SQL - 
    drop table if exists user_statuses cascade 
26-08-15 21:13:52.934 [Test worker] DEBUG org.hibernate.SQL - 
    drop table if exists users cascade 
26-08-15 21:13:52.940 [Test worker] DEBUG org.hibernate.SQL - 
    create table binary_contents (
        created_at timestamp(6) with time zone,
        size bigint not null,
        id uuid not null,
        content_type varchar(255),
        file_name varchar(255),
        primary key (id)
    )
26-08-15 21:13:52.946 [Test worker] DEBUG org.hibernate.SQL - 
    create table channels (
        created_at timestamp(6) with time zone,
        id uuid not null,
        description varchar(255),
        name varchar(255),
        type enum ('PRIVATE','PUBLIC'),
        primary key (id)
    )
26-08-15 21:13:52.948 [Test worker] DEBUG org.hibernate.SQL - 
    create table message_attachments (
        attachment_id uuid not null,
        message_id uuid not null
    )
26-08-15 21:13:52.949 [Test worker] DEBUG org.hibernate.SQL - 
    create table messages (
        created_at timestamp(6) with time zone,
        author_id uuid,
        channel_id uuid,
        id uuid not null,
        content varchar(255),
        primary key (id)
    )
26-08-15 21:13:52.950 [Test worker] DEBUG org.hibernate.SQL - 
    create table read_statuses (
        created_at timestamp(6) with time zone,
        last_read_at timestamp(6) with time zone,
        channel_id uuid,
        id uuid not null,
        user_id uuid,
        primary key (id)
    )
26-08-15 21:13:52.951 [Test worker] DEBUG org.hibernate.SQL - 
    create table user_statuses (
        created_at timestamp(6) with time zone,
        last_active_at timestamp(6) with time zone,
        id uuid not null,
        user_id uuid unique,
        primary key (id)
    )
26-08-15 21:13:52.953 [Test worker] DEBUG org.hibernate.SQL - 
    create table users (
        created_at timestamp(6) with time zone,
        id uuid not null,
        profile_id uuid unique,
        email varchar(255),
        password varchar(255),
        username varchar(255),
        primary key (id)
    )
26-08-15 21:13:52.954 [Test worker] DEBUG org.hibernate.SQL - 
    alter table if exists message_attachments 
       add constraint FKsd1m8rb8jcpbcnb7rpdue7ctc 
       foreign key (attachment_id) 
       references binary_contents
26-08-15 21:13:52.969 [Test worker] DEBUG org.hibernate.SQL - 
    alter table if exists message_attachments 
       add constraint FKj7twd218e2gqw9cmlhwvo1rth 
       foreign key (message_id) 
       references messages
26-08-15 21:13:52.970 [Test worker] DEBUG org.hibernate.SQL - 
    alter table if exists messages 
       add constraint FKowtlim26svclkatusptbgi7u1 
       foreign key (author_id) 
       references users
26-08-15 21:13:52.971 [Test worker] DEBUG org.hibernate.SQL - 
    alter table if exists messages 
       add constraint FK3u3ckbhwq9se1cmopk2pq05b2 
       foreign key (channel_id) 
       references channels
26-08-15 21:13:52.972 [Test worker] DEBUG org.hibernate.SQL - 
    alter table if exists read_statuses 
       add constraint FKa38ri44ml4gfdpklx4ahqr8gd 
       foreign key (channel_id) 
       references channels
26-08-15 21:13:52.974 [Test worker] DEBUG org.hibernate.SQL - 
    alter table if exists read_statuses 
       add constraint FKml3k4wr9sj5yxrmj6d0aoib2e 
       foreign key (user_id) 
       references users
26-08-15 21:13:52.975 [Test worker] DEBUG org.hibernate.SQL - 
    alter table if exists user_statuses 
       add constraint FK4lfl3ei2ubchgcxrrpo3pw4mm 
       foreign key (user_id) 
       references users
26-08-15 21:13:52.976 [Test worker] DEBUG org.hibernate.SQL - 
    alter table if exists users 
       add constraint FKtbudycgrip49xdptogmhfqnso 
       foreign key (profile_id) 
       references binary_contents
26-08-15 21:13:52.979 [Test worker] INFO  o.s.o.j.LocalContainerEntityManagerFactoryBean - Initialized JPA EntityManagerFactory for persistence unit 'default'
26-08-15 21:13:53.950 [Test worker] INFO  o.s.b.a.w.s.WelcomePageHandlerMapping - Adding welcome page: class path resource [static/index.html]
26-08-15 21:13:54.626 [Test worker] INFO  o.s.b.t.m.w.SpringBootMockServletContext - Initializing Spring TestDispatcherServlet ''
26-08-15 21:13:54.626 [Test worker] INFO  o.s.t.w.s.TestDispatcherServlet - Initializing Servlet ''
26-08-15 21:13:54.632 [Test worker] INFO  o.s.b.a.e.web.EndpointLinksResolver - Exposing 4 endpoints beneath base path '/actuator'
26-08-15 21:13:54.649 [Test worker] INFO  o.s.t.w.s.TestDispatcherServlet - Completed initialization in 23 ms
26-08-15 21:13:54.690 [Test worker] INFO  c.s.m.d.i.ChannelIntegrationTest - Started ChannelIntegrationTest in 4.382 seconds (process running for 9.181)
26-08-15 21:13:54.739 [Test worker] INFO  c.s.m.d.s.basic.BasicChannelService - PUBLIC 채널 생성 요청 - name: 통합테스트채널
26-08-15 21:13:54.870 [Test worker] DEBUG org.hibernate.SQL - 
    /* <criteria> */ select
        m1_0.id,
        m1_0.author_id,
        m1_0.channel_id,
        m1_0.content,
        m1_0.created_at 
    from
        messages m1_0 
    where
        m1_0.channel_id=? 
    order by
        m1_0.created_at desc 
    fetch
        first ? rows only
26-08-15 21:13:54.876 [Test worker] TRACE org.hibernate.orm.jdbc.bind - binding parameter (1:UUID) <- [caf4c6a8-0f1d-4968-bfa2-99f3b7fcd45c]
26-08-15 21:13:54.883 [Test worker] TRACE org.hibernate.orm.jdbc.bind - binding parameter (2:INTEGER) <- [1]
26-08-15 21:13:54.923 [Test worker] INFO  c.s.m.d.s.basic.BasicChannelService - PUBLIC 채널 생성 완료 - channelId: caf4c6a8-0f1d-4968-bfa2-99f3b7fcd45c
26-08-15 21:13:54.923 [Test worker] INFO  c.s.m.d.controller.ChannelController - [Public 채널 생성 완료] channelId: caf4c6a8-0f1d-4968-bfa2-99f3b7fcd45c
26-08-15 21:13:54.937 [Test worker] DEBUG org.hibernate.SQL - 
    /* insert for
        com.sprint.mission.discodeit.entity.Channel */insert 
    into
        channels (created_at, description, name, type, id) 
    values
        (?, ?, ?, ?, ?)
26-08-15 21:13:54.938 [Test worker] TRACE org.hibernate.orm.jdbc.bind - binding parameter (1:TIMESTAMP_UTC) <- [2026-08-15T12:13:54.752885Z]
26-08-15 21:13:54.939 [Test worker] TRACE org.hibernate.orm.jdbc.bind - binding parameter (2:VARCHAR) <- [설명]
26-08-15 21:13:54.939 [Test worker] TRACE org.hibernate.orm.jdbc.bind - binding parameter (3:VARCHAR) <- [통합테스트채널]
26-08-15 21:13:54.939 [Test worker] TRACE org.hibernate.orm.jdbc.bind - binding parameter (4:ENUM) <- [PUBLIC]
26-08-15 21:13:54.939 [Test worker] TRACE org.hibernate.orm.jdbc.bind - binding parameter (5:UUID) <- [caf4c6a8-0f1d-4968-bfa2-99f3b7fcd45c]
26-08-15 21:13:54.941 [Test worker] DEBUG org.hibernate.SQL - 
    /* <criteria> */ select
        c1_0.id,
        c1_0.created_at,
        c1_0.description,
        c1_0.name,
        c1_0.type 
    from
        channels c1_0
26-08-15 21:13:54.996 [Test worker] INFO  c.s.m.d.s.basic.BasicChannelService - 채널 삭제 요청 - channelId: cb3acb49-f970-49a7-b1eb-4eb16cfb7208
26-08-15 21:13:55.275 [Test worker] DEBUG org.hibernate.SQL - 
    /* insert for
        com.sprint.mission.discodeit.entity.Channel */insert 
    into
        channels (created_at, description, name, type, id) 
    values
        (?, ?, ?, ?, ?)
26-08-15 21:13:55.275 [Test worker] TRACE org.hibernate.orm.jdbc.bind - binding parameter (1:TIMESTAMP_UTC) <- [2026-08-15T12:13:54.995915Z]
26-08-15 21:13:55.275 [Test worker] TRACE org.hibernate.orm.jdbc.bind - binding parameter (2:VARCHAR) <- [설명]
26-08-15 21:13:55.275 [Test worker] TRACE org.hibernate.orm.jdbc.bind - binding parameter (3:VARCHAR) <- [삭제할채널]
26-08-15 21:13:55.275 [Test worker] TRACE org.hibernate.orm.jdbc.bind - binding parameter (4:ENUM) <- [PUBLIC]
26-08-15 21:13:55.276 [Test worker] TRACE org.hibernate.orm.jdbc.bind - binding parameter (5:UUID) <- [cb3acb49-f970-49a7-b1eb-4eb16cfb7208]
26-08-15 21:13:55.276 [Test worker] DEBUG org.hibernate.SQL - 
    /* select
        count(*) 
    from
        Channel x 
    WHERE
        x.id = :id */ select
            count(*) 
        from
            channels c1_0 
        where
            c1_0.id=?
26-08-15 21:13:55.277 [Test worker] TRACE org.hibernate.orm.jdbc.bind - binding parameter (1:UUID) <- [cb3acb49-f970-49a7-b1eb-4eb16cfb7208]
26-08-15 21:13:55.285 [Test worker] INFO  c.s.m.d.s.basic.BasicChannelService - 채널 삭제 완료 - channelId: cb3acb49-f970-49a7-b1eb-4eb16cfb7208
26-08-15 21:13:55.285 [Test worker] INFO  c.s.m.d.controller.ChannelController - [채널 삭제 완료] channelId: cb3acb49-f970-49a7-b1eb-4eb16cfb7208
26-08-15 21:13:55.302 [Test worker] INFO  c.s.m.d.s.basic.BasicChannelService - 채널 수정 요청 - channelId: 356bcc04-74cd-4149-95c6-76586acec0ee
26-08-15 21:13:55.303 [Test worker] INFO  c.s.m.d.s.basic.BasicChannelService - 채널 수정 완료 - channelId: 356bcc04-74cd-4149-95c6-76586acec0ee
26-08-15 21:13:55.306 [Test worker] DEBUG org.hibernate.SQL - 
    /* <criteria> */ select
        m1_0.id,
        m1_0.author_id,
        m1_0.channel_id,
        m1_0.content,
        m1_0.created_at 
    from
        messages m1_0 
    where
        m1_0.channel_id=? 
    order by
        m1_0.created_at desc 
    fetch
        first ? rows only
26-08-15 21:13:55.307 [Test worker] TRACE org.hibernate.orm.jdbc.bind - binding parameter (1:UUID) <- [356bcc04-74cd-4149-95c6-76586acec0ee]
26-08-15 21:13:55.307 [Test worker] TRACE org.hibernate.orm.jdbc.bind - binding parameter (2:INTEGER) <- [1]
26-08-15 21:13:55.307 [Test worker] INFO  c.s.m.d.controller.ChannelController - [채널 수정 완료] channelId: 356bcc04-74cd-4149-95c6-76586acec0ee
26-08-15 21:13:55.312 [Test worker] INFO  o.s.t.c.s.AnnotationConfigContextLoaderUtils - Could not detect default configuration classes for test class [com.sprint.mission.discodeit.integration.MessageIntegrationTest]: MessageIntegrationTest does not declare any static, non-private, non-final, nested classes annotated with @Configuration.
26-08-15 21:13:55.314 [Test worker] INFO  o.s.b.t.c.SpringBootTestContextBootstrapper - Found @SpringBootConfiguration com.sprint.mission.discodeit.DiscodeitApplication for test class com.sprint.mission.discodeit.integration.MessageIntegrationTest
26-08-15 21:13:55.330 [Test worker] INFO  c.s.m.d.s.basic.BasicMessageService - 메시지 수정 요청 - messageId: 2bcb6ac3-a6aa-43c0-a1bb-f942e622af71
26-08-15 21:13:55.331 [Test worker] INFO  c.s.m.d.s.basic.BasicMessageService - 메시지 수정 완료 - messageId: 2bcb6ac3-a6aa-43c0-a1bb-f942e622af71
26-08-15 21:13:55.332 [Test worker] INFO  c.s.m.d.controller.MessageController - [메시지 수정 완료] messageId: 2bcb6ac3-a6aa-43c0-a1bb-f942e622af71
26-08-15 21:13:55.343 [Test worker] INFO  c.s.m.d.s.basic.BasicMessageService - 채널 메시지 목록 조회 요청 - channelId: 710a152c-960d-48a4-ae92-23ea8b90edf1
26-08-15 21:13:55.355 [Test worker] DEBUG org.hibernate.SQL - 
    /* insert for
        com.sprint.mission.discodeit.entity.User */insert 
    into
        users (created_at, email, password, profile_id, username, id) 
    values
        (?, ?, ?, ?, ?, ?)
26-08-15 21:13:55.355 [Test worker] TRACE org.hibernate.orm.jdbc.bind - binding parameter (1:TIMESTAMP_UTC) <- [2026-08-15T12:13:55.342234Z]
26-08-15 21:13:55.355 [Test worker] TRACE org.hibernate.orm.jdbc.bind - binding parameter (2:VARCHAR) <- [listauthor@example.com]
26-08-15 21:13:55.355 [Test worker] TRACE org.hibernate.orm.jdbc.bind - binding parameter (3:VARCHAR) <- [password1234!]
26-08-15 21:13:55.355 [Test worker] TRACE org.hibernate.orm.jdbc.bind - binding parameter (4:UUID) <- [null]
26-08-15 21:13:55.355 [Test worker] TRACE org.hibernate.orm.jdbc.bind - binding parameter (5:VARCHAR) <- [listAuthor]
26-08-15 21:13:55.355 [Test worker] TRACE org.hibernate.orm.jdbc.bind - binding parameter (6:UUID) <- [4989ee28-0b7d-4e54-a84f-254ca8f9926a]
26-08-15 21:13:55.356 [Test worker] DEBUG org.hibernate.SQL - 
    /* insert for
        com.sprint.mission.discodeit.entity.Channel */insert 
    into
        channels (created_at, description, name, type, id) 
    values
        (?, ?, ?, ?, ?)
26-08-15 21:13:55.356 [Test worker] TRACE org.hibernate.orm.jdbc.bind - binding parameter (1:TIMESTAMP_UTC) <- [2026-08-15T12:13:55.342567Z]
26-08-15 21:13:55.356 [Test worker] TRACE org.hibernate.orm.jdbc.bind - binding parameter (2:VARCHAR) <- [설명]
26-08-15 21:13:55.356 [Test worker] TRACE org.hibernate.orm.jdbc.bind - binding parameter (3:VARCHAR) <- [채널3]
26-08-15 21:13:55.356 [Test worker] TRACE org.hibernate.orm.jdbc.bind - binding parameter (4:ENUM) <- [PUBLIC]
26-08-15 21:13:55.356 [Test worker] TRACE org.hibernate.orm.jdbc.bind - binding parameter (5:UUID) <- [710a152c-960d-48a4-ae92-23ea8b90edf1]
26-08-15 21:13:55.356 [Test worker] DEBUG org.hibernate.SQL - 
    /* insert for
        com.sprint.mission.discodeit.entity.Message */insert 
    into
        messages (author_id, channel_id, content, created_at, id) 
    values
        (?, ?, ?, ?, ?)
26-08-15 21:13:55.357 [Test worker] TRACE org.hibernate.orm.jdbc.bind - binding parameter (1:UUID) <- [4989ee28-0b7d-4e54-a84f-254ca8f9926a]
26-08-15 21:13:55.357 [Test worker] TRACE org.hibernate.orm.jdbc.bind - binding parameter (2:UUID) <- [710a152c-960d-48a4-ae92-23ea8b90edf1]
26-08-15 21:13:55.357 [Test worker] TRACE org.hibernate.orm.jdbc.bind - binding parameter (3:VARCHAR) <- [메시지1]
26-08-15 21:13:55.357 [Test worker] TRACE org.hibernate.orm.jdbc.bind - binding parameter (4:TIMESTAMP_UTC) <- [2026-08-15T12:13:55.342782Z]
26-08-15 21:13:55.357 [Test worker] TRACE org.hibernate.orm.jdbc.bind - binding parameter (5:UUID) <- [4129cba1-1d37-4275-98b2-65a650f3e766]
26-08-15 21:13:55.360 [Test worker] DEBUG org.hibernate.SQL - 
    /* <criteria> */ select
        m1_0.id,
        a1_0.id,
        a1_0.created_at,
        a1_0.email,
        a1_0.password,
        p1_0.id,
        p1_0.content_type,
        p1_0.created_at,
        p1_0.file_name,
        p1_0.size,
        a1_0.username,
        us1_0.id,
        us1_0.created_at,
        us1_0.last_active_at,
        c2_0.id,
        c2_0.created_at,
        c2_0.description,
        c2_0.name,
        c2_0.type,
        m1_0.content,
        m1_0.created_at 
    from
        messages m1_0 
    left join
        users a1_0 
            on a1_0.id=m1_0.author_id 
    left join
        binary_contents p1_0 
            on p1_0.id=a1_0.profile_id 
    left join
        user_statuses us1_0 
            on a1_0.id=us1_0.user_id 
    left join
        channels c2_0 
            on c2_0.id=m1_0.channel_id 
    where
        m1_0.channel_id=? 
    order by
        m1_0.created_at desc 
    fetch
        first ? rows only
26-08-15 21:13:55.361 [Test worker] TRACE org.hibernate.orm.jdbc.bind - binding parameter (1:UUID) <- [710a152c-960d-48a4-ae92-23ea8b90edf1]
26-08-15 21:13:55.361 [Test worker] TRACE org.hibernate.orm.jdbc.bind - binding parameter (2:INTEGER) <- [51]
26-08-15 21:13:55.363 [Test worker] INFO  c.s.m.d.s.basic.BasicMessageService - 채널 메시지 목록 조회 완료 - 페이지: 0, 다음 페이지 여부: false
26-08-15 21:13:55.373 [Test worker] INFO  c.s.m.d.s.basic.BasicMessageService - 메시지 삭제 요청 - messageId: b2b26efd-f137-4390-99c5-d45be7274a88
26-08-15 21:13:55.374 [Test worker] INFO  c.s.m.d.s.basic.BasicMessageService - 메시지 삭제 완료 - messageId: b2b26efd-f137-4390-99c5-d45be7274a88
26-08-15 21:13:55.374 [Test worker] INFO  c.s.m.d.controller.MessageController - [메시지 삭제 완료] messageId: b2b26efd-f137-4390-99c5-d45be7274a88
26-08-15 21:13:55.384 [Test worker] INFO  c.s.m.d.s.basic.BasicMessageService - 메시지 생성 요청 - channelId: b38c1fc3-a1ae-4d1b-886e-338defe8f187, authorId: 50006abb-b507-4b7a-9bf2-c05f5fe5898c
26-08-15 21:13:55.388 [Test worker] DEBUG org.hibernate.SQL - 
    /* <criteria> */ select
        bc1_0.id,
        bc1_0.content_type,
        bc1_0.created_at,
        bc1_0.file_name,
        bc1_0.size 
    from
        binary_contents bc1_0 
    where
        bc1_0.id in (?)
26-08-15 21:13:55.389 [Test worker] TRACE org.hibernate.orm.jdbc.bind - binding parameter (1:UUID) <- [null]
26-08-15 21:13:55.390 [Test worker] INFO  c.s.m.d.s.basic.BasicMessageService - 메시지 생성 완료 - messageId: 28bfb864-fa38-46a8-9a7c-8d6cfb25a4b4
26-08-15 21:13:55.390 [Test worker] INFO  c.s.m.d.controller.MessageController - [메시지 생성 완료] messageId: 28bfb864-fa38-46a8-9a7c-8d6cfb25a4b4
26-08-15 21:13:55.394 [Test worker] INFO  o.s.t.c.s.AnnotationConfigContextLoaderUtils - Could not detect default configuration classes for test class [com.sprint.mission.discodeit.integration.UserIntegrationTest]: UserIntegrationTest does not declare any static, non-private, non-final, nested classes annotated with @Configuration.
26-08-15 21:13:55.395 [Test worker] INFO  o.s.b.t.c.SpringBootTestContextBootstrapper - Found @SpringBootConfiguration com.sprint.mission.discodeit.DiscodeitApplication for test class com.sprint.mission.discodeit.integration.UserIntegrationTest
26-08-15 21:13:55.399 [Test worker] INFO  c.s.m.d.s.basic.BasicUserService - 유저 삭제 요청 - userId: d0335baa-d417-4271-b523-5b6422d89508
26-08-15 21:13:55.400 [Test worker] INFO  c.s.m.d.s.basic.BasicUserService - 유저 삭제 완료 - userId: d0335baa-d417-4271-b523-5b6422d89508
26-08-15 21:13:55.400 [Test worker] INFO  c.s.m.d.controller.UserController - [User 삭제 완료] userId: d0335baa-d417-4271-b523-5b6422d89508
26-08-15 21:13:55.406 [Test worker] INFO  c.s.m.d.s.basic.BasicUserService - 유저 전체 조회 요청
26-08-15 21:13:55.408 [Test worker] DEBUG org.hibernate.SQL - 
    /* insert for
        com.sprint.mission.discodeit.entity.User */insert 
    into
        users (created_at, email, password, profile_id, username, id) 
    values
        (?, ?, ?, ?, ?, ?)
26-08-15 21:13:55.408 [Test worker] TRACE org.hibernate.orm.jdbc.bind - binding parameter (1:TIMESTAMP_UTC) <- [2026-08-15T12:13:55.405957Z]
26-08-15 21:13:55.408 [Test worker] TRACE org.hibernate.orm.jdbc.bind - binding parameter (2:VARCHAR) <- [listuser@example.com]
26-08-15 21:13:55.408 [Test worker] TRACE org.hibernate.orm.jdbc.bind - binding parameter (3:VARCHAR) <- [password1234!]
26-08-15 21:13:55.408 [Test worker] TRACE org.hibernate.orm.jdbc.bind - binding parameter (4:UUID) <- [null]
26-08-15 21:13:55.408 [Test worker] TRACE org.hibernate.orm.jdbc.bind - binding parameter (5:VARCHAR) <- [listUser]
26-08-15 21:13:55.408 [Test worker] TRACE org.hibernate.orm.jdbc.bind - binding parameter (6:UUID) <- [94286696-881a-438a-b7e7-e5ed8be556bc]
26-08-15 21:13:55.409 [Test worker] DEBUG org.hibernate.SQL - 
    /* <criteria> */ select
        u1_0.id,
        u1_0.created_at,
        u1_0.email,
        u1_0.password,
        p1_0.id,
        p1_0.content_type,
        p1_0.created_at,
        p1_0.file_name,
        p1_0.size,
        u1_0.username,
        us1_0.id,
        us1_0.created_at,
        us1_0.last_active_at 
    from
        users u1_0 
    left join
        binary_contents p1_0 
            on p1_0.id=u1_0.profile_id 
    left join
        user_statuses us1_0 
            on u1_0.id=us1_0.user_id
26-08-15 21:13:55.410 [Test worker] INFO  c.s.m.d.s.basic.BasicUserService - 유저 전체 조회 완료 - 유저 수: 1
26-08-15 21:13:55.425 [Test worker] INFO  c.s.m.d.s.basic.BasicUserService - 유저 생성 요청 - username: integrationUser, email: integration@example.com
26-08-15 21:13:55.426 [Test worker] DEBUG org.hibernate.SQL - 
    /* <criteria> */ select
        u1_0.id,
        u1_0.created_at,
        u1_0.email,
        u1_0.password,
        u1_0.profile_id,
        u1_0.username 
    from
        users u1_0 
    where
        u1_0.username=?
26-08-15 21:13:55.427 [Test worker] TRACE org.hibernate.orm.jdbc.bind - binding parameter (1:VARCHAR) <- [integrationUser]
26-08-15 21:13:55.429 [Test worker] DEBUG org.hibernate.SQL - 
    /* <criteria> */ select
        u1_0.id,
        u1_0.created_at,
        u1_0.email,
        u1_0.password,
        u1_0.profile_id,
        u1_0.username 
    from
        users u1_0 
    where
        u1_0.email=?
26-08-15 21:13:55.430 [Test worker] TRACE org.hibernate.orm.jdbc.bind - binding parameter (1:VARCHAR) <- [integration@example.com]
26-08-15 21:13:55.433 [Test worker] INFO  c.s.m.d.s.basic.BasicUserService - 유저 생성 완료 - userId: b4087d30-85d6-4a9d-800d-8f61bf98b681
26-08-15 21:13:55.434 [Test worker] INFO  c.s.m.d.controller.UserController - [User 생성 완료] userId: b4087d30-85d6-4a9d-800d-8f61bf98b681
26-08-15 21:13:55.437 [Test worker] DEBUG org.hibernate.SQL - 
    /* insert for
        com.sprint.mission.discodeit.entity.User */insert 
    into
        users (created_at, email, password, profile_id, username, id) 
    values
        (?, ?, ?, ?, ?, ?)
26-08-15 21:13:55.437 [Test worker] TRACE org.hibernate.orm.jdbc.bind - binding parameter (1:TIMESTAMP_UTC) <- [2026-08-15T12:13:55.431542Z]
26-08-15 21:13:55.437 [Test worker] TRACE org.hibernate.orm.jdbc.bind - binding parameter (2:VARCHAR) <- [integration@example.com]
26-08-15 21:13:55.437 [Test worker] TRACE org.hibernate.orm.jdbc.bind - binding parameter (3:VARCHAR) <- [password1234!]
26-08-15 21:13:55.437 [Test worker] TRACE org.hibernate.orm.jdbc.bind - binding parameter (4:UUID) <- [null]
26-08-15 21:13:55.437 [Test worker] TRACE org.hibernate.orm.jdbc.bind - binding parameter (5:VARCHAR) <- [integrationUser]
26-08-15 21:13:55.437 [Test worker] TRACE org.hibernate.orm.jdbc.bind - binding parameter (6:UUID) <- [b4087d30-85d6-4a9d-800d-8f61bf98b681]
26-08-15 21:13:55.438 [Test worker] DEBUG org.hibernate.SQL - 
    /* insert for
        com.sprint.mission.discodeit.entity.UserStatus */insert 
    into
        user_statuses (created_at, last_active_at, user_id, id) 
    values
        (?, ?, ?, ?)
26-08-15 21:13:55.438 [Test worker] TRACE org.hibernate.orm.jdbc.bind - binding parameter (1:TIMESTAMP_UTC) <- [2026-08-15T12:13:55.432532Z]
26-08-15 21:13:55.438 [Test worker] TRACE org.hibernate.orm.jdbc.bind - binding parameter (2:TIMESTAMP_UTC) <- [2026-08-15T12:13:55.431737Z]
26-08-15 21:13:55.438 [Test worker] TRACE org.hibernate.orm.jdbc.bind - binding parameter (3:UUID) <- [b4087d30-85d6-4a9d-800d-8f61bf98b681]
26-08-15 21:13:55.438 [Test worker] TRACE org.hibernate.orm.jdbc.bind - binding parameter (4:UUID) <- [6a09c06e-d5cc-4a53-b3bf-7ebaadc0fa69]
26-08-15 21:13:55.438 [Test worker] DEBUG org.hibernate.SQL - 
    /* <criteria> */ select
        u1_0.id,
        u1_0.created_at,
        u1_0.email,
        u1_0.password,
        u1_0.profile_id,
        u1_0.username 
    from
        users u1_0 
    where
        u1_0.username=?
26-08-15 21:13:55.438 [Test worker] TRACE org.hibernate.orm.jdbc.bind - binding parameter (1:VARCHAR) <- [integrationUser]
26-08-15 21:13:55.444 [Test worker] INFO  o.s.t.c.s.AnnotationConfigContextLoaderUtils - Could not detect default configuration classes for test class [com.sprint.mission.discodeit.repository.ChannelRepositoryTest]: ChannelRepositoryTest does not declare any static, non-private, non-final, nested classes annotated with @Configuration.
26-08-15 21:13:55.455 [Test worker] INFO  o.s.b.t.c.SpringBootTestContextBootstrapper - Found @SpringBootConfiguration com.sprint.mission.discodeit.DiscodeitApplication for test class com.sprint.mission.discodeit.repository.ChannelRepositoryTest
26-08-15 21:13:55.471 [Test worker] INFO  c.s.m.d.r.ChannelRepositoryTest - Starting ChannelRepositoryTest using Java 17.0.19 with PID 71884 (started by jangjunseo in /Users/jangjunseo/Desktop/codei_13th_develop/13-sprint-mission)
26-08-15 21:13:55.471 [Test worker] INFO  c.s.m.d.r.ChannelRepositoryTest - The following 1 profile is active: "test"
26-08-15 21:13:55.508 [Test worker] INFO  o.s.d.r.c.RepositoryConfigurationDelegate - Bootstrapping Spring Data JPA repositories in DEFAULT mode.
26-08-15 21:13:55.523 [Test worker] INFO  o.s.d.r.c.RepositoryConfigurationDelegate - Finished Spring Data repository scanning in 14 ms. Found 6 JPA repository interfaces.
26-08-15 21:13:55.529 [Test worker] INFO  o.s.b.t.a.j.TestDatabaseAutoConfiguration$EmbeddedDataSourceBeanFactoryPostProcessor - Replacing 'dataSource' DataSource bean with embedded version
26-08-15 21:13:55.543 [Test worker] INFO  o.s.j.d.e.EmbeddedDatabaseFactory - Starting embedded database: url='jdbc:h2:mem:4ff625f3-40df-4bc5-a390-3b5cff9de43f;DB_CLOSE_DELAY=-1;DB_CLOSE_ON_EXIT=false', username='sa'
26-08-15 21:13:55.555 [Test worker] INFO  o.h.jpa.internal.util.LogHelper - HHH000204: Processing PersistenceUnitInfo [name: default]
26-08-15 21:13:55.556 [Test worker] INFO  o.h.c.i.RegionFactoryInitiator - HHH000026: Second-level cache disabled
26-08-15 21:13:55.563 [Test worker] INFO  o.s.o.j.p.SpringPersistenceUnitInfo - No LoadTimeWeaver setup: ignoring JPA class transformer
26-08-15 21:13:55.565 [Test worker] INFO  o.hibernate.orm.connections.pooling - HHH10001005: Database info:
	Database JDBC URL [Connecting through datasource 'org.springframework.jdbc.datasource.embedded.EmbeddedDatabaseFactory$EmbeddedDataSourceProxy@1d79e05d']
	Database driver: undefined/unknown
	Database version: 2.3.232
	Autocommit mode: undefined/unknown
	Isolation level: undefined/unknown
	Minimum pool size: undefined/unknown
	Maximum pool size: undefined/unknown
26-08-15 21:13:55.651 [Test worker] INFO  o.h.e.t.j.p.i.JtaPlatformInitiator - HHH000489: No JTA platform available (set 'hibernate.transaction.jta.platform' to enable JTA platform integration)
26-08-15 21:13:55.651 [Test worker] DEBUG org.hibernate.SQL - 
    drop table if exists binary_contents cascade 
26-08-15 21:13:55.652 [Test worker] DEBUG org.hibernate.SQL - 
    drop table if exists channels cascade 
26-08-15 21:13:55.652 [Test worker] DEBUG org.hibernate.SQL - 
    drop table if exists message_attachments cascade 
26-08-15 21:13:55.652 [Test worker] DEBUG org.hibernate.SQL - 
    drop table if exists messages cascade 
26-08-15 21:13:55.652 [Test worker] DEBUG org.hibernate.SQL - 
    drop table if exists read_statuses cascade 
26-08-15 21:13:55.652 [Test worker] DEBUG org.hibernate.SQL - 
    drop table if exists user_statuses cascade 
26-08-15 21:13:55.652 [Test worker] DEBUG org.hibernate.SQL - 
    drop table if exists users cascade 
26-08-15 21:13:55.652 [Test worker] DEBUG org.hibernate.SQL - 
    create table binary_contents (
        created_at timestamp(6) with time zone,
        size bigint not null,
        id uuid not null,
        content_type varchar(255),
        file_name varchar(255),
        primary key (id)
    )
26-08-15 21:13:55.653 [Test worker] DEBUG org.hibernate.SQL - 
    create table channels (
        created_at timestamp(6) with time zone,
        id uuid not null,
        description varchar(255),
        name varchar(255),
        type enum ('PRIVATE','PUBLIC'),
        primary key (id)
    )
26-08-15 21:13:55.654 [Test worker] DEBUG org.hibernate.SQL - 
    create table message_attachments (
        attachment_id uuid not null,
        message_id uuid not null
    )
26-08-15 21:13:55.654 [Test worker] DEBUG org.hibernate.SQL - 
    create table messages (
        created_at timestamp(6) with time zone,
        author_id uuid,
        channel_id uuid,
        id uuid not null,
        content varchar(255),
        primary key (id)
    )
26-08-15 21:13:55.655 [Test worker] DEBUG org.hibernate.SQL - 
    create table read_statuses (
        created_at timestamp(6) with time zone,
        last_read_at timestamp(6) with time zone,
        channel_id uuid,
        id uuid not null,
        user_id uuid,
        primary key (id)
    )
26-08-15 21:13:55.655 [Test worker] DEBUG org.hibernate.SQL - 
    create table user_statuses (
        created_at timestamp(6) with time zone,
        last_active_at timestamp(6) with time zone,
        id uuid not null,
        user_id uuid unique,
        primary key (id)
    )
26-08-15 21:13:55.656 [Test worker] DEBUG org.hibernate.SQL - 
    create table users (
        created_at timestamp(6) with time zone,
        id uuid not null,
        profile_id uuid unique,
        email varchar(255),
        password varchar(255),
        username varchar(255),
        primary key (id)
    )
26-08-15 21:13:55.657 [Test worker] DEBUG org.hibernate.SQL - 
    alter table if exists message_attachments 
       add constraint FKsd1m8rb8jcpbcnb7rpdue7ctc 
       foreign key (attachment_id) 
       references binary_contents
26-08-15 21:13:55.658 [Test worker] DEBUG org.hibernate.SQL - 
    alter table if exists message_attachments 
       add constraint FKj7twd218e2gqw9cmlhwvo1rth 
       foreign key (message_id) 
       references messages
26-08-15 21:13:55.659 [Test worker] DEBUG org.hibernate.SQL - 
    alter table if exists messages 
       add constraint FKowtlim26svclkatusptbgi7u1 
       foreign key (author_id) 
       references users
26-08-15 21:13:55.659 [Test worker] DEBUG org.hibernate.SQL - 
    alter table if exists messages 
       add constraint FK3u3ckbhwq9se1cmopk2pq05b2 
       foreign key (channel_id) 
       references channels
26-08-15 21:13:55.660 [Test worker] DEBUG org.hibernate.SQL - 
    alter table if exists read_statuses 
       add constraint FKa38ri44ml4gfdpklx4ahqr8gd 
       foreign key (channel_id) 
       references channels
26-08-15 21:13:55.661 [Test worker] DEBUG org.hibernate.SQL - 
    alter table if exists read_statuses 
       add constraint FKml3k4wr9sj5yxrmj6d0aoib2e 
       foreign key (user_id) 
       references users
26-08-15 21:13:55.662 [Test worker] DEBUG org.hibernate.SQL - 
    alter table if exists user_statuses 
       add constraint FK4lfl3ei2ubchgcxrrpo3pw4mm 
       foreign key (user_id) 
       references users
26-08-15 21:13:55.663 [Test worker] DEBUG org.hibernate.SQL - 
    alter table if exists users 
       add constraint FKtbudycgrip49xdptogmhfqnso 
       foreign key (profile_id) 
       references binary_contents
26-08-15 21:13:55.664 [Test worker] INFO  o.s.o.j.LocalContainerEntityManagerFactoryBean - Initialized JPA EntityManagerFactory for persistence unit 'default'
26-08-15 21:13:55.699 [Test worker] INFO  c.s.m.d.r.ChannelRepositoryTest - Started ChannelRepositoryTest in 0.243 seconds (process running for 10.19)
26-08-15 21:13:55.703 [Test worker] DEBUG org.hibernate.SQL - 
    /* insert for
        com.sprint.mission.discodeit.entity.Channel */insert 
    into
        channels (created_at, description, name, type, id) 
    values
        (?, ?, ?, ?, ?)
26-08-15 21:13:55.703 [Test worker] TRACE org.hibernate.orm.jdbc.bind - binding parameter (1:TIMESTAMP_UTC) <- [2026-08-15T12:13:55.702447Z]
26-08-15 21:13:55.703 [Test worker] TRACE org.hibernate.orm.jdbc.bind - binding parameter (2:VARCHAR) <- [설명]
26-08-15 21:13:55.703 [Test worker] TRACE org.hibernate.orm.jdbc.bind - binding parameter (3:VARCHAR) <- [공지]
26-08-15 21:13:55.703 [Test worker] TRACE org.hibernate.orm.jdbc.bind - binding parameter (4:ENUM) <- [PUBLIC]
26-08-15 21:13:55.703 [Test worker] TRACE org.hibernate.orm.jdbc.bind - binding parameter (5:UUID) <- [a1cd4eed-1aee-46cd-83a1-2cfbff6e9a71]
26-08-15 21:13:55.713 [Test worker] DEBUG org.hibernate.SQL - 
    select
        c1_0.id,
        c1_0.created_at,
        c1_0.description,
        c1_0.name,
        c1_0.type 
    from
        channels c1_0 
    where
        c1_0.id=?
26-08-15 21:13:55.713 [Test worker] TRACE org.hibernate.orm.jdbc.bind - binding parameter (1:UUID) <- [dcf9a20f-ba85-4488-a635-f8a99f4d8dd8]
26-08-15 21:13:55.717 [Test worker] INFO  o.s.t.c.s.AnnotationConfigContextLoaderUtils - Could not detect default configuration classes for test class [com.sprint.mission.discodeit.repository.MessageRepositoryTest]: MessageRepositoryTest does not declare any static, non-private, non-final, nested classes annotated with @Configuration.
26-08-15 21:13:55.720 [Test worker] INFO  o.s.b.t.c.SpringBootTestContextBootstrapper - Found @SpringBootConfiguration com.sprint.mission.discodeit.DiscodeitApplication for test class com.sprint.mission.discodeit.repository.MessageRepositoryTest
26-08-15 21:13:55.724 [Test worker] DEBUG org.hibernate.SQL - 
    /* insert for
        com.sprint.mission.discodeit.entity.User */insert 
    into
        users (created_at, email, password, profile_id, username, id) 
    values
        (?, ?, ?, ?, ?, ?)
26-08-15 21:13:55.724 [Test worker] TRACE org.hibernate.orm.jdbc.bind - binding parameter (1:TIMESTAMP_UTC) <- [2026-08-15T12:13:55.723495Z]
26-08-15 21:13:55.724 [Test worker] TRACE org.hibernate.orm.jdbc.bind - binding parameter (2:VARCHAR) <- [writer2@example.com]
26-08-15 21:13:55.724 [Test worker] TRACE org.hibernate.orm.jdbc.bind - binding parameter (3:VARCHAR) <- [pw123456789!]
26-08-15 21:13:55.724 [Test worker] TRACE org.hibernate.orm.jdbc.bind - binding parameter (4:UUID) <- [null]
26-08-15 21:13:55.725 [Test worker] TRACE org.hibernate.orm.jdbc.bind - binding parameter (5:VARCHAR) <- [writer2]
26-08-15 21:13:55.725 [Test worker] TRACE org.hibernate.orm.jdbc.bind - binding parameter (6:UUID) <- [47e8dad0-0855-4193-b120-db552477b777]
26-08-15 21:13:55.725 [Test worker] DEBUG org.hibernate.SQL - 
    /* insert for
        com.sprint.mission.discodeit.entity.Channel */insert 
    into
        channels (created_at, description, name, type, id) 
    values
        (?, ?, ?, ?, ?)
26-08-15 21:13:55.726 [Test worker] TRACE org.hibernate.orm.jdbc.bind - binding parameter (1:TIMESTAMP_UTC) <- [2026-08-15T12:13:55.723836Z]
26-08-15 21:13:55.726 [Test worker] TRACE org.hibernate.orm.jdbc.bind - binding parameter (2:VARCHAR) <- [설명]
26-08-15 21:13:55.726 [Test worker] TRACE org.hibernate.orm.jdbc.bind - binding parameter (3:VARCHAR) <- [공지2]
26-08-15 21:13:55.726 [Test worker] TRACE org.hibernate.orm.jdbc.bind - binding parameter (4:ENUM) <- [PUBLIC]
26-08-15 21:13:55.726 [Test worker] TRACE org.hibernate.orm.jdbc.bind - binding parameter (5:UUID) <- [9f4b88a3-3faf-4c22-b81b-b727e132739d]
26-08-15 21:13:55.727 [Test worker] DEBUG org.hibernate.SQL - 
    /* insert for
        com.sprint.mission.discodeit.entity.Message */insert 
    into
        messages (author_id, channel_id, content, created_at, id) 
    values
        (?, ?, ?, ?, ?)
26-08-15 21:13:55.727 [Test worker] TRACE org.hibernate.orm.jdbc.bind - binding parameter (1:UUID) <- [47e8dad0-0855-4193-b120-db552477b777]
26-08-15 21:13:55.727 [Test worker] TRACE org.hibernate.orm.jdbc.bind - binding parameter (2:UUID) <- [9f4b88a3-3faf-4c22-b81b-b727e132739d]
26-08-15 21:13:55.727 [Test worker] TRACE org.hibernate.orm.jdbc.bind - binding parameter (3:VARCHAR) <- [첫번째]
26-08-15 21:13:55.727 [Test worker] TRACE org.hibernate.orm.jdbc.bind - binding parameter (4:TIMESTAMP_UTC) <- [2026-08-15T12:13:55.723955Z]
26-08-15 21:13:55.727 [Test worker] TRACE org.hibernate.orm.jdbc.bind - binding parameter (5:UUID) <- [81aa16c7-3012-41c1-971f-cad8bdb1b6b2]
26-08-15 21:13:55.753 [Test worker] DEBUG org.hibernate.SQL - 
    /* insert for
        com.sprint.mission.discodeit.entity.Message */insert 
    into
        messages (author_id, channel_id, content, created_at, id) 
    values
        (?, ?, ?, ?, ?)
26-08-15 21:13:55.753 [Test worker] TRACE org.hibernate.orm.jdbc.bind - binding parameter (1:UUID) <- [47e8dad0-0855-4193-b120-db552477b777]
26-08-15 21:13:55.754 [Test worker] TRACE org.hibernate.orm.jdbc.bind - binding parameter (2:UUID) <- [9f4b88a3-3faf-4c22-b81b-b727e132739d]
26-08-15 21:13:55.754 [Test worker] TRACE org.hibernate.orm.jdbc.bind - binding parameter (3:VARCHAR) <- [두번째]
26-08-15 21:13:55.754 [Test worker] TRACE org.hibernate.orm.jdbc.bind - binding parameter (4:TIMESTAMP_UTC) <- [2026-08-15T12:13:55.753067Z]
26-08-15 21:13:55.754 [Test worker] TRACE org.hibernate.orm.jdbc.bind - binding parameter (5:UUID) <- [9121c77e-9134-48bf-8b78-609122631910]
26-08-15 21:13:55.757 [Test worker] DEBUG org.hibernate.SQL - 
    /* <criteria> */ select
        m1_0.id,
        a1_0.id,
        a1_0.created_at,
        a1_0.email,
        a1_0.password,
        p1_0.id,
        p1_0.content_type,
        p1_0.created_at,
        p1_0.file_name,
        p1_0.size,
        a1_0.username,
        us1_0.id,
        us1_0.created_at,
        us1_0.last_active_at,
        c2_0.id,
        c2_0.created_at,
        c2_0.description,
        c2_0.name,
        c2_0.type,
        m1_0.content,
        m1_0.created_at 
    from
        messages m1_0 
    left join
        users a1_0 
            on a1_0.id=m1_0.author_id 
    left join
        binary_contents p1_0 
            on p1_0.id=a1_0.profile_id 
    left join
        user_statuses us1_0 
            on a1_0.id=us1_0.user_id 
    left join
        channels c2_0 
            on c2_0.id=m1_0.channel_id 
    where
        m1_0.channel_id=? 
        and m1_0.created_at<? 
    order by
        m1_0.created_at desc 
    fetch
        first ? rows only
26-08-15 21:13:55.758 [Test worker] TRACE org.hibernate.orm.jdbc.bind - binding parameter (1:UUID) <- [9f4b88a3-3faf-4c22-b81b-b727e132739d]
26-08-15 21:13:55.759 [Test worker] TRACE org.hibernate.orm.jdbc.bind - binding parameter (2:TIMESTAMP_UTC) <- [2026-08-15T12:13:55.740313Z]
26-08-15 21:13:55.759 [Test worker] TRACE org.hibernate.orm.jdbc.bind - binding parameter (3:INTEGER) <- [11]
26-08-15 21:13:55.776 [Test worker] DEBUG org.hibernate.SQL - 
    /* insert for
        com.sprint.mission.discodeit.entity.User */insert 
    into
        users (created_at, email, password, profile_id, username, id) 
    values
        (?, ?, ?, ?, ?, ?)
26-08-15 21:13:55.776 [Test worker] TRACE org.hibernate.orm.jdbc.bind - binding parameter (1:TIMESTAMP_UTC) <- [2026-08-15T12:13:55.775911Z]
26-08-15 21:13:55.776 [Test worker] TRACE org.hibernate.orm.jdbc.bind - binding parameter (2:VARCHAR) <- [writer3@example.com]
26-08-15 21:13:55.776 [Test worker] TRACE org.hibernate.orm.jdbc.bind - binding parameter (3:VARCHAR) <- [pw123456789!]
26-08-15 21:13:55.777 [Test worker] TRACE org.hibernate.orm.jdbc.bind - binding parameter (4:UUID) <- [null]
26-08-15 21:13:55.777 [Test worker] TRACE org.hibernate.orm.jdbc.bind - binding parameter (5:VARCHAR) <- [writer3]
26-08-15 21:13:55.777 [Test worker] TRACE org.hibernate.orm.jdbc.bind - binding parameter (6:UUID) <- [14bafd0c-6114-4af5-a029-1d52cf621b71]
26-08-15 21:13:55.777 [Test worker] DEBUG org.hibernate.SQL - 
    /* insert for
        com.sprint.mission.discodeit.entity.Channel */insert 
    into
        channels (created_at, description, name, type, id) 
    values
        (?, ?, ?, ?, ?)
26-08-15 21:13:55.778 [Test worker] TRACE org.hibernate.orm.jdbc.bind - binding parameter (1:TIMESTAMP_UTC) <- [2026-08-15T12:13:55.776095Z]
26-08-15 21:13:55.778 [Test worker] TRACE org.hibernate.orm.jdbc.bind - binding parameter (2:VARCHAR) <- [설명]
26-08-15 21:13:55.778 [Test worker] TRACE org.hibernate.orm.jdbc.bind - binding parameter (3:VARCHAR) <- [공지3]
26-08-15 21:13:55.778 [Test worker] TRACE org.hibernate.orm.jdbc.bind - binding parameter (4:ENUM) <- [PUBLIC]
26-08-15 21:13:55.778 [Test worker] TRACE org.hibernate.orm.jdbc.bind - binding parameter (5:UUID) <- [5e5b62ad-f4f4-4afa-95b9-1d7542762a89]
26-08-15 21:13:55.780 [Test worker] DEBUG org.hibernate.SQL - 
    /* <criteria> */ select
        m1_0.id,
        a1_0.id,
        a1_0.created_at,
        a1_0.email,
        a1_0.password,
        p1_0.id,
        p1_0.content_type,
        p1_0.created_at,
        p1_0.file_name,
        p1_0.size,
        a1_0.username,
        us1_0.id,
        us1_0.created_at,
        us1_0.last_active_at,
        c2_0.id,
        c2_0.created_at,
        c2_0.description,
        c2_0.name,
        c2_0.type,
        m1_0.content,
        m1_0.created_at 
    from
        messages m1_0 
    left join
        users a1_0 
            on a1_0.id=m1_0.author_id 
    left join
        binary_contents p1_0 
            on p1_0.id=a1_0.profile_id 
    left join
        user_statuses us1_0 
            on a1_0.id=us1_0.user_id 
    left join
        channels c2_0 
            on c2_0.id=m1_0.channel_id 
    where
        m1_0.channel_id=? 
        and m1_0.created_at<? 
    fetch
        first ? rows only
26-08-15 21:13:55.781 [Test worker] TRACE org.hibernate.orm.jdbc.bind - binding parameter (1:UUID) <- [5e5b62ad-f4f4-4afa-95b9-1d7542762a89]
26-08-15 21:13:55.781 [Test worker] TRACE org.hibernate.orm.jdbc.bind - binding parameter (2:TIMESTAMP_UTC) <- [2026-08-15T11:13:55.778438Z]
26-08-15 21:13:55.781 [Test worker] TRACE org.hibernate.orm.jdbc.bind - binding parameter (3:INTEGER) <- [11]
26-08-15 21:13:55.786 [Test worker] DEBUG org.hibernate.SQL - 
    /* insert for
        com.sprint.mission.discodeit.entity.User */insert 
    into
        users (created_at, email, password, profile_id, username, id) 
    values
        (?, ?, ?, ?, ?, ?)
26-08-15 21:13:55.786 [Test worker] TRACE org.hibernate.orm.jdbc.bind - binding parameter (1:TIMESTAMP_UTC) <- [2026-08-15T12:13:55.784769Z]
26-08-15 21:13:55.786 [Test worker] TRACE org.hibernate.orm.jdbc.bind - binding parameter (2:VARCHAR) <- [writer@example.com]
26-08-15 21:13:55.786 [Test worker] TRACE org.hibernate.orm.jdbc.bind - binding parameter (3:VARCHAR) <- [pw123456789!]
26-08-15 21:13:55.786 [Test worker] TRACE org.hibernate.orm.jdbc.bind - binding parameter (4:UUID) <- [null]
26-08-15 21:13:55.786 [Test worker] TRACE org.hibernate.orm.jdbc.bind - binding parameter (5:VARCHAR) <- [writer]
26-08-15 21:13:55.786 [Test worker] TRACE org.hibernate.orm.jdbc.bind - binding parameter (6:UUID) <- [47987d49-62a1-41c7-9be9-9d586b521418]
26-08-15 21:13:55.787 [Test worker] DEBUG org.hibernate.SQL - 
    /* insert for
        com.sprint.mission.discodeit.entity.Channel */insert 
    into
        channels (created_at, description, name, type, id) 
    values
        (?, ?, ?, ?, ?)
26-08-15 21:13:55.787 [Test worker] TRACE org.hibernate.orm.jdbc.bind - binding parameter (1:TIMESTAMP_UTC) <- [2026-08-15T12:13:55.784948Z]
26-08-15 21:13:55.787 [Test worker] TRACE org.hibernate.orm.jdbc.bind - binding parameter (2:VARCHAR) <- [설명]
26-08-15 21:13:55.787 [Test worker] TRACE org.hibernate.orm.jdbc.bind - binding parameter (3:VARCHAR) <- [공지]
26-08-15 21:13:55.787 [Test worker] TRACE org.hibernate.orm.jdbc.bind - binding parameter (4:ENUM) <- [PUBLIC]
26-08-15 21:13:55.787 [Test worker] TRACE org.hibernate.orm.jdbc.bind - binding parameter (5:UUID) <- [57248da3-6f8b-4753-868f-358d2db87ba2]
26-08-15 21:13:55.787 [Test worker] DEBUG org.hibernate.SQL - 
    /* insert for
        com.sprint.mission.discodeit.entity.Message */insert 
    into
        messages (author_id, channel_id, content, created_at, id) 
    values
        (?, ?, ?, ?, ?)
26-08-15 21:13:55.788 [Test worker] TRACE org.hibernate.orm.jdbc.bind - binding parameter (1:UUID) <- [47987d49-62a1-41c7-9be9-9d586b521418]
26-08-15 21:13:55.788 [Test worker] TRACE org.hibernate.orm.jdbc.bind - binding parameter (2:UUID) <- [57248da3-6f8b-4753-868f-358d2db87ba2]
26-08-15 21:13:55.788 [Test worker] TRACE org.hibernate.orm.jdbc.bind - binding parameter (3:VARCHAR) <- [내용0]
26-08-15 21:13:55.788 [Test worker] TRACE org.hibernate.orm.jdbc.bind - binding parameter (4:TIMESTAMP_UTC) <- [2026-08-15T12:13:55.785221Z]
26-08-15 21:13:55.788 [Test worker] TRACE org.hibernate.orm.jdbc.bind - binding parameter (5:UUID) <- [c624b6c1-35d8-47a2-8057-be1042de03d3]
26-08-15 21:13:55.788 [Test worker] DEBUG org.hibernate.SQL - 
    /* insert for
        com.sprint.mission.discodeit.entity.Message */insert 
    into
        messages (author_id, channel_id, content, created_at, id) 
    values
        (?, ?, ?, ?, ?)
26-08-15 21:13:55.788 [Test worker] TRACE org.hibernate.orm.jdbc.bind - binding parameter (1:UUID) <- [47987d49-62a1-41c7-9be9-9d586b521418]
26-08-15 21:13:55.788 [Test worker] TRACE org.hibernate.orm.jdbc.bind - binding parameter (2:UUID) <- [57248da3-6f8b-4753-868f-358d2db87ba2]
26-08-15 21:13:55.789 [Test worker] TRACE org.hibernate.orm.jdbc.bind - binding parameter (3:VARCHAR) <- [내용1]
26-08-15 21:13:55.789 [Test worker] TRACE org.hibernate.orm.jdbc.bind - binding parameter (4:TIMESTAMP_UTC) <- [2026-08-15T12:13:55.785372Z]
26-08-15 21:13:55.789 [Test worker] TRACE org.hibernate.orm.jdbc.bind - binding parameter (5:UUID) <- [ffec2e6f-cc6a-4dad-98c1-c42697606f87]
26-08-15 21:13:55.789 [Test worker] DEBUG org.hibernate.SQL - 
    /* insert for
        com.sprint.mission.discodeit.entity.Message */insert 
    into
        messages (author_id, channel_id, content, created_at, id) 
    values
        (?, ?, ?, ?, ?)
26-08-15 21:13:55.789 [Test worker] TRACE org.hibernate.orm.jdbc.bind - binding parameter (1:UUID) <- [47987d49-62a1-41c7-9be9-9d586b521418]
26-08-15 21:13:55.789 [Test worker] TRACE org.hibernate.orm.jdbc.bind - binding parameter (2:UUID) <- [57248da3-6f8b-4753-868f-358d2db87ba2]
26-08-15 21:13:55.789 [Test worker] TRACE org.hibernate.orm.jdbc.bind - binding parameter (3:VARCHAR) <- [내용2]
26-08-15 21:13:55.789 [Test worker] TRACE org.hibernate.orm.jdbc.bind - binding parameter (4:TIMESTAMP_UTC) <- [2026-08-15T12:13:55.785686Z]
26-08-15 21:13:55.789 [Test worker] TRACE org.hibernate.orm.jdbc.bind - binding parameter (5:UUID) <- [0208ffc9-067d-4ccc-9731-95aed059e7d1]
26-08-15 21:13:55.792 [Test worker] DEBUG org.hibernate.SQL - 
    /* <criteria> */ select
        m1_0.id,
        a1_0.id,
        a1_0.created_at,
        a1_0.email,
        a1_0.password,
        p1_0.id,
        p1_0.content_type,
        p1_0.created_at,
        p1_0.file_name,
        p1_0.size,
        a1_0.username,
        us1_0.id,
        us1_0.created_at,
        us1_0.last_active_at,
        c2_0.id,
        c2_0.created_at,
        c2_0.description,
        c2_0.name,
        c2_0.type,
        m1_0.content,
        m1_0.created_at 
    from
        messages m1_0 
    left join
        users a1_0 
            on a1_0.id=m1_0.author_id 
    left join
        binary_contents p1_0 
            on p1_0.id=a1_0.profile_id 
    left join
        user_statuses us1_0 
            on a1_0.id=us1_0.user_id 
    left join
        channels c2_0 
            on c2_0.id=m1_0.channel_id 
    where
        m1_0.channel_id=? 
    order by
        m1_0.created_at desc 
    fetch
        first ? rows only
26-08-15 21:13:55.792 [Test worker] TRACE org.hibernate.orm.jdbc.bind - binding parameter (1:UUID) <- [57248da3-6f8b-4753-868f-358d2db87ba2]
26-08-15 21:13:55.792 [Test worker] TRACE org.hibernate.orm.jdbc.bind - binding parameter (2:INTEGER) <- [11]
26-08-15 21:13:55.798 [Test worker] DEBUG org.hibernate.SQL - 
    /* <criteria> */ select
        m1_0.id,
        a1_0.id,
        a1_0.created_at,
        a1_0.email,
        a1_0.password,
        p1_0.id,
        p1_0.content_type,
        p1_0.created_at,
        p1_0.file_name,
        p1_0.size,
        a1_0.username,
        us1_0.id,
        us1_0.created_at,
        us1_0.last_active_at,
        c2_0.id,
        c2_0.created_at,
        c2_0.description,
        c2_0.name,
        c2_0.type,
        m1_0.content,
        m1_0.created_at 
    from
        messages m1_0 
    left join
        users a1_0 
            on a1_0.id=m1_0.author_id 
    left join
        binary_contents p1_0 
            on p1_0.id=a1_0.profile_id 
    left join
        user_statuses us1_0 
            on a1_0.id=us1_0.user_id 
    left join
        channels c2_0 
            on c2_0.id=m1_0.channel_id 
    where
        m1_0.channel_id=? 
    fetch
        first ? rows only
26-08-15 21:13:55.799 [Test worker] TRACE org.hibernate.orm.jdbc.bind - binding parameter (1:UUID) <- [431bc0ee-8408-4e16-9f13-2596b37bbe77]
26-08-15 21:13:55.799 [Test worker] TRACE org.hibernate.orm.jdbc.bind - binding parameter (2:INTEGER) <- [11]
26-08-15 21:13:55.802 [Test worker] INFO  o.s.t.c.s.AnnotationConfigContextLoaderUtils - Could not detect default configuration classes for test class [com.sprint.mission.discodeit.repository.ReadStatusRepositoryTest]: ReadStatusRepositoryTest does not declare any static, non-private, non-final, nested classes annotated with @Configuration.
26-08-15 21:13:55.806 [Test worker] INFO  o.s.b.t.c.SpringBootTestContextBootstrapper - Found @SpringBootConfiguration com.sprint.mission.discodeit.DiscodeitApplication for test class com.sprint.mission.discodeit.repository.ReadStatusRepositoryTest
26-08-15 21:13:55.811 [Test worker] DEBUG org.hibernate.SQL - 
    /* <criteria> */ select
        rs1_0.id,
        rs1_0.channel_id,
        rs1_0.created_at,
        rs1_0.last_read_at,
        rs1_0.user_id 
    from
        read_statuses rs1_0 
    where
        rs1_0.user_id=? 
    order by
        rs1_0.created_at desc 
    fetch
        first ? rows only
26-08-15 21:13:55.812 [Test worker] TRACE org.hibernate.orm.jdbc.bind - binding parameter (1:UUID) <- [3537a32b-a57b-419c-bf0d-1e6a17796b18]
26-08-15 21:13:55.812 [Test worker] TRACE org.hibernate.orm.jdbc.bind - binding parameter (2:INTEGER) <- [3]
26-08-15 21:13:55.819 [Test worker] DEBUG org.hibernate.SQL - 
    /* insert for
        com.sprint.mission.discodeit.entity.User */insert 
    into
        users (created_at, email, password, profile_id, username, id) 
    values
        (?, ?, ?, ?, ?, ?)
26-08-15 21:13:55.819 [Test worker] TRACE org.hibernate.orm.jdbc.bind - binding parameter (1:TIMESTAMP_UTC) <- [2026-08-15T12:13:55.815782Z]
26-08-15 21:13:55.820 [Test worker] TRACE org.hibernate.orm.jdbc.bind - binding parameter (2:VARCHAR) <- [reader2@example.com]
26-08-15 21:13:55.820 [Test worker] TRACE org.hibernate.orm.jdbc.bind - binding parameter (3:VARCHAR) <- [pw123456789!]
26-08-15 21:13:55.820 [Test worker] TRACE org.hibernate.orm.jdbc.bind - binding parameter (4:UUID) <- [null]
26-08-15 21:13:55.820 [Test worker] TRACE org.hibernate.orm.jdbc.bind - binding parameter (5:VARCHAR) <- [reader2]
26-08-15 21:13:55.820 [Test worker] TRACE org.hibernate.orm.jdbc.bind - binding parameter (6:UUID) <- [b3a3c6e9-187f-47af-9037-2f2901b18595]
26-08-15 21:13:55.820 [Test worker] DEBUG org.hibernate.SQL - 
    /* insert for
        com.sprint.mission.discodeit.entity.Channel */insert 
    into
        channels (created_at, description, name, type, id) 
    values
        (?, ?, ?, ?, ?)
26-08-15 21:13:55.821 [Test worker] TRACE org.hibernate.orm.jdbc.bind - binding parameter (1:TIMESTAMP_UTC) <- [2026-08-15T12:13:55.816094Z]
26-08-15 21:13:55.821 [Test worker] TRACE org.hibernate.orm.jdbc.bind - binding parameter (2:VARCHAR) <- [설명]
26-08-15 21:13:55.821 [Test worker] TRACE org.hibernate.orm.jdbc.bind - binding parameter (3:VARCHAR) <- [채널0]
26-08-15 21:13:55.821 [Test worker] TRACE org.hibernate.orm.jdbc.bind - binding parameter (4:ENUM) <- [PUBLIC]
26-08-15 21:13:55.821 [Test worker] TRACE org.hibernate.orm.jdbc.bind - binding parameter (5:UUID) <- [4651333a-2b85-4b8c-8ede-e7b8f1c26427]
26-08-15 21:13:55.821 [Test worker] DEBUG org.hibernate.SQL - 
    /* insert for
        com.sprint.mission.discodeit.entity.ReadStatus */insert 
    into
        read_statuses (channel_id, created_at, last_read_at, user_id, id) 
    values
        (?, ?, ?, ?, ?)
26-08-15 21:13:55.821 [Test worker] TRACE org.hibernate.orm.jdbc.bind - binding parameter (1:UUID) <- [4651333a-2b85-4b8c-8ede-e7b8f1c26427]
26-08-15 21:13:55.821 [Test worker] TRACE org.hibernate.orm.jdbc.bind - binding parameter (2:TIMESTAMP_UTC) <- [2026-08-15T12:13:55.816593Z]
26-08-15 21:13:55.821 [Test worker] TRACE org.hibernate.orm.jdbc.bind - binding parameter (3:TIMESTAMP_UTC) <- [2026-08-15T12:13:55.816169Z]
26-08-15 21:13:55.821 [Test worker] TRACE org.hibernate.orm.jdbc.bind - binding parameter (4:UUID) <- [b3a3c6e9-187f-47af-9037-2f2901b18595]
26-08-15 21:13:55.821 [Test worker] TRACE org.hibernate.orm.jdbc.bind - binding parameter (5:UUID) <- [49b5ad90-91f6-49d8-b40b-aa622d4891d0]
26-08-15 21:13:55.822 [Test worker] DEBUG org.hibernate.SQL - 
    /* insert for
        com.sprint.mission.discodeit.entity.Channel */insert 
    into
        channels (created_at, description, name, type, id) 
    values
        (?, ?, ?, ?, ?)
26-08-15 21:13:55.822 [Test worker] TRACE org.hibernate.orm.jdbc.bind - binding parameter (1:TIMESTAMP_UTC) <- [2026-08-15T12:13:55.818309Z]
26-08-15 21:13:55.822 [Test worker] TRACE org.hibernate.orm.jdbc.bind - binding parameter (2:VARCHAR) <- [설명]
26-08-15 21:13:55.822 [Test worker] TRACE org.hibernate.orm.jdbc.bind - binding parameter (3:VARCHAR) <- [채널1]
26-08-15 21:13:55.822 [Test worker] TRACE org.hibernate.orm.jdbc.bind - binding parameter (4:ENUM) <- [PUBLIC]
26-08-15 21:13:55.822 [Test worker] TRACE org.hibernate.orm.jdbc.bind - binding parameter (5:UUID) <- [9363b16f-342f-4d37-8d75-602f37ec1503]
26-08-15 21:13:55.822 [Test worker] DEBUG org.hibernate.SQL - 
    /* insert for
        com.sprint.mission.discodeit.entity.ReadStatus */insert 
    into
        read_statuses (channel_id, created_at, last_read_at, user_id, id) 
    values
        (?, ?, ?, ?, ?)
26-08-15 21:13:55.822 [Test worker] TRACE org.hibernate.orm.jdbc.bind - binding parameter (1:UUID) <- [9363b16f-342f-4d37-8d75-602f37ec1503]
26-08-15 21:13:55.822 [Test worker] TRACE org.hibernate.orm.jdbc.bind - binding parameter (2:TIMESTAMP_UTC) <- [2026-08-15T12:13:55.818440Z]
26-08-15 21:13:55.822 [Test worker] TRACE org.hibernate.orm.jdbc.bind - binding parameter (3:TIMESTAMP_UTC) <- [2026-08-15T12:13:55.818385Z]
26-08-15 21:13:55.822 [Test worker] TRACE org.hibernate.orm.jdbc.bind - binding parameter (4:UUID) <- [b3a3c6e9-187f-47af-9037-2f2901b18595]
26-08-15 21:13:55.822 [Test worker] TRACE org.hibernate.orm.jdbc.bind - binding parameter (5:UUID) <- [649a46d5-797a-4f21-bdfe-178b86e748fd]
26-08-15 21:13:55.823 [Test worker] DEBUG org.hibernate.SQL - 
    /* insert for
        com.sprint.mission.discodeit.entity.Channel */insert 
    into
        channels (created_at, description, name, type, id) 
    values
        (?, ?, ?, ?, ?)
26-08-15 21:13:55.823 [Test worker] TRACE org.hibernate.orm.jdbc.bind - binding parameter (1:TIMESTAMP_UTC) <- [2026-08-15T12:13:55.818565Z]
26-08-15 21:13:55.823 [Test worker] TRACE org.hibernate.orm.jdbc.bind - binding parameter (2:VARCHAR) <- [설명]
26-08-15 21:13:55.823 [Test worker] TRACE org.hibernate.orm.jdbc.bind - binding parameter (3:VARCHAR) <- [채널2]
26-08-15 21:13:55.823 [Test worker] TRACE org.hibernate.orm.jdbc.bind - binding parameter (4:ENUM) <- [PUBLIC]
26-08-15 21:13:55.823 [Test worker] TRACE org.hibernate.orm.jdbc.bind - binding parameter (5:UUID) <- [f8195a4f-1f27-4a4b-bcc6-f1b00263ddc0]
26-08-15 21:13:55.823 [Test worker] DEBUG org.hibernate.SQL - 
    /* insert for
        com.sprint.mission.discodeit.entity.ReadStatus */insert 
    into
        read_statuses (channel_id, created_at, last_read_at, user_id, id) 
    values
        (?, ?, ?, ?, ?)
26-08-15 21:13:55.823 [Test worker] TRACE org.hibernate.orm.jdbc.bind - binding parameter (1:UUID) <- [f8195a4f-1f27-4a4b-bcc6-f1b00263ddc0]
26-08-15 21:13:55.823 [Test worker] TRACE org.hibernate.orm.jdbc.bind - binding parameter (2:TIMESTAMP_UTC) <- [2026-08-15T12:13:55.818676Z]
26-08-15 21:13:55.823 [Test worker] TRACE org.hibernate.orm.jdbc.bind - binding parameter (3:TIMESTAMP_UTC) <- [2026-08-15T12:13:55.818627Z]
26-08-15 21:13:55.823 [Test worker] TRACE org.hibernate.orm.jdbc.bind - binding parameter (4:UUID) <- [b3a3c6e9-187f-47af-9037-2f2901b18595]
26-08-15 21:13:55.823 [Test worker] TRACE org.hibernate.orm.jdbc.bind - binding parameter (5:UUID) <- [18fcab87-3265-4a41-80f3-5e7c260e9b56]
26-08-15 21:13:55.824 [Test worker] DEBUG org.hibernate.SQL - 
    /* insert for
        com.sprint.mission.discodeit.entity.Channel */insert 
    into
        channels (created_at, description, name, type, id) 
    values
        (?, ?, ?, ?, ?)
26-08-15 21:13:55.826 [Test worker] TRACE org.hibernate.orm.jdbc.bind - binding parameter (1:TIMESTAMP_UTC) <- [2026-08-15T12:13:55.818789Z]
26-08-15 21:13:55.826 [Test worker] TRACE org.hibernate.orm.jdbc.bind - binding parameter (2:VARCHAR) <- [설명]
26-08-15 21:13:55.826 [Test worker] TRACE org.hibernate.orm.jdbc.bind - binding parameter (3:VARCHAR) <- [채널3]
26-08-15 21:13:55.826 [Test worker] TRACE org.hibernate.orm.jdbc.bind - binding parameter (4:ENUM) <- [PUBLIC]
26-08-15 21:13:55.826 [Test worker] TRACE org.hibernate.orm.jdbc.bind - binding parameter (5:UUID) <- [c8c92181-ba63-4ad7-8868-eb07387c7fee]
26-08-15 21:13:55.826 [Test worker] DEBUG org.hibernate.SQL - 
    /* insert for
        com.sprint.mission.discodeit.entity.ReadStatus */insert 
    into
        read_statuses (channel_id, created_at, last_read_at, user_id, id) 
    values
        (?, ?, ?, ?, ?)
26-08-15 21:13:55.826 [Test worker] TRACE org.hibernate.orm.jdbc.bind - binding parameter (1:UUID) <- [c8c92181-ba63-4ad7-8868-eb07387c7fee]
26-08-15 21:13:55.826 [Test worker] TRACE org.hibernate.orm.jdbc.bind - binding parameter (2:TIMESTAMP_UTC) <- [2026-08-15T12:13:55.818881Z]
26-08-15 21:13:55.826 [Test worker] TRACE org.hibernate.orm.jdbc.bind - binding parameter (3:TIMESTAMP_UTC) <- [2026-08-15T12:13:55.818848Z]
26-08-15 21:13:55.827 [Test worker] TRACE org.hibernate.orm.jdbc.bind - binding parameter (4:UUID) <- [b3a3c6e9-187f-47af-9037-2f2901b18595]
26-08-15 21:13:55.827 [Test worker] TRACE org.hibernate.orm.jdbc.bind - binding parameter (5:UUID) <- [37c402c2-5b75-4fad-bfd3-5f41034548c4]
26-08-15 21:13:55.827 [Test worker] DEBUG org.hibernate.SQL - 
    /* insert for
        com.sprint.mission.discodeit.entity.Channel */insert 
    into
        channels (created_at, description, name, type, id) 
    values
        (?, ?, ?, ?, ?)
26-08-15 21:13:55.827 [Test worker] TRACE org.hibernate.orm.jdbc.bind - binding parameter (1:TIMESTAMP_UTC) <- [2026-08-15T12:13:55.818986Z]
26-08-15 21:13:55.827 [Test worker] TRACE org.hibernate.orm.jdbc.bind - binding parameter (2:VARCHAR) <- [설명]
26-08-15 21:13:55.827 [Test worker] TRACE org.hibernate.orm.jdbc.bind - binding parameter (3:VARCHAR) <- [채널4]
26-08-15 21:13:55.827 [Test worker] TRACE org.hibernate.orm.jdbc.bind - binding parameter (4:ENUM) <- [PUBLIC]
26-08-15 21:13:55.827 [Test worker] TRACE org.hibernate.orm.jdbc.bind - binding parameter (5:UUID) <- [d7520d74-030c-4335-8412-bacb79f0850e]
26-08-15 21:13:55.827 [Test worker] DEBUG org.hibernate.SQL - 
    /* insert for
        com.sprint.mission.discodeit.entity.ReadStatus */insert 
    into
        read_statuses (channel_id, created_at, last_read_at, user_id, id) 
    values
        (?, ?, ?, ?, ?)
26-08-15 21:13:55.827 [Test worker] TRACE org.hibernate.orm.jdbc.bind - binding parameter (1:UUID) <- [d7520d74-030c-4335-8412-bacb79f0850e]
26-08-15 21:13:55.827 [Test worker] TRACE org.hibernate.orm.jdbc.bind - binding parameter (2:TIMESTAMP_UTC) <- [2026-08-15T12:13:55.819082Z]
26-08-15 21:13:55.827 [Test worker] TRACE org.hibernate.orm.jdbc.bind - binding parameter (3:TIMESTAMP_UTC) <- [2026-08-15T12:13:55.819041Z]
26-08-15 21:13:55.828 [Test worker] TRACE org.hibernate.orm.jdbc.bind - binding parameter (4:UUID) <- [b3a3c6e9-187f-47af-9037-2f2901b18595]
26-08-15 21:13:55.828 [Test worker] TRACE org.hibernate.orm.jdbc.bind - binding parameter (5:UUID) <- [f92e6ad1-95c0-40cc-9938-bd7898a841f6]
26-08-15 21:13:55.829 [Test worker] DEBUG org.hibernate.SQL - 
    /* <criteria> */ select
        rs1_0.id,
        rs1_0.channel_id,
        rs1_0.created_at,
        rs1_0.last_read_at,
        rs1_0.user_id 
    from
        read_statuses rs1_0 
    where
        rs1_0.user_id=? 
    order by
        rs1_0.created_at desc 
    fetch
        first ? rows only
26-08-15 21:13:55.829 [Test worker] TRACE org.hibernate.orm.jdbc.bind - binding parameter (1:UUID) <- [b3a3c6e9-187f-47af-9037-2f2901b18595]
26-08-15 21:13:55.829 [Test worker] TRACE org.hibernate.orm.jdbc.bind - binding parameter (2:INTEGER) <- [3]
26-08-15 21:13:55.834 [Test worker] DEBUG org.hibernate.SQL - 
    /* insert for
        com.sprint.mission.discodeit.entity.User */insert 
    into
        users (created_at, email, password, profile_id, username, id) 
    values
        (?, ?, ?, ?, ?, ?)
26-08-15 21:13:55.834 [Test worker] TRACE org.hibernate.orm.jdbc.bind - binding parameter (1:TIMESTAMP_UTC) <- [2026-08-15T12:13:55.834070Z]
26-08-15 21:13:55.835 [Test worker] TRACE org.hibernate.orm.jdbc.bind - binding parameter (2:VARCHAR) <- [reader@example.com]
26-08-15 21:13:55.835 [Test worker] TRACE org.hibernate.orm.jdbc.bind - binding parameter (3:VARCHAR) <- [pw123456789!]
26-08-15 21:13:55.835 [Test worker] TRACE org.hibernate.orm.jdbc.bind - binding parameter (4:UUID) <- [null]
26-08-15 21:13:55.835 [Test worker] TRACE org.hibernate.orm.jdbc.bind - binding parameter (5:VARCHAR) <- [reader]
26-08-15 21:13:55.835 [Test worker] TRACE org.hibernate.orm.jdbc.bind - binding parameter (6:UUID) <- [f3774d0e-fba1-4a64-a91d-5d243e1a2c2f]
26-08-15 21:13:55.835 [Test worker] DEBUG org.hibernate.SQL - 
    /* insert for
        com.sprint.mission.discodeit.entity.Channel */insert 
    into
        channels (created_at, description, name, type, id) 
    values
        (?, ?, ?, ?, ?)
26-08-15 21:13:55.835 [Test worker] TRACE org.hibernate.orm.jdbc.bind - binding parameter (1:TIMESTAMP_UTC) <- [2026-08-15T12:13:55.834247Z]
26-08-15 21:13:55.836 [Test worker] TRACE org.hibernate.orm.jdbc.bind - binding parameter (2:VARCHAR) <- [설명]
26-08-15 21:13:55.836 [Test worker] TRACE org.hibernate.orm.jdbc.bind - binding parameter (3:VARCHAR) <- [공지]
26-08-15 21:13:55.836 [Test worker] TRACE org.hibernate.orm.jdbc.bind - binding parameter (4:ENUM) <- [PUBLIC]
26-08-15 21:13:55.836 [Test worker] TRACE org.hibernate.orm.jdbc.bind - binding parameter (5:UUID) <- [f7e05830-acdf-42ce-8a7b-535a7815e2ad]
26-08-15 21:13:55.836 [Test worker] DEBUG org.hibernate.SQL - 
    /* insert for
        com.sprint.mission.discodeit.entity.ReadStatus */insert 
    into
        read_statuses (channel_id, created_at, last_read_at, user_id, id) 
    values
        (?, ?, ?, ?, ?)
26-08-15 21:13:55.836 [Test worker] TRACE org.hibernate.orm.jdbc.bind - binding parameter (1:UUID) <- [f7e05830-acdf-42ce-8a7b-535a7815e2ad]
26-08-15 21:13:55.836 [Test worker] TRACE org.hibernate.orm.jdbc.bind - binding parameter (2:TIMESTAMP_UTC) <- [2026-08-15T12:13:55.834346Z]
26-08-15 21:13:55.836 [Test worker] TRACE org.hibernate.orm.jdbc.bind - binding parameter (3:TIMESTAMP_UTC) <- [2026-08-15T12:13:55.834314Z]
26-08-15 21:13:55.836 [Test worker] TRACE org.hibernate.orm.jdbc.bind - binding parameter (4:UUID) <- [f3774d0e-fba1-4a64-a91d-5d243e1a2c2f]
26-08-15 21:13:55.836 [Test worker] TRACE org.hibernate.orm.jdbc.bind - binding parameter (5:UUID) <- [5f9c1caa-d3c2-4dcc-96a7-2bb8de96fd37]
26-08-15 21:13:55.838 [Test worker] DEBUG org.hibernate.SQL - 
    /* <criteria> */ select
        rs1_0.id 
    from
        read_statuses rs1_0 
    where
        rs1_0.user_id=? 
        and rs1_0.channel_id=? 
    fetch
        first ? rows only
26-08-15 21:13:55.839 [Test worker] TRACE org.hibernate.orm.jdbc.bind - binding parameter (1:UUID) <- [f3774d0e-fba1-4a64-a91d-5d243e1a2c2f]
26-08-15 21:13:55.839 [Test worker] TRACE org.hibernate.orm.jdbc.bind - binding parameter (2:UUID) <- [f7e05830-acdf-42ce-8a7b-535a7815e2ad]
26-08-15 21:13:55.839 [Test worker] TRACE org.hibernate.orm.jdbc.bind - binding parameter (3:INTEGER) <- [1]
26-08-15 21:13:55.843 [Test worker] DEBUG org.hibernate.SQL - 
    /* <criteria> */ select
        rs1_0.id 
    from
        read_statuses rs1_0 
    where
        rs1_0.user_id=? 
        and rs1_0.channel_id=? 
    fetch
        first ? rows only
26-08-15 21:13:55.844 [Test worker] TRACE org.hibernate.orm.jdbc.bind - binding parameter (1:UUID) <- [e2a9ac29-f778-4d62-8b7a-eccf56810d0e]
26-08-15 21:13:55.844 [Test worker] TRACE org.hibernate.orm.jdbc.bind - binding parameter (2:UUID) <- [0dd758ad-1f28-4dd8-9385-a8f8ad616a91]
26-08-15 21:13:55.844 [Test worker] TRACE org.hibernate.orm.jdbc.bind - binding parameter (3:INTEGER) <- [1]
26-08-15 21:13:55.847 [Test worker] INFO  o.s.t.c.s.AnnotationConfigContextLoaderUtils - Could not detect default configuration classes for test class [com.sprint.mission.discodeit.repository.UserRepositoryTest]: UserRepositoryTest does not declare any static, non-private, non-final, nested classes annotated with @Configuration.
26-08-15 21:13:55.850 [Test worker] INFO  o.s.b.t.c.SpringBootTestContextBootstrapper - Found @SpringBootConfiguration com.sprint.mission.discodeit.DiscodeitApplication for test class com.sprint.mission.discodeit.repository.UserRepositoryTest
26-08-15 21:13:55.853 [Test worker] DEBUG org.hibernate.SQL - 
    /* <criteria> */ select
        u1_0.id,
        u1_0.created_at,
        u1_0.email,
        u1_0.password,
        u1_0.profile_id,
        u1_0.username 
    from
        users u1_0 
    where
        u1_0.email=?
26-08-15 21:13:55.854 [Test worker] TRACE org.hibernate.orm.jdbc.bind - binding parameter (1:VARCHAR) <- [nobody@example.com]
26-08-15 21:13:55.858 [Test worker] DEBUG org.hibernate.SQL - 
    /* insert for
        com.sprint.mission.discodeit.entity.User */insert 
    into
        users (created_at, email, password, profile_id, username, id) 
    values
        (?, ?, ?, ?, ?, ?)
26-08-15 21:13:55.858 [Test worker] TRACE org.hibernate.orm.jdbc.bind - binding parameter (1:TIMESTAMP_UTC) <- [2026-08-15T12:13:55.857865Z]
26-08-15 21:13:55.858 [Test worker] TRACE org.hibernate.orm.jdbc.bind - binding parameter (2:VARCHAR) <- [email@example.com]
26-08-15 21:13:55.858 [Test worker] TRACE org.hibernate.orm.jdbc.bind - binding parameter (3:VARCHAR) <- [password123!]
26-08-15 21:13:55.858 [Test worker] TRACE org.hibernate.orm.jdbc.bind - binding parameter (4:UUID) <- [null]
26-08-15 21:13:55.858 [Test worker] TRACE org.hibernate.orm.jdbc.bind - binding parameter (5:VARCHAR) <- [emailuser]
26-08-15 21:13:55.858 [Test worker] TRACE org.hibernate.orm.jdbc.bind - binding parameter (6:UUID) <- [8fd54153-b90c-4116-b9d0-d16c8919bc07]
26-08-15 21:13:55.859 [Test worker] DEBUG org.hibernate.SQL - 
    /* <criteria> */ select
        u1_0.id,
        u1_0.created_at,
        u1_0.email,
        u1_0.password,
        u1_0.profile_id,
        u1_0.username 
    from
        users u1_0 
    where
        u1_0.email=?
26-08-15 21:13:55.860 [Test worker] TRACE org.hibernate.orm.jdbc.bind - binding parameter (1:VARCHAR) <- [email@example.com]
26-08-15 21:13:55.863 [Test worker] DEBUG org.hibernate.SQL - 
    /* insert for
        com.sprint.mission.discodeit.entity.User */insert 
    into
        users (created_at, email, password, profile_id, username, id) 
    values
        (?, ?, ?, ?, ?, ?)
26-08-15 21:13:55.863 [Test worker] TRACE org.hibernate.orm.jdbc.bind - binding parameter (1:TIMESTAMP_UTC) <- [2026-08-15T12:13:55.863222Z]
26-08-15 21:13:55.863 [Test worker] TRACE org.hibernate.orm.jdbc.bind - binding parameter (2:VARCHAR) <- [test@example.com]
26-08-15 21:13:55.863 [Test worker] TRACE org.hibernate.orm.jdbc.bind - binding parameter (3:VARCHAR) <- [password123!]
26-08-15 21:13:55.863 [Test worker] TRACE org.hibernate.orm.jdbc.bind - binding parameter (4:UUID) <- [null]
26-08-15 21:13:55.863 [Test worker] TRACE org.hibernate.orm.jdbc.bind - binding parameter (5:VARCHAR) <- [testuser]
26-08-15 21:13:55.863 [Test worker] TRACE org.hibernate.orm.jdbc.bind - binding parameter (6:UUID) <- [d9ff89a5-5507-47df-978e-a389921708ef]
26-08-15 21:13:55.865 [Test worker] DEBUG org.hibernate.SQL - 
    /* <criteria> */ select
        u1_0.id,
        u1_0.created_at,
        u1_0.email,
        u1_0.password,
        u1_0.profile_id,
        u1_0.username 
    from
        users u1_0 
    where
        u1_0.username=?
26-08-15 21:13:55.865 [Test worker] TRACE org.hibernate.orm.jdbc.bind - binding parameter (1:VARCHAR) <- [testuser]
26-08-15 21:13:55.869 [Test worker] DEBUG org.hibernate.SQL - 
    /* <criteria> */ select
        u1_0.id,
        u1_0.created_at,
        u1_0.email,
        u1_0.password,
        u1_0.profile_id,
        u1_0.username 
    from
        users u1_0 
    where
        u1_0.username=?
26-08-15 21:13:55.869 [Test worker] TRACE org.hibernate.orm.jdbc.bind - binding parameter (1:VARCHAR) <- [nonexistent]
26-08-15 21:13:56.202 [Test worker] INFO  c.s.m.d.s.basic.BasicChannelService - 유저의 채널 목록 조회 요청 - userId: 9f91133f-f479-4440-83a1-54bc2b1b83cd
26-08-15 21:13:56.204 [Test worker] INFO  c.s.m.d.s.basic.BasicChannelService - 채널 목록 조회 완료 - 채널 수: 1
26-08-15 21:13:56.214 [Test worker] INFO  c.s.m.d.s.basic.BasicChannelService - 채널 삭제 요청 - channelId: 833c1e95-7ae2-486f-be20-8ee6a12208fd
26-08-15 21:13:56.214 [Test worker] INFO  c.s.m.d.s.basic.BasicChannelService - 채널 삭제 완료 - channelId: 833c1e95-7ae2-486f-be20-8ee6a12208fd
26-08-15 21:13:56.228 [Test worker] INFO  c.s.m.d.s.basic.BasicChannelService - 채널 삭제 요청 - channelId: 9360adc4-dfe1-4599-8ee5-e5ecb2717969
26-08-15 21:13:56.234 [Test worker] INFO  c.s.m.d.s.basic.BasicChannelService - PRIVATE 채널 생성 요청 - 참여자 수: 1
26-08-15 21:13:56.237 [Test worker] INFO  c.s.m.d.s.basic.BasicChannelService - PUBLIC 채널 생성 요청 - name: 공지
26-08-15 21:13:56.238 [Test worker] INFO  c.s.m.d.s.basic.BasicChannelService - PUBLIC 채널 생성 완료 - channelId: c1398312-17f3-4634-b471-e9d30cada301
26-08-15 21:13:56.241 [Test worker] INFO  c.s.m.d.s.basic.BasicChannelService - 채널 수정 요청 - channelId: ecf12363-4074-41de-9fa3-ade33d963b55
26-08-15 21:13:56.244 [Test worker] INFO  c.s.m.d.s.basic.BasicChannelService - 채널 수정 요청 - channelId: 790d89dc-075e-4de7-a924-51e636fd68ff
26-08-15 21:13:56.244 [Test worker] INFO  c.s.m.d.s.basic.BasicChannelService - 채널 수정 완료 - channelId: 790d89dc-075e-4de7-a924-51e636fd68ff
26-08-15 21:13:56.401 [Test worker] INFO  c.s.m.d.s.basic.BasicMessageService - 메시지 삭제 요청 - messageId: f698d1b9-b251-4c7b-afbf-2e8d41cc1b64
26-08-15 21:13:56.402 [Test worker] INFO  c.s.m.d.s.basic.BasicMessageService - 메시지 삭제 완료 - messageId: f698d1b9-b251-4c7b-afbf-2e8d41cc1b64
26-08-15 21:13:56.405 [Test worker] INFO  c.s.m.d.s.basic.BasicMessageService - 메시지 수정 요청 - messageId: 063f01b1-be69-48a2-87c2-1e0678a0d632
26-08-15 21:13:56.408 [Test worker] INFO  c.s.m.d.s.basic.BasicMessageService - 메시지 삭제 요청 - messageId: 50ff5dbc-5df4-457c-990e-2a1151ad2fd6
26-08-15 21:13:56.412 [Test worker] INFO  c.s.m.d.s.basic.BasicMessageService - 메시지 생성 요청 - channelId: 87b1e1ae-f890-48d5-938c-b08dfe7081d0, authorId: 777dec8d-5583-4e7a-9778-9122e88027b8
26-08-15 21:13:56.417 [Test worker] INFO  c.s.m.d.s.basic.BasicMessageService - 채널 메시지 목록 조회 요청 - channelId: cfb42eb3-56b3-4d5f-ad74-4439d65570bf
26-08-15 21:13:56.417 [Test worker] INFO  c.s.m.d.s.basic.BasicMessageService - 채널 메시지 목록 조회 완료 - 페이지: 0, 다음 페이지 여부: false
26-08-15 21:13:56.422 [Test worker] INFO  c.s.m.d.s.basic.BasicMessageService - 메시지 수정 요청 - messageId: b3281556-f46c-47ad-bc83-e92eb44fba51
26-08-15 21:13:56.423 [Test worker] INFO  c.s.m.d.s.basic.BasicMessageService - 메시지 수정 완료 - messageId: b3281556-f46c-47ad-bc83-e92eb44fba51
26-08-15 21:13:56.428 [Test worker] INFO  c.s.m.d.s.basic.BasicMessageService - 메시지 생성 요청 - channelId: 9756bf40-ed8e-40db-ab62-4d1abae1e399, authorId: e9e03910-cae1-4684-b211-b643bd634fcd
26-08-15 21:13:56.428 [Test worker] INFO  c.s.m.d.s.basic.BasicMessageService - 메시지 생성 완료 - messageId: null
26-08-15 21:13:56.534 [Test worker] INFO  c.s.m.d.s.basic.BasicUserService - 유저 삭제 요청 - userId: ed3f3bd0-3871-4641-8054-742af7b17e4a
26-08-15 21:13:56.534 [Test worker] INFO  c.s.m.d.s.basic.BasicUserService - 유저 삭제 완료 - userId: ed3f3bd0-3871-4641-8054-742af7b17e4a
26-08-15 21:13:56.537 [Test worker] INFO  c.s.m.d.s.basic.BasicUserService - 유저 삭제 요청 - userId: 854cb1bf-d043-4bea-a73a-52baf578c132
26-08-15 21:13:56.539 [Test worker] INFO  c.s.m.d.s.basic.BasicUserService - 유저 생성 요청 - username: duplicateUser, email: test@example.com
26-08-15 21:13:56.541 [Test worker] INFO  c.s.m.d.s.basic.BasicUserService - 유저 수정 요청 - userId: 23f5874e-ba8e-434a-894d-779bd1ea9964
26-08-15 21:13:56.541 [Test worker] INFO  c.s.m.d.s.basic.BasicUserService - 유저 수정 완료 - userId: 23f5874e-ba8e-434a-894d-779bd1ea9964
26-08-15 21:13:56.543 [Test worker] INFO  c.s.m.d.s.basic.BasicUserService - 유저 생성 요청 - username: testuser, email: test@example.com
26-08-15 21:13:56.543 [Test worker] INFO  c.s.m.d.s.basic.BasicUserService - 유저 생성 완료 - userId: null
26-08-15 21:13:56.545 [Test worker] INFO  c.s.m.d.s.basic.BasicUserService - 유저 수정 요청 - userId: fc4dce73-115f-492e-a081-048a9af12583
26-08-15 21:13:56.563 [SpringApplicationShutdownHook] INFO  o.s.o.j.LocalContainerEntityManagerFactoryBean - Closing JPA EntityManagerFactory for persistence unit 'default'
26-08-15 21:13:56.819 [SpringApplicationShutdownHook] DEBUG org.hibernate.SQL - 
    drop table if exists binary_contents cascade 
26-08-15 21:13:56.822 [SpringApplicationShutdownHook] DEBUG org.hibernate.SQL - 
    drop table if exists channels cascade 
26-08-15 21:13:56.822 [SpringApplicationShutdownHook] DEBUG org.hibernate.SQL - 
    drop table if exists message_attachments cascade 
26-08-15 21:13:56.823 [SpringApplicationShutdownHook] DEBUG org.hibernate.SQL - 
    drop table if exists messages cascade 
26-08-15 21:13:56.823 [SpringApplicationShutdownHook] DEBUG org.hibernate.SQL - 
    drop table if exists read_statuses cascade 
26-08-15 21:13:56.823 [SpringApplicationShutdownHook] DEBUG org.hibernate.SQL - 
    drop table if exists user_statuses cascade 
26-08-15 21:13:56.824 [SpringApplicationShutdownHook] DEBUG org.hibernate.SQL - 
    drop table if exists users cascade 
26-08-15 21:13:56.826 [SpringApplicationShutdownHook] INFO  com.zaxxer.hikari.HikariDataSource - HikariPool-1 - Shutdown initiated...
26-08-15 21:13:56.829 [SpringApplicationShutdownHook] INFO  com.zaxxer.hikari.HikariDataSource - HikariPool-1 - Shutdown completed.
26-08-15 21:13:56.830 [SpringApplicationShutdownHook] INFO  o.s.o.j.LocalContainerEntityManagerFactoryBean - Closing JPA EntityManagerFactory for persistence unit 'default'
26-08-15 21:13:56.830 [SpringApplicationShutdownHook] DEBUG org.hibernate.SQL - 
    drop table if exists binary_contents cascade 
26-08-15 21:13:56.831 [SpringApplicationShutdownHook] DEBUG org.hibernate.SQL - 
    drop table if exists channels cascade 
26-08-15 21:13:56.832 [SpringApplicationShutdownHook] DEBUG org.hibernate.SQL - 
    drop table if exists message_attachments cascade 
26-08-15 21:13:56.832 [SpringApplicationShutdownHook] DEBUG org.hibernate.SQL - 
    drop table if exists messages cascade 
26-08-15 21:13:56.833 [SpringApplicationShutdownHook] DEBUG org.hibernate.SQL - 
    drop table if exists read_statuses cascade 
26-08-15 21:13:56.833 [SpringApplicationShutdownHook] DEBUG org.hibernate.SQL - 
    drop table if exists user_statuses cascade 
26-08-15 21:13:56.833 [SpringApplicationShutdownHook] DEBUG org.hibernate.SQL - 
    drop table if exists users cascade 
